"ch_version","name","supports_settings","supports_skipping_indices","supports_projections","supports_sort_order","supports_ttl","supports_replication","supports_deduplication","supports_parallel_insert","description","syntax","examples","introduced_in","related"
"26.6.2.81","GCS",1,0,0,1,0,0,0,0,"The `GCS` engine provides integration with [Google Cloud Storage (GCS)](https://cloud.google.com/storage) through its Amazon S3-compatible API. It shares the implementation, parameters, and settings of the [`S3`](/engines/table-engines/integrations/s3) table engine; see that engine's documentation for the full description, parameters, examples, and settings.
","ENGINE = GCS(url [, NOSIGN | access_key_id, secret_access_key [, session_token]] [, format] [, compression])","","","['AzureBlobStorage','HDFS']"
"26.6.2.81","OSS",1,0,0,1,0,0,0,0,"The `OSS` engine provides integration with [Alibaba Cloud Object Storage Service (OSS)](https://www.alibabacloud.com/product/object-storage-service) through its Amazon S3-compatible API. It shares the implementation, parameters, and settings of the [`S3`](/engines/table-engines/integrations/s3) table engine; see that engine's documentation for the full description, parameters, examples, and settings.
","ENGINE = OSS(url [, NOSIGN | access_key_id, secret_access_key [, session_token]] [, format] [, compression])","","","['AzureBlobStorage','HDFS']"
"26.6.2.81","AzureBlobStorage",1,0,0,1,0,0,0,0,"
This engine provides an integration with [Azure Blob Storage](https://azure.microsoft.com/en-us/products/storage/blobs) ecosystem.

## Create table {#create-table}

```sql
CREATE TABLE azure_blob_storage_table (name String, value UInt32)
    ENGINE = AzureBlobStorage(connection_string|storage_account_url, container_name, blobpath, [account_name, account_key, format, compression, partition_strategy, partition_columns_in_data_file, extra_credentials(client_id=, tenant_id=)])
    [PARTITION BY expr]
    [SETTINGS ...]
```

### Engine parameters {#engine-parameters}

- `endpoint` — AzureBlobStorage endpoint URL with container & prefix. Optionally can contain account_name if the authentication method used needs it. (`http://azurite1:{port}/[account_name]{container_name}/{data_prefix}`) or these parameters can be provided separately using storage_account_url, account_name & container. For specifying prefix, endpoint should be used.
- `endpoint_contains_account_name` - This flag is used to specify if endpoint contains account_name as it is only needed for certain authentication methods. (Default : true)
- `connection_string|storage_account_url` — connection_string includes account name & key ([Create connection string](https://learn.microsoft.com/en-us/azure/storage/common/storage-configure-connection-string?toc=%2Fazure%2Fstorage%2Fblobs%2Ftoc.json&bc=%2Fazure%2Fstorage%2Fblobs%2Fbreadcrumb%2Ftoc.json#configure-a-connection-string-for-an-azure-storage-account)) or you could also provide the storage account url here and account name & account key as separate parameters (see parameters account_name & account_key)
- `container_name` - Container name
- `blobpath` - file path. Supports following wildcards in readonly mode: `*`, `**`, `?`, `{abc,def}` and `{N..M}` where `N`, `M` — numbers, `'abc'`, `'def'` — strings.
- `account_name` - if storage_account_url is used, then account name can be specified here
- `account_key` - if storage_account_url is used, then account key can be specified here
- `format` — The [format](/interfaces/formats.md) of the file.
- `compression` — Supported values: `none`, `gzip/gz`, `brotli/br`, `xz/LZMA`, `zstd/zst`. By default, it will autodetect compression by file extension. (same as setting to `auto`).
- `partition_strategy` – Options: `WILDCARD` or `HIVE`. `WILDCARD` requires a `{_partition_id}` in the path, which is replaced with the partition key. `HIVE` does not allow wildcards, assumes the path is the table root, and generates Hive-style partitioned directories with Snowflake IDs as filenames and the file format as the extension. Defaults to the `file_like_engine_default_partition_strategy` setting (`WILDCARD` under `compatibility` settings older than `26.6`, `HIVE` otherwise).
- `partition_columns_in_data_file` - Only used with `HIVE` partition strategy. Tells ClickHouse whether to expect partition columns to be written in the data file. Defaults `false`.
- `extra_credentials` - Use `client_id` and `tenant_id` for authentication. If extra_credentials are provided, they are given priority over `account_name` and `account_key`.

**Example**

Users can use the Azurite emulator for local Azure Storage development. Further details [here](https://learn.microsoft.com/en-us/azure/storage/common/storage-use-azurite?tabs=docker-hub%2Cblob-storage). If using a local instance of Azurite, users may need to substitute `http://localhost:10000` for `http://azurite1:10000` in the commands below, where we assume Azurite is available at host `azurite1`.

```sql
CREATE TABLE test_table (key UInt64, data String)
    ENGINE = AzureBlobStorage('DefaultEndpointsProtocol=http;AccountName=devstoreaccount1;AccountKey=Eby8vdM02xNOcqFlqUwJPLlmEtlCDXJ1OUzFT50uSRZ6IFsuFq2UVErCz4I6tq/K1SZFPTOtr/KBHBeksoGMGw==;BlobEndpoint=http://azurite1:10000/devstoreaccount1/;', 'testcontainer', 'test_table', 'CSV');

INSERT INTO test_table VALUES (1, 'a'), (2, 'b'), (3, 'c');

SELECT * FROM test_table;
```

```text
┌─key──┬─data──┐
│  1   │   a   │
│  2   │   b   │
│  3   │   c   │
└──────┴───────┘
```

## Virtual columns {#virtual-columns}

- `_path` — Path to the file. Type: `LowCardinality(String)`.
- `_file` — Name of the file. Type: `LowCardinality(String)`.
- `_size` — Size of the file in bytes. Type: `Nullable(UInt64)`. If the size is unknown, the value is `NULL`.
- `_time` — Last modified time of the file. Type: `Nullable(DateTime)`. If the time is unknown, the value is `NULL`.

## Authentication {#authentication}

Currently there are 3 ways to authenticate:
- `Managed Identity` - Can be used by providing an `endpoint`, `connection_string` or `storage_account_url`.
- `SAS Token` - Can be used by providing an `endpoint`, `connection_string` or `storage_account_url`. It is identified by presence of '?' in the url. See [azureBlobStorage](/sql-reference/table-functions/azureBlobStorage#using-shared-access-signatures-sas-sas-tokens) for examples.
- `Workload Identity` - Can be used by providing an `endpoint` or `storage_account_url`. If `use_workload_identity` parameter is set in config, ([workload identity](https://github.com/Azure/azure-sdk-for-cpp/tree/main/sdk/identity/azure-identity#authenticate-azure-hosted-applications)) is used for authentication.

### Data cache {#data-cache}

`Azure` table engine supports data caching on local disk.
See filesystem cache configuration options and usage in this [section](/operations/storing-data.md/#using-local-cache).
Caching is made depending on the path and ETag of the storage object, so clickhouse will not read a stale cache version.

To enable caching use a setting `filesystem_cache_name = '<name>'` and `enable_filesystem_cache = 1`.

```sql
SELECT *
FROM azureBlobStorage('DefaultEndpointsProtocol=http;AccountName=devstoreaccount1;AccountKey=Eby8vdM02xNOcqFlqUwJPLlmEtlCDXJ1OUzFT50uSRZ6IFsuFq2UVErCz4I6tq/K1SZFPTOtr/KBHBeksoGMGw==;BlobEndpoint=http://azurite1:10000/devstoreaccount1/;', 'testcontainer', 'test_table', 'CSV')
SETTINGS filesystem_cache_name = 'cache_for_azure', enable_filesystem_cache = 1;
```

1. add the following section to clickhouse configuration file:

```xml
<clickhouse>
    <filesystem_caches>
        <cache_for_azure>
            <path>path to cache directory</path>
            <max_size>10Gi</max_size>
        </cache_for_azure>
    </filesystem_caches>
</clickhouse>
```

2. reuse cache configuration (and therefore cache storage) from clickhouse `storage_configuration` section, [described here](/operations/storing-data.md/#using-local-cache)

### PARTITION BY {#partition-by}

`PARTITION BY` — Optional. In most cases you don't need a partition key, and if it is needed you generally don't need a partition key more granular than by month. Partitioning does not speed up queries (in contrast to the ORDER BY expression). You should never use too granular partitioning. Don't partition your data by client identifiers or names (instead, make client identifier or name the first column in the ORDER BY expression).

For partitioning by month, use the `toYYYYMM(date_column)` expression, where `date_column` is a column with a date of the type [Date](/sql-reference/data-types/date.md). The partition names here have the `""YYYYMM""` format.

#### Partition strategy {#partition-strategy}

`WILDCARD`: Replaces the `{_partition_id}` wildcard in the file path with the actual partition key. Reading is not supported.

`HIVE` (the default) implements hive style partitioning for reads & writes. Reading is implemented using a recursive glob pattern. Writing generates files using the following format: `<prefix>/<key1=val1/key2=val2...>/<snowflakeid>.<toLower(file_format)>`.

Note: When using `HIVE` partition strategy, the `use_hive_partitioning` setting has no effect.

Example of `HIVE` partition strategy:

```sql
arthur :) create table azure_table (year UInt16, country String, counter UInt8) ENGINE=AzureBlobStorage(account_name='devstoreaccount1', account_key='Eby8vdM02xNOcqFlqUwJPLlmEtlCDXJ1OUzFT50uSRZ6IFsuFq2UVErCz4I6tq/K1SZFPTOtr/KBHBeksoGMGw==', storage_account_url = 'http://localhost:30000/devstoreaccount1', container='cont', blob_path='hive_partitioned', format='Parquet', compression='auto', partition_strategy='hive') PARTITION BY (year, country);

arthur :) insert into azure_table values (2020, 'Russia', 1), (2021, 'Brazil', 2);

arthur :) select _path, * from azure_table;

┌─_path──────────────────────────────────────────────────────────────────────┬─year─┬─country─┬─counter─┐
│ cont/hive_partitioned/year=2020/country=Russia/7351305360873664512.parquet │ 2020 │ Russia  │       1 │
│ cont/hive_partitioned/year=2021/country=Brazil/7351305360894636032.parquet │ 2021 │ Brazil  │       2 │
└────────────────────────────────────────────────────────────────────────────┴──────┴─────────┴─────────┘
```

## See also {#see-also}

[Azure Blob Storage Table Function](/sql-reference/table-functions/azureBlobStorage)
","ENGINE = AzureBlobStorage(connection_string | storage_account_url, container_name, blobpath, [account_name, account_key,] format [, compression])","","","['S3','HDFS']"
"26.6.2.81","KeeperMap",0,0,0,1,0,0,0,1,"
This engine allows you to use Keeper/ZooKeeper cluster as consistent key-value store with linearizable writes and sequentially consistent reads.

To enable KeeperMap storage engine, you need to define a ZooKeeper path where the tables will be stored using `<keeper_map_path_prefix>` config.

For example:

```xml
<clickhouse>
    <keeper_map_path_prefix>/keeper_map_tables</keeper_map_path_prefix>
</clickhouse>
```

where path can be any other valid ZooKeeper path.

## Creating a table {#creating-a-table}

```sql
CREATE TABLE [IF NOT EXISTS] [db.]table_name [ON CLUSTER cluster]
(
    name1 [type1] [DEFAULT|MATERIALIZED|ALIAS expr1],
    name2 [type2] [DEFAULT|MATERIALIZED|ALIAS expr2],
    ...
) ENGINE = KeeperMap(root_path, [keys_limit]) PRIMARY KEY(primary_key_name)
```

Engine parameters:

- `root_path` - ZooKeeper path where the `table_name` will be stored.
This path should not contain the prefix defined by `<keeper_map_path_prefix>` config because the prefix will be automatically appended to the `root_path`.
Additionally, format of `auxiliary_zookeeper_cluster_name:/some/path` is also supported where `auxiliary_zookeeper_cluster` is a ZooKeeper cluster defined inside `<auxiliary_zookeepers>` config.
By default, ZooKeeper cluster defined inside `<zookeeper>` config is used.
- `keys_limit` - number of keys allowed inside the table.
This limit is a soft limit and it can be possible that more keys will end up in the table for some edge cases.
- `primary_key_name` – any column name in the column list.
- `primary key` must be specified, it supports only one column in the primary key. The primary key will be serialized in binary as a `node name` inside ZooKeeper.
- columns other than the primary key will be serialized to binary in corresponding order and stored as a value of the resulting node defined by the serialized key.
- queries with key `equals` or `in` filtering will be optimized to multi keys lookup from `Keeper`, otherwise all values will be fetched.

Example:

```sql
CREATE TABLE keeper_map_table
(
    `key` String,
    `v1` UInt32,
    `v2` String,
    `v3` Float32
)
ENGINE = KeeperMap('/keeper_map_table', 4)
PRIMARY KEY key
```

with

```xml
<clickhouse>
    <keeper_map_path_prefix>/keeper_map_tables</keeper_map_path_prefix>
</clickhouse>
```

Each value, which is binary serialization of `(v1, v2, v3)`, will be stored inside `/keeper_map_tables/keeper_map_table/data/serialized_key` in `Keeper`.
Additionally, number of keys will have a soft limit of 4 for the number of keys.

If multiple tables are created on the same ZooKeeper path, the values are persisted until there exists at least 1 table using it.
As a result, it is possible to use `ON CLUSTER` clause when creating the table and sharing the data from multiple ClickHouse instances.
Of course, it's possible to manually run `CREATE TABLE` with same path on unrelated ClickHouse instances to have same data sharing effect.

## Supported operations {#supported-operations}

### Inserts {#inserts}

When new rows are inserted into `KeeperMap`, if the key does not exist, a new entry for the key is created.
If the key exists, and setting `keeper_map_strict_mode` is set to `true`, an exception is thrown, otherwise, the value for the key is overwritten.

Example:

```sql
INSERT INTO keeper_map_table VALUES ('some key', 1, 'value', 3.2);
```

### Deletes {#deletes}

Rows can be deleted using `DELETE` query or `TRUNCATE`.
If the key exists, and setting `keeper_map_strict_mode` is set to `true`, fetching and deleting data will succeed only if it can be executed atomically.

```sql
DELETE FROM keeper_map_table WHERE key LIKE 'some%' AND v1 > 1;
```

```sql
ALTER TABLE keeper_map_table DELETE WHERE key LIKE 'some%' AND v1 > 1;
```

```sql
TRUNCATE TABLE keeper_map_table;
```

### Updates {#updates}

Values can be updated using `ALTER TABLE` query. Primary key cannot be updated.
If setting `keeper_map_strict_mode` is set to `true`, fetching and updating data will succeed only if it's executed atomically.

```sql
ALTER TABLE keeper_map_table UPDATE v1 = v1 * 10 + 2 WHERE key LIKE 'some%' AND v3 > 3.1;
```

## Related content {#related-content}

- Blog: [Building a Real-time Analytics Apps with ClickHouse and Hex](https://clickhouse.com/blog/building-real-time-applications-with-clickhouse-and-hex-notebook-keeper-engine)
","ENGINE = KeeperMap(root_path[, keys_limit]) PRIMARY KEY(primary_key_name)","","","[]"
"26.6.2.81","S3",1,0,0,1,0,0,0,0,"
This engine provides integration with the [Amazon S3](https://aws.amazon.com/s3/) ecosystem. This engine is similar to the [HDFS](/engines/table-engines/integrations/hdfs) engine, but provides S3-specific features.

## Example {#example}

```sql
CREATE TABLE s3_engine_table (name String, value UInt32)
    ENGINE=S3('https://clickhouse-public-datasets.s3.amazonaws.com/my-test-bucket-768/test-data.csv.gz', 'CSV', 'gzip')
    SETTINGS input_format_with_names_use_header = 0;

INSERT INTO s3_engine_table VALUES ('one', 1), ('two', 2), ('three', 3);

SELECT * FROM s3_engine_table LIMIT 2;
```

```text
┌─name─┬─value─┐
│ one  │     1 │
│ two  │     2 │
└──────┴───────┘
```

## Create a table {#creating-a-table}

```sql
CREATE TABLE s3_engine_table (name String, value UInt32)
    ENGINE = S3(path [, NOSIGN | aws_access_key_id, aws_secret_access_key,] format, [compression], [partition_strategy], [partition_columns_in_data_file], [extra_credentials])
    [PARTITION BY expr]
    [SETTINGS ...]
```

### Engine parameters {#parameters}

- `path` — Bucket url with path to file. Supports following wildcards in readonly mode: `*`, `**`, `?`, `{abc,def}` and `{N..M}` where `N`, `M` — numbers, `'abc'`, `'def'` — strings. For more information see [below](#wildcards-in-path).
- `NOSIGN` - If this keyword is provided in place of credentials, all the requests will not be signed.
- `format` — The [format](/sql-reference/formats#formats-overview) of the file.
- `aws_access_key_id`, `aws_secret_access_key` - Long-term credentials for the [AWS](https://aws.amazon.com/) account user.  You can use these to authenticate your requests. Parameter is optional. If credentials are not specified, they are used from the configuration file. For more information see [Using S3 for Data Storage](../mergetree-family/mergetree.md#table_engine-mergetree-s3).
- `compression` — Compression type. Supported values: `none`, `gzip/gz`, `brotli/br`, `xz/LZMA`, `zstd/zst`. Parameter is optional. By default, it will auto-detect compression by file extension.
- `partition_strategy` – Options: `WILDCARD` or `HIVE`. `WILDCARD` requires a `{_partition_id}` in the path, which is replaced with the partition key. `HIVE` does not allow wildcards, assumes the path is the table root, and generates Hive-style partitioned directories with Snowflake IDs as filenames and the file format as the extension. Defaults to the `file_like_engine_default_partition_strategy` setting (`WILDCARD` under `compatibility` settings older than `26.6`, `HIVE` otherwise).
- `partition_columns_in_data_file` - Only used with `HIVE` partition strategy. Tells ClickHouse whether to expect partition columns to be written in the data file. Defaults `false`.
- `storage_class_name` - Options: `STANDARD` or `INTELLIGENT_TIERING`, allow to specify [AWS S3 Intelligent Tiering](https://aws.amazon.com/s3/storage-classes/intelligent-tiering/).
- `extra_credentials` - Optional. Used to pass a `role_arn` for role-based access in ClickHouse Cloud. See [Secure S3](/cloud/data-sources/secure-s3) for configuration steps.

### Data cache {#data-cache}

`S3` table engine supports data caching on local disk.
See filesystem cache configuration options and usage in this [section](/operations/storing-data.md/#using-local-cache).
Caching is made depending on the path and ETag of the storage object, so clickhouse will not read a stale cache version.

To enable caching use a setting `filesystem_cache_name = '<name>'` and `enable_filesystem_cache = 1`.

```sql
SELECT *
FROM s3('http://minio:10000/clickhouse//test_3.csv', 'minioadmin', 'minioadminpassword', 'CSV')
SETTINGS filesystem_cache_name = 'cache_for_s3', enable_filesystem_cache = 1;
```

There are two ways to define cache in configuration file.

1. add the following section to clickhouse configuration file:

```xml
<clickhouse>
    <filesystem_caches>
        <cache_for_s3>
            <path>path to cache directory</path>
            <max_size>10Gi</max_size>
        </cache_for_s3>
    </filesystem_caches>
</clickhouse>
```

2. reuse cache configuration (and therefore cache storage) from clickhouse `storage_configuration` section, [described here](/operations/storing-data.md/#using-local-cache)

### PARTITION BY {#partition-by}

`PARTITION BY` — Optional. In most cases you don't need a partition key, and if it is needed you generally don't need a partition key more granular than by month. Partitioning does not speed up queries (in contrast to the ORDER BY expression). You should never use too granular partitioning. Don't partition your data by client identifiers or names (instead, make client identifier or name the first column in the ORDER BY expression).

For partitioning by month, use the `toYYYYMM(date_column)` expression, where `date_column` is a column with a date of the type [Date](/sql-reference/data-types/date.md). The partition names here have the `""YYYYMM""` format.

#### Partition strategy {#partition-strategy}

`WILDCARD`: Replaces the `{_partition_id}` wildcard in the file path with the actual partition key. Reading is not supported.

`HIVE` (the default) implements hive style partitioning for reads & writes. Reading is implemented using a recursive glob pattern, it is equivalent to `SELECT * FROM s3('table_root/**.parquet')`.
Writing generates files using the following format: `<prefix>/<key1=val1/key2=val2...>/<snowflakeid>.<toLower(file_format)>`.

Note: When using `HIVE` partition strategy, the `use_hive_partitioning` setting has no effect.

Example of `HIVE` partition strategy:

```sql
arthur :) CREATE TABLE t_03363_parquet (year UInt16, country String, counter UInt8)
ENGINE = S3(s3_conn, filename = 't_03363_parquet', format = Parquet, partition_strategy='hive')
PARTITION BY (year, country);

arthur :) INSERT INTO t_03363_parquet VALUES
    (2022, 'USA', 1),
    (2022, 'Canada', 2),
    (2023, 'USA', 3),
    (2023, 'Mexico', 4),
    (2024, 'France', 5),
    (2024, 'Germany', 6),
    (2024, 'Germany', 7),
    (1999, 'Brazil', 8),
    (2100, 'Japan', 9),
    (2024, 'CN', 10),
    (2025, '', 11);

arthur :) select _path, * from t_03363_parquet;

┌─_path──────────────────────────────────────────────────────────────────────┬─year─┬─country─┬─counter─┐
│ test/t_03363_parquet/year=2100/country=Japan/7329604473272971264.parquet   │ 2100 │ Japan   │       9 │
│ test/t_03363_parquet/year=2024/country=France/7329604473323302912.parquet  │ 2024 │ France  │       5 │
│ test/t_03363_parquet/year=2022/country=Canada/7329604473314914304.parquet  │ 2022 │ Canada  │       2 │
│ test/t_03363_parquet/year=1999/country=Brazil/7329604473289748480.parquet  │ 1999 │ Brazil  │       8 │
│ test/t_03363_parquet/year=2023/country=Mexico/7329604473293942784.parquet  │ 2023 │ Mexico  │       4 │
│ test/t_03363_parquet/year=2023/country=USA/7329604473319108608.parquet     │ 2023 │ USA     │       3 │
│ test/t_03363_parquet/year=2025/country=/7329604473327497216.parquet        │ 2025 │         │      11 │
│ test/t_03363_parquet/year=2024/country=CN/7329604473310720000.parquet      │ 2024 │ CN      │      10 │
│ test/t_03363_parquet/year=2022/country=USA/7329604473298137088.parquet     │ 2022 │ USA     │       1 │
│ test/t_03363_parquet/year=2024/country=Germany/7329604473306525696.parquet │ 2024 │ Germany │       6 │
│ test/t_03363_parquet/year=2024/country=Germany/7329604473306525696.parquet │ 2024 │ Germany │       7 │
└────────────────────────────────────────────────────────────────────────────┴──────┴─────────┴─────────┘
```

### Querying partitioned data {#querying-partitioned-data}

This example uses the [docker compose recipe](https://github.com/ClickHouse/examples/tree/5fdc6ff72f4e5137e23ea075c88d3f44b0202490/docker-compose-recipes/recipes/ch-and-minio-S3), which integrates ClickHouse and MinIO.  You should be able to reproduce the same queries using S3 by replacing the endpoint and authentication values.

Notice that the S3 endpoint in the `ENGINE` configuration uses the parameter token `{_partition_id}` as part of the S3 object (filename), and that the SELECT queries select against those resulting object names (e.g., `test_3.csv`).

:::note
As shown in the example, querying from S3 tables that are partitioned is
not directly supported at this time, but can be accomplished by querying the individual partitions
using the S3 table function.

The primary use-case for writing
partitioned data in S3 is to enable transferring that data into another
ClickHouse system (for example, moving from on-prem systems to ClickHouse
Cloud).  Because ClickHouse datasets are often very large, and network
reliability is sometimes imperfect it makes sense to transfer datasets
in subsets, hence partitioned writes.
:::

#### Create the table {#create-the-table}
```sql
CREATE TABLE p
(
    `column1` UInt32,
    `column2` UInt32,
    `column3` UInt32
)
ENGINE = S3(
-- highlight-next-line
           'http://minio:10000/clickhouse//test_{_partition_id}.csv',
           'minioadmin',
           'minioadminpassword',
           'CSV')
PARTITION BY column3
```

#### Insert data {#insert-data}
```sql
INSERT INTO p VALUES (1, 2, 3), (3, 2, 1), (78, 43, 45)
```

#### Select from partition 3 {#select-from-partition-3}

:::tip
This query uses the s3 table function
:::

```sql
SELECT *
FROM s3('http://minio:10000/clickhouse//test_3.csv', 'minioadmin', 'minioadminpassword', 'CSV')
```
```response
┌─c1─┬─c2─┬─c3─┐
│  1 │  2 │  3 │
└────┴────┴────┘
```

#### Select from partition 1 {#select-from-partition-1}
```sql
SELECT *
FROM s3('http://minio:10000/clickhouse//test_1.csv', 'minioadmin', 'minioadminpassword', 'CSV')
```
```response
┌─c1─┬─c2─┬─c3─┐
│  3 │  2 │  1 │
└────┴────┴────┘
```

#### Select from partition 45 {#select-from-partition-45}
```sql
SELECT *
FROM s3('http://minio:10000/clickhouse//test_45.csv', 'minioadmin', 'minioadminpassword', 'CSV')
```
```response
┌─c1─┬─c2─┬─c3─┐
│ 78 │ 43 │ 45 │
└────┴────┴────┘
```

#### Limitation {#limitation}

You may naturally try to `Select * from p`, but as noted above, this query will fail; use the preceding query.

```sql
SELECT * FROM p
```
```response
Received exception from server (version 23.4.1):
Code: 48. DB::Exception: Received from localhost:9000. DB::Exception: Reading from a partitioned S3 storage is not implemented yet. (NOT_IMPLEMENTED)
```

## Insert data {#inserting-data}

Note that rows can only be inserted into new files. There are no merge cycles or file split operations. Once a file is written, subsequent inserts will fail. To avoid this you can use `s3_truncate_on_insert` and `s3_create_new_file_on_insert` settings. See more details [here](/integrations/s3#inserting-data).

## Virtual columns {#virtual-columns}

- `_path` — Path to the file. Type: `LowCardinality(String)`.
- `_file` — Name of the file. Type: `LowCardinality(String)`.
- `_size` — Size of the file in bytes. Type: `Nullable(UInt64)`. If the size is unknown, the value is `NULL`.
- `_time` — Last modified time of the file. Type: `Nullable(DateTime)`. If the time is unknown, the value is `NULL`.
- `_etag` — ETag of the file. Type: `LowCardinality(String)`. If the etag is unknown, the value is `NULL`.
- `_tags` — Tags of the file. Type: `Map(String, String)`. If no tag exist, the value is an empty map `{}'.

For more information about virtual columns see [here](../../../engines/table-engines/index.md#table_engines-virtual_columns).

## Implementation details {#implementation-details}

- Reads and writes can be parallel
- Not supported:
  - `ALTER` and `SELECT...SAMPLE` operations.
  - Indexes.
  - [Zero-copy](../../../operations/storing-data.md#zero-copy) replication is possible, but not supported.

:::note Zero-copy replication is not ready for production
Zero-copy replication is disabled by default in ClickHouse version 22.8 and higher.  This feature is not recommended for production use.
:::

## Wildcards in path {#wildcards-in-path}

`path` argument can specify multiple files using bash-like wildcards. For being processed file should exist and match to the whole path pattern. Listing of files is determined during `SELECT` (not at `CREATE` moment).

- `*` — Substitutes any number of any characters except `/` including empty string.
- `**` — Substitutes any number of any character include `/` including empty string.
- `?` — Substitutes any single character.
- `{some_string,another_string,yet_another_one}` — Substitutes any of strings `'some_string', 'another_string', 'yet_another_one'`.
- `{N..M}` — Substitutes any number in range from N to M including both borders. N and M can have leading zeroes e.g. `000..078`.

Constructions with `{}` are similar to the [remote](../../../sql-reference/table-functions/remote.md) table function.

:::note
If the listing of files contains number ranges with leading zeros, use the construction with braces for each digit separately or use `?`.
:::

**Example with wildcards 1**

Create table with files named `file-000.csv`, `file-001.csv`, ... , `file-999.csv`:

```sql
CREATE TABLE big_table (name String, value UInt32)
    ENGINE = S3('https://clickhouse-public-datasets.s3.amazonaws.com/my-bucket/my_folder/file-{000..999}.csv', 'CSV');
```

**Example with wildcards 2**

Suppose we have several files in CSV format with the following URIs on S3:

- 'https://clickhouse-public-datasets.s3.amazonaws.com/my-bucket/some_folder/some_file_1.csv'
- 'https://clickhouse-public-datasets.s3.amazonaws.com/my-bucket/some_folder/some_file_2.csv'
- 'https://clickhouse-public-datasets.s3.amazonaws.com/my-bucket/some_folder/some_file_3.csv'
- 'https://clickhouse-public-datasets.s3.amazonaws.com/my-bucket/another_folder/some_file_1.csv'
- 'https://clickhouse-public-datasets.s3.amazonaws.com/my-bucket/another_folder/some_file_2.csv'
- 'https://clickhouse-public-datasets.s3.amazonaws.com/my-bucket/another_folder/some_file_3.csv'

There are several ways to make a table consisting of all six files:

1. Specify the range of file postfixes:

```sql
CREATE TABLE table_with_range (name String, value UInt32)
    ENGINE = S3('https://clickhouse-public-datasets.s3.amazonaws.com/my-bucket/{some,another}_folder/some_file_{1..3}', 'CSV');
```

2. Take all files with `some_file_` prefix (there should be no extra files with such prefix in both folders):

```sql
CREATE TABLE table_with_question_mark (name String, value UInt32)
    ENGINE = S3('https://clickhouse-public-datasets.s3.amazonaws.com/my-bucket/{some,another}_folder/some_file_?', 'CSV');
```

3. Take all the files in both folders (all files should satisfy format and schema described in query):

```sql
CREATE TABLE table_with_asterisk (name String, value UInt32)
    ENGINE = S3('https://clickhouse-public-datasets.s3.amazonaws.com/my-bucket/{some,another}_folder/*', 'CSV');
```

## Storage settings {#storage-settings}

- [s3_truncate_on_insert](/operations/settings/settings.md#s3_truncate_on_insert) - allows to truncate file before insert into it. Disabled by default.
- [s3_create_new_file_on_insert](/operations/settings/settings.md#s3_create_new_file_on_insert) - allows to create a new file on each insert if format has suffix. Disabled by default.
- [s3_skip_empty_files](/operations/settings/settings.md#s3_skip_empty_files) - allows to skip empty files while reading. Enabled by default.

## S3-related settings {#settings}

The following settings can be set before query execution or placed into configuration file.

- `s3_max_single_part_upload_size` — The maximum size of object to upload using singlepart upload to S3. Default value is `32Mb`.
- `s3_min_upload_part_size` — The minimum size of part to upload during multipart upload to [S3 Multipart upload](https://docs.aws.amazon.com/AmazonS3/latest/dev/uploadobjusingmpu.html). Default value is `16Mb`.
- `s3_max_redirects` — Max number of S3 redirects hops allowed. Default value is `10`.
- `s3_single_read_retries` — The maximum number of attempts during single read. Default value is `4`.
- `s3_max_put_rps` — Maximum PUT requests per second rate before throttling. Default value is `0` (unlimited).
- `s3_max_put_burst` — Max number of requests that can be issued simultaneously before hitting request per second limit. By default (`0` value) equals to `s3_max_put_rps`.
- `s3_max_get_rps` — Maximum GET requests per second rate before throttling. Default value is `0` (unlimited).
- `s3_max_get_burst` — Max number of requests that can be issued simultaneously before hitting request per second limit. By default (`0` value) equals to `s3_max_get_rps`.
- `s3_upload_part_size_multiply_factor` - Multiply `s3_min_upload_part_size` by this factor each time `s3_multiply_parts_count_threshold` parts were uploaded from a single write to S3. Default values is `2`.
- `s3_upload_part_size_multiply_parts_count_threshold` - Each time this number of parts was uploaded to S3, `s3_min_upload_part_size` is multiplied by `s3_upload_part_size_multiply_factor`. Default value is `500`.
- `s3_max_inflight_parts_for_one_file` - Limits the number of put requests that can be run concurrently for one object. Its number should be limited. The value `0` means unlimited. Default value is `20`. Each in-flight part has a buffer with size `s3_min_upload_part_size` for the first `s3_upload_part_size_multiply_factor` parts and more when file is big enough, see `upload_part_size_multiply_factor`. With default settings one uploaded file consumes not more than `320Mb` for a file which is less than `8G`. The consumption is greater for a larger file.

Security consideration: if malicious user can specify arbitrary S3 URLs, `s3_max_redirects` must be set to zero to avoid [SSRF](https://en.wikipedia.org/wiki/Server-side_request_forgery) attacks; or alternatively, `remote_host_filter` must be specified in server configuration.

## Endpoint-based settings {#endpoint-settings}

The following settings can be specified in configuration file for given endpoint (which will be matched by exact prefix of a URL):

- `endpoint` — Specifies prefix of an endpoint. Mandatory.
- `access_key_id` and `secret_access_key` — Specifies credentials to use with given endpoint. Optional.
- `use_environment_credentials` — If set to `true`, S3 client will try to obtain credentials from environment variables and [Amazon EC2](https://en.wikipedia.org/wiki/Amazon_Elastic_Compute_Cloud) metadata for given endpoint. Optional, default value is `false`.
- `region` — Specifies S3 region name. Optional.
- `use_insecure_imds_request` — If set to `true`, S3 client will use insecure IMDS request while obtaining credentials from Amazon EC2 metadata. Optional, default value is `false`.
- `expiration_window_seconds` — Grace period for checking if expiration-based credentials have expired. Optional, default value is `120`.
- `no_sign_request` - Ignore all the credentials so requests are not signed. Useful for accessing public buckets.
- `header` —  Adds specified HTTP header to a request to given endpoint. Optional, can be specified multiple times.
- `access_header` - Adds specified HTTP header to a request to given endpoint, in cases where there are no other credentials from another source.
- `server_side_encryption_customer_key_base64` — If specified, required headers for accessing S3 objects with SSE-C encryption will be set. Optional.
- `server_side_encryption_kms_key_id` - If specified, required headers for accessing S3 objects with [SSE-KMS encryption](https://docs.aws.amazon.com/AmazonS3/latest/userguide/UsingKMSEncryption.html) will be set. If an empty string is specified, the AWS managed S3 key will be used. Optional.
- `server_side_encryption_kms_encryption_context` - If specified alongside `server_side_encryption_kms_key_id`, the given encryption context header for SSE-KMS will be set. Optional.
- `server_side_encryption_kms_bucket_key_enabled` - If specified alongside `server_side_encryption_kms_key_id`, the header to enable S3 bucket keys for SSE-KMS will be set. Optional, can be `true` or `false`, defaults to nothing (matches the bucket-level setting).
- `max_single_read_retries` — The maximum number of attempts during single read. Default value is `4`. Optional.
- `max_put_rps`, `max_put_burst`, `max_get_rps` and `max_get_burst` - Throttling settings (see description above) to use for specific endpoint instead of per query. Optional.

**Example:**

```xml
<s3>
    <endpoint-name>
        <endpoint>https://clickhouse-public-datasets.s3.amazonaws.com/my-test-bucket-768/</endpoint>
        <!-- <access_key_id>ACCESS_KEY_ID</access_key_id> -->
        <!-- <secret_access_key>SECRET_ACCESS_KEY</secret_access_key> -->
        <!-- <region>us-west-1</region> -->
        <!-- <use_environment_credentials>false</use_environment_credentials> -->
        <!-- <use_insecure_imds_request>false</use_insecure_imds_request> -->
        <!-- <expiration_window_seconds>120</expiration_window_seconds> -->
        <!-- <no_sign_request>false</no_sign_request> -->
        <!-- <header>Authorization: Bearer SOME-TOKEN</header> -->
        <!-- <server_side_encryption_customer_key_base64>BASE64-ENCODED-KEY</server_side_encryption_customer_key_base64> -->
        <!-- <server_side_encryption_kms_key_id>KMS_KEY_ID</server_side_encryption_kms_key_id> -->
        <!-- <server_side_encryption_kms_encryption_context>KMS_ENCRYPTION_CONTEXT</server_side_encryption_kms_encryption_context> -->
        <!-- <server_side_encryption_kms_bucket_key_enabled>true</server_side_encryption_kms_bucket_key_enabled> -->
        <!-- <max_single_read_retries>4</max_single_read_retries> -->
    </endpoint-name>
</s3>
```

## Working with archives {#working-with-archives}

Suppose that we have several archive files with following URIs on S3:

- 'https://s3-us-west-1.amazonaws.com/umbrella-static/top-1m-2018-01-10.csv.zip'
- 'https://s3-us-west-1.amazonaws.com/umbrella-static/top-1m-2018-01-11.csv.zip'
- 'https://s3-us-west-1.amazonaws.com/umbrella-static/top-1m-2018-01-12.csv.zip'

Extracting data from these archives is possible using ::. Globs can be used both in the url part as well as in the part after :: (responsible for the name of a file inside the archive).

```sql
SELECT *
FROM s3(
   'https://s3-us-west-1.amazonaws.com/umbrella-static/top-1m-2018-01-1{0..2}.csv.zip :: *.csv'
);
```

:::note
ClickHouse supports three archive formats:
ZIP
TAR
7Z
While ZIP and TAR archives can be accessed from any supported storage location, 7Z archives can only be read from the local filesystem where ClickHouse is installed.
:::

## Accessing public buckets {#accessing-public-buckets}

ClickHouse tries to fetch credentials from many different types of sources.
Sometimes, it can produce problems when accessing some buckets that are public causing the client to return `403` error code.
This issue can be avoided by using `NOSIGN` keyword, forcing the client to ignore all the credentials, and not sign the requests.

```sql
CREATE TABLE big_table (name String, value UInt32)
    ENGINE = S3('https://datasets-documentation.s3.eu-west-3.amazonaws.com/aapl_stock.csv', NOSIGN, 'CSVWithNames');
```

## Optimizing performance {#optimizing-performance}

For details on optimizing the performance of the s3 function see [our detailed guide](/integrations/s3/performance).

## Role-based access {#role-based-access}

In ClickHouse Cloud, you can use role-based access to authenticate with S3 instead of using access keys. See [Secure S3](/cloud/data-sources/secure-s3) for configuration steps.

Once configured, a `roleARN` can be passed via an `extra_credentials` parameter:

```sql
CREATE TABLE my_s3_table(name String, value UInt32)
ENGINE = S3('https://my-bucket.s3.amazonaws.com/data/*.csv', extra_credentials(role_arn = 'arn:aws:iam::111111111111:role/ClickHouseAccessRole-001'), 'CSV')
```

## See also {#see-also}

- [s3 table function](../../../sql-reference/table-functions/s3.md)
- [Integrating S3 with ClickHouse](/integrations/s3)
","ENGINE = S3(url [, NOSIGN | access_key_id, secret_access_key [, session_token]] [, format] [, compression])","","","['AzureBlobStorage','HDFS']"
"26.6.2.81","MaterializedPostgreSQL",1,0,0,1,0,0,0,0,"
import ExperimentalBadge from '@theme/badges/ExperimentalBadge';
import CloudNotSupportedBadge from '@theme/badges/CloudNotSupportedBadge';

# MaterializedPostgreSQL table engine

<ExperimentalBadge/>
<CloudNotSupportedBadge/>

:::note
ClickHouse Cloud users are recommended to use [ClickPipes](/integrations/clickpipes) for PostgreSQL replication to ClickHouse. This natively supports high-performance Change Data Capture (CDC) for PostgreSQL.
:::

Creates ClickHouse table with an initial data dump of PostgreSQL table and starts the replication process, i.e. it executes a background job to apply new changes as they happen on PostgreSQL table in the remote PostgreSQL database.

:::note
This table engine is experimental. To use it, set `allow_experimental_materialized_postgresql_table` to 1 in your configuration files or by using the `SET` command:

```sql
SET allow_experimental_materialized_postgresql_table=1
```
:::

If more than one table is required, it is highly recommended to use the [MaterializedPostgreSQL](../../../engines/database-engines/materialized-postgresql.md) database engine instead of the table engine and use the `materialized_postgresql_tables_list` setting, which specifies the tables to be replicated (will also be possible to add database `schema`). It will be much better in terms of CPU, fewer connections and fewer replication slots inside the remote PostgreSQL database.

## Creating a table {#creating-a-table}

```sql
CREATE TABLE postgresql_db.postgresql_replica (key UInt64, value UInt64)
ENGINE = MaterializedPostgreSQL('postgres1:5432', 'postgres_database', 'postgresql_table', 'postgres_user', 'postgres_password')
PRIMARY KEY key;
```

**Engine Parameters**

- `host:port` — PostgreSQL server address.
- `database` — Remote database name.
- `table` — Remote table name.
- `user` — PostgreSQL user.
- `password` — User password.

## Requirements {#requirements}

1. The [wal_level](https://www.postgresql.org/docs/current/runtime-config-wal.html) setting must have a value `logical` and `max_replication_slots` parameter must have a value at least `2` in the PostgreSQL config file.

2. A table with `MaterializedPostgreSQL` engine must have a primary key — the same as a replica identity index (by default: primary key) of a PostgreSQL table (see [details on replica identity index](../../../engines/database-engines/materialized-postgresql.md#requirements)).

3. Only database [Atomic](https://en.wikipedia.org/wiki/Atomicity_(database_systems)) is allowed.

4. The `MaterializedPostgreSQL` table engine only works for PostgreSQL versions >= 11 as the implementation requires the [pg_replication_slot_advance](https://pgpedia.info/p/pg_replication_slot_advance.html) PostgreSQL function.

## Virtual columns {#virtual-columns}

- `_version` — Transaction counter. Type: [UInt64](../../../sql-reference/data-types/int-uint.md).

- `_sign` — Deletion mark. Type: [Int8](../../../sql-reference/data-types/int-uint.md). Possible values:
  - `1` — Row is not deleted,
  - `-1` — Row is deleted.

These columns do not need to be added when a table is created. They are always accessible in `SELECT` query.
`_version` column equals `LSN` position in `WAL`, so it might be used to check how up-to-date replication is.

```sql
CREATE TABLE postgresql_db.postgresql_replica (key UInt64, value UInt64)
ENGINE = MaterializedPostgreSQL('postgres1:5432', 'postgres_database', 'postgresql_replica', 'postgres_user', 'postgres_password')
PRIMARY KEY key;

SELECT key, value, _version FROM postgresql_db.postgresql_replica;
```

:::note
Replication of [**TOAST**](https://www.postgresql.org/docs/9.5/storage-toast.html) values is not supported. The default value for the data type will be used.
:::
","ENGINE = MaterializedPostgreSQL('host:port', 'database', 'table', 'user', 'password') ORDER BY key","","","['PostgreSQL']"
"26.6.2.81","PostgreSQL",0,0,0,0,0,0,0,0,"
The PostgreSQL engine allows `SELECT` and `INSERT` queries on data stored on a remote PostgreSQL server.

:::note
Currently, only PostgreSQL versions 12 and up are supported for the table engine.
:::

:::tip
Check out our [Managed Postgres](/docs/cloud/managed-postgres) service. Backed by NVMe storage that is physically co-located with compute, it delivers up to 10x faster performance for workloads that are disk-bound compared to alternatives using network-attached storage like EBS and allows you to replicate your Postgres data to ClickHouse using the Postgres CDC connector in ClickPipes.
:::

## Creating a table {#creating-a-table}

```sql
CREATE TABLE [IF NOT EXISTS] [db.]table_name [ON CLUSTER cluster]
(
    name1 type1 [DEFAULT|MATERIALIZED|ALIAS expr1],
    name2 type2 [DEFAULT|MATERIALIZED|ALIAS expr2],
    ...
) ENGINE = PostgreSQL({host:port, database, table, user, password[, schema, [, on_conflict]] | named_collection[, option=value [,..]]})
```

See a detailed description of the [CREATE TABLE](/sql-reference/statements/create/table) query.

The table structure can differ from the original PostgreSQL table structure:

- Column names should be the same as in the original PostgreSQL table, but you can use just some of these columns and in any order.
- Column types may differ from those in the original PostgreSQL table. ClickHouse tries to [cast](../../../engines/database-engines/postgresql.md#data_types-support) values to the ClickHouse data types.
- The [external_table_functions_use_nulls](/operations/settings/settings#external_table_functions_use_nulls) setting defines how to handle Nullable columns. Default value: 1. If 0, the table function does not make Nullable columns and inserts default values instead of nulls. This is also applicable for NULL values inside arrays.

**Engine Parameters**

- `host:port` — PostgreSQL server address.
- `database` — Remote database name.
- `table` — Remote table name.
- `user` — PostgreSQL user.
- `password` — User password.
- `schema` — Non-default table schema. Optional.
- `on_conflict` — Conflict resolution strategy. Example: `ON CONFLICT DO NOTHING`. Optional. Note: adding this option will make insertion less efficient.

[Named collections](/operations/named-collections.md) (available since version 21.11) are recommended for production environment. Here is an example:

```xml
<named_collections>
    <postgres_creds>
        <host>localhost</host>
        <port>5432</port>
        <user>postgres</user>
        <password>****</password>
        <schema>schema1</schema>
    </postgres_creds>
</named_collections>
```

Some parameters can be overridden by key value arguments:
```sql
SELECT * FROM postgresql(postgres_creds, table='table1');
```

## Implementation details {#implementation-details}

`SELECT` queries on PostgreSQL side run as `COPY (SELECT ...) TO STDOUT` inside read-only PostgreSQL transaction with commit after each `SELECT` query.

Simple `WHERE` clauses such as `=`, `!=`, `>`, `>=`, `<`, `<=`, and `IN` are executed on the PostgreSQL server.

All joins, aggregations, sorting, `IN [ array ]` conditions and the `LIMIT` sampling constraint are executed in ClickHouse only after the query to PostgreSQL finishes.

`INSERT` queries on PostgreSQL side run as `COPY ""table_name"" (field1, field2, ... fieldN) FROM STDIN` inside PostgreSQL transaction with auto-commit after each `INSERT` statement.

PostgreSQL `Array` types are converted into ClickHouse arrays.

:::note
Be careful - in PostgreSQL an array data, created like a `type_name[]`, may contain multi-dimensional arrays of different dimensions in different table rows in same column. But in ClickHouse it is only allowed to have multidimensional arrays of the same count of dimensions in all table rows in same column.
:::

Supports multiple replicas that must be listed by `|`. For example:

```sql
CREATE TABLE test_replicas (id UInt32, name String) ENGINE = PostgreSQL(`postgres{2|3|4}:5432`, 'clickhouse', 'test_replicas', 'postgres', 'mysecretpassword');
```

Replicas priority for PostgreSQL dictionary source is supported. The bigger the number in map, the less the priority. The highest priority is `0`.

In the example below replica `example01-1` has the highest priority:

```xml
<postgresql>
    <port>5432</port>
    <user>clickhouse</user>
    <password>qwerty</password>
    <replica>
        <host>example01-1</host>
        <priority>1</priority>
    </replica>
    <replica>
        <host>example01-2</host>
        <priority>2</priority>
    </replica>
    <db>db_name</db>
    <table>table_name</table>
    <where>id=10</where>
    <invalidate_query>SQL_QUERY</invalidate_query>
</postgresql>
</source>
```

## Usage example {#usage-example}

### Table in PostgreSQL {#table-in-postgresql}

```text
postgres=# CREATE TABLE ""public"".""test"" (
""int_id"" SERIAL,
""int_nullable"" INT NULL DEFAULT NULL,
""float"" FLOAT NOT NULL,
""str"" VARCHAR(100) NOT NULL DEFAULT '',
""float_nullable"" FLOAT NULL DEFAULT NULL,
PRIMARY KEY (int_id));

CREATE TABLE

postgres=# INSERT INTO test (int_id, str, ""float"") VALUES (1,'test',2);
INSERT 0 1

postgresql> SELECT * FROM test;
int_id | int_nullable | float | str  | float_nullable
--------+--------------+-------+------+----------------
       1 |              |     2 | test |
(1 row)
```

### Creating Table in ClickHouse, and connecting to  PostgreSQL table created above {#creating-table-in-clickhouse-and-connecting-to--postgresql-table-created-above}

This example uses the [PostgreSQL table engine](/engines/table-engines/integrations/postgresql.md) to connect the ClickHouse table to the PostgreSQL table and use both SELECT and INSERT statements to the PostgreSQL database:

```sql
CREATE TABLE default.postgresql_table
(
    `float_nullable` Nullable(Float32),
    `str` String,
    `int_id` Int32
)
ENGINE = PostgreSQL('localhost:5432', 'public', 'test', 'postgres_user', 'postgres_password');
```

### Inserting initial data from PostgreSQL table into ClickHouse table, using a SELECT query {#inserting-initial-data-from-postgresql-table-into-clickhouse-table-using-a-select-query}

The [postgresql table function](/sql-reference/table-functions/postgresql.md) copies the data from PostgreSQL to ClickHouse, which is often used for improving the query performance of the data by querying or performing analytics in ClickHouse rather than in PostgreSQL, or can also be used for migrating data from PostgreSQL to ClickHouse. Since we will be copying the data from PostgreSQL to ClickHouse, we will use a MergeTree table engine in ClickHouse and call it postgresql_copy:

```sql
CREATE TABLE default.postgresql_copy
(
    `float_nullable` Nullable(Float32),
    `str` String,
    `int_id` Int32
)
ENGINE = MergeTree
ORDER BY (int_id);
```

```sql
INSERT INTO default.postgresql_copy
SELECT * FROM postgresql('localhost:5432', 'public', 'test', 'postgres_user', 'postgres_password');
```

### Inserting incremental data from PostgreSQL table into ClickHouse table {#inserting-incremental-data-from-postgresql-table-into-clickhouse-table}

If then performing ongoing synchronization between the PostgreSQL table and ClickHouse table after the initial insert, you can use a WHERE clause in ClickHouse to insert only data added to PostgreSQL based on a timestamp or unique sequence ID.

This would require keeping track of the max ID or timestamp previously added, such as the following:

```sql
SELECT max(`int_id`) AS maxIntID FROM default.postgresql_copy;
```

Then inserting values from PostgreSQL table greater than the max

```sql
INSERT INTO default.postgresql_copy
SELECT * FROM postgresql('localhost:5432', 'public', 'test', 'postgres_user', 'postgres_password')
WHERE int_id > (SELECT max(int_id) FROM default.postgresql_copy);
```

### Selecting data from the resulting ClickHouse table {#selecting-data-from-the-resulting-clickhouse-table}

```sql
SELECT * FROM postgresql_copy WHERE str IN ('test');
```

```text
┌─float_nullable─┬─str──┬─int_id─┐
│           ᴺᵁᴸᴸ │ test │      1 │
└────────────────┴──────┴────────┘
```

### Using non-default schema {#using-non-default-schema}

```text
postgres=# CREATE SCHEMA ""nice.schema"";

postgres=# CREATE TABLE ""nice.schema"".""nice.table"" (a integer);

postgres=# INSERT INTO ""nice.schema"".""nice.table"" SELECT i FROM generate_series(0, 99) as t(i)
```

```sql
CREATE TABLE pg_table_schema_with_dots (a UInt32)
        ENGINE PostgreSQL('localhost:5432', 'clickhouse', 'nice.table', 'postgrsql_user', 'password', 'nice.schema');
```

**See Also**

- [The `postgresql` table function](../../../sql-reference/table-functions/postgresql.md)
- [Using PostgreSQL as a dictionary source](/sql-reference/statements/create/dictionary/sources/postgresql)

## Related content {#related-content}

- Blog: [ClickHouse and PostgreSQL - a match made in data heaven - part 1](https://clickhouse.com/blog/migrating-data-between-clickhouse-postgres)
- Blog: [ClickHouse and PostgreSQL - a Match Made in Data Heaven - part 2](https://clickhouse.com/blog/migrating-data-between-clickhouse-postgres-part-2)
","ENGINE = PostgreSQL('host:port', 'database', 'table', 'user', 'password'[, 'schema', 'on_conflict'])","","","['MySQL','SQLite','MaterializedPostgreSQL']"
"26.6.2.81","NATS",1,0,0,0,0,0,0,0,"
This engine allows integrating ClickHouse with [NATS](https://nats.io/).

`NATS` lets you:

- Publish or subscribe to message subjects.
- Process new messages as they become available.

## Creating a table {#creating-a-table}

```sql
CREATE TABLE [IF NOT EXISTS] [db.]table_name [ON CLUSTER cluster]
(
    name1 [type1] [DEFAULT|MATERIALIZED|ALIAS expr1],
    name2 [type2] [DEFAULT|MATERIALIZED|ALIAS expr2],
    ...
) ENGINE = NATS SETTINGS
    nats_url = 'host:port',
    nats_subjects = 'subject1,subject2,...',
    nats_format = 'data_format'[,]
    [nats_schema = '',]
    [nats_num_consumers = N,]
    [nats_queue_group = 'group_name',]
    [nats_secure = false,]
    [nats_max_reconnect = N,]
    [nats_reconnect_wait = N,]
    [nats_server_list = 'host1:port1,host2:port2,...',]
    [nats_skip_broken_messages = N,]
    [nats_max_block_size = N,]
    [nats_flush_interval_ms = N,]
    [nats_username = 'user',]
    [nats_password = 'password',]
    [nats_token = 'clickhouse',]
    [nats_credential_file = '/var/nats_credentials',]
    [nats_startup_connect_tries = 5,]
    [nats_max_rows_per_message = 1,]
    [nats_handle_error_mode = 'default']
```

Required parameters:

- `nats_url` – host:port (for example, `localhost:4222`)..
- `nats_subjects` – List of subject for NATS table to subscribe/publish to. Supports wildcard subjects like `foo.*.bar` or `baz.>`
- `nats_format` – Message format. Uses the same notation as the SQL `FORMAT` function, such as `JSONEachRow`. For more information, see the [Formats](../../../interfaces/formats.md) section.

Optional parameters:

- `nats_schema` – Parameter that must be used if the format requires a schema definition. For example, [Cap'n Proto](https://capnproto.org/) requires the path to the schema file and the name of the root `schema.capnp:Message` object.
- `nats_stream` – The name of an existing stream in NATS JetStream.
- `nats_consumer_name` – The name of an existing durable pull consumer in NATS JetStream.
- `nats_num_consumers` – The number of consumers per table. Default: `1`. Specify more consumers if the throughput of one consumer is insufficient for NATS core only.
- `nats_queue_group` – Name for queue group of NATS subscribers. Default is the table name.
- `nats_max_reconnect` – Deprecated and has no effect, reconnect is performed permanently with nats_reconnect_wait timeout.
- `nats_reconnect_wait` – Amount of time in milliseconds to sleep between each reconnect attempt. Default: `2000`.
- `nats_server_list` - Server list for connection. Can be specified to connect to NATS cluster.
- `nats_skip_broken_messages` - NATS message parser tolerance to schema-incompatible messages per block. Default: `0`. If `nats_skip_broken_messages = N` then the engine skips *N* NATS messages that cannot be parsed (a message equals a row of data).
- `nats_max_block_size` - Number of row collected by poll(s) for flushing data from NATS. Default: [max_insert_block_size](../../../operations/settings/settings.md#max_insert_block_size).
- `nats_flush_interval_ms` - Timeout for flushing data read from NATS. Default: [stream_flush_interval_ms](/operations/settings/settings#stream_flush_interval_ms).
- `nats_username` - NATS username.
- `nats_password` - NATS password.
- `nats_token` - NATS auth token.
- `nats_credential_file` - Path to a NATS credentials file.
- `nats_startup_connect_tries` - Number of connect tries at startup. Default: `5`.
- `nats_max_rows_per_message` — The maximum number of rows written in one NATS message for row-based formats. (default : `1`).
- `nats_handle_error_mode` — How to handle errors for NATS engine. Possible values: default (the exception will be thrown if we fail to parse a message), stream (the exception message and raw message will be saved in virtual columns `_error` and `_raw_message`).

SSL connection:

For secure connection use `nats_secure = 1`.
Certificate verification is controlled by the `CLICKHOUSE_NATS_TLS_SECURE` environment variable;
If the certificate is expired, self-signed, missing, or otherwise invalid, disable verification by setting `CLICKHOUSE_NATS_TLS_SECURE=0`.

Writing to NATS table:

If table reads only from one subject, any insert will publish to the same subject.
However, if table reads from multiple subjects, we need to specify which subject we want to publish to.
That is why whenever inserting into table with multiple subjects, setting `stream_like_engine_insert_queue` is needed.
You can select one of the subjects the table reads from and publish your data there. For example:

```sql
CREATE TABLE queue (
    key UInt64,
    value UInt64
  ) ENGINE = NATS
    SETTINGS nats_url = 'localhost:4444',
             nats_subjects = 'subject1,subject2',
             nats_format = 'JSONEachRow';

INSERT INTO queue
SETTINGS stream_like_engine_insert_queue = 'subject2'
VALUES (1, 1);
```

Also format settings can be added along with nats-related settings.

Example:

```sql
CREATE TABLE queue (
    key UInt64,
    value UInt64,
    date DateTime
  ) ENGINE = NATS
    SETTINGS nats_url = 'localhost:4444',
             nats_subjects = 'subject1',
             nats_format = 'JSONEachRow',
             date_time_input_format = 'best_effort';
```

The NATS server configuration can be added using the ClickHouse config file.
More specifically you can add your password for the NATS engine:

```xml
<nats>
    <user>click</user>
    <password>house</password>
    <token>clickhouse</token>
</nats>
```

## Description {#description}

`SELECT` is not particularly useful for reading messages (except for debugging), because each message can be read only once. It is more practical to create real-time threads using [materialized views](../../../sql-reference/statements/create/view.md). To do this:

1.  Use the engine to create a NATS consumer and consider it a data stream.
2.  Create a table with the desired structure.
3.  Create a materialized view that converts data from the engine and puts it into a previously created table.

When the `MATERIALIZED VIEW` joins the engine, it starts collecting data in the background. This allows you to continually receive messages from NATS and convert them to the required format using `SELECT`.
One NATS table can have as many materialized views as you like, they do not read data from the table directly, but receive new records (in blocks), this way you can write to several tables with different detail level (with grouping - aggregation and without).

Example:

```sql
CREATE TABLE queue (
    key UInt64,
    value UInt64
  ) ENGINE = NATS
    SETTINGS nats_url = 'localhost:4444',
             nats_subjects = 'subject1',
             nats_format = 'JSONEachRow',
             date_time_input_format = 'best_effort';

CREATE TABLE daily (key UInt64, value UInt64)
    ENGINE = MergeTree() ORDER BY key;

CREATE MATERIALIZED VIEW consumer TO daily
    AS SELECT key, value FROM queue;

SELECT key, value FROM daily ORDER BY key;
```

To stop receiving streams data or to change the conversion logic, detach the materialized view:

```sql
DETACH TABLE consumer;
ATTACH TABLE consumer;
```

If you want to change the target table by using `ALTER`, we recommend disabling the material view to avoid discrepancies between the target table and the data from the view.

## Virtual columns {#virtual-columns}

- `_subject` - NATS message subject. Data type: `String`.

Additional virtual columns when `nats_handle_error_mode='stream'`:

- `_raw_message` - Raw message that couldn't be parsed successfully. Data type: `Nullable(String)`.
- `_error` - Exception message happened during failed parsing. Data type: `Nullable(String)`.

Note: `_raw_message` and `_error` virtual columns are filled only in case of exception during parsing, they are always `NULL` when message was parsed successfully.

## Data formats support {#data-formats-support}

NATS engine supports all [formats](../../../interfaces/formats.md) supported in ClickHouse.
The number of rows in one NATS message depends on whether the format is row-based or block-based:

- For row-based formats the number of rows in one NATS message can be controlled by setting `nats_max_rows_per_message`.
- For block-based formats we cannot divide block into smaller parts, but the number of rows in one block can be controlled by general setting [max_block_size](/operations/settings/settings#max_block_size).

## Using JetStream {#using-jetstream}

Before using NATS engine with NATS JetStream, you must create a NATS stream and a durable pull consumer. For this, you can use, for example, the nats utility from the [NATS CLI](https://github.com/nats-io/natscli) package:
<details>
<summary>creating stream</summary>

```bash
$ nats stream add
? Stream Name stream_name
? Subjects stream_subject
? Storage file
? Replication 1
? Retention Policy Limits
? Discard Policy Old
? Stream Messages Limit -1
? Per Subject Messages Limit -1
? Total Stream Size -1
? Message TTL -1
? Max Message Size -1
? Duplicate tracking time window 2m0s
? Allow message Roll-ups No
? Allow message deletion Yes
? Allow purging subjects or the entire stream Yes
Stream stream_name was created

Information for Stream stream_name created 2025-10-03 14:12:51

                Subjects: stream_subject
                Replicas: 1
                 Storage: File

Options:

               Retention: Limits
         Acknowledgments: true
          Discard Policy: Old
        Duplicate Window: 2m0s
              Direct Get: true
       Allows Msg Delete: true
            Allows Purge: true
Allows Per-Message TTL: false
          Allows Rollups: false

Limits:

        Maximum Messages: unlimited
     Maximum Per Subject: unlimited
           Maximum Bytes: unlimited
             Maximum Age: unlimited
    Maximum Message Size: unlimited
       Maximum Consumers: unlimited

State:

                Messages: 0
                   Bytes: 0 B
          First Sequence: 0
           Last Sequence: 0
        Active Consumers: 0
```
</details>

<details>
<summary>creating durable pull consumer</summary>

```bash
$ nats consumer add
? Select a Stream stream_name
? Consumer name consumer_name
? Delivery target (empty for Pull Consumers)
? Start policy (all, new, last, subject, 1h, msg sequence) all
? Acknowledgment policy explicit
? Replay policy instant
? Filter Stream by subjects (blank for all)
? Maximum Allowed Deliveries -1
? Maximum Acknowledgments Pending 0
? Deliver headers only without bodies No
? Add a Retry Backoff Policy No
Information for Consumer stream_name > consumer_name created 2025-10-03T14:13:51+03:00

Configuration:

                    Name: consumer_name
               Pull Mode: true
          Deliver Policy: All
              Ack Policy: Explicit
                Ack Wait: 30.00s
           Replay Policy: Instant
         Max Ack Pending: 1,000
       Max Waiting Pulls: 512

State:

Last Delivered Message: Consumer sequence: 0 Stream sequence: 0
    Acknowledgment Floor: Consumer sequence: 0 Stream sequence: 0
        Outstanding Acks: 0 out of maximum 1,000
    Redelivered Messages: 0
    Unprocessed Messages: 0
           Waiting Pulls: 0 of maximum 512
```
</details>

After creating stream and durable pull consumer, we can create a table with NATS engine. To do this, you need to initialize: nats_stream, nats_consumer_name, and nats_subjects:

```SQL
CREATE TABLE nats_jet_stream (
    key UInt64,
    value UInt64
  ) ENGINE NATS
    SETTINGS  nats_url = 'localhost:4222',
              nats_stream = 'stream_name',
              nats_consumer_name = 'consumer_name',
              nats_subjects = 'stream_subject',
              nats_format = 'JSONEachRow';
```
","ENGINE = NATS() SETTINGS nats_url = 'host:port', nats_subjects = 'subject', nats_format = 'format', ...","","","['Kafka','RabbitMQ','FileLog']"
"26.6.2.81","COSN",1,0,0,1,0,0,0,0,"The `COSN` engine provides integration with [Tencent Cloud Object Storage (COS)](https://www.tencentcloud.com/products/cos) through its Amazon S3-compatible API. It shares the implementation, parameters, and settings of the [`S3`](/engines/table-engines/integrations/s3) table engine; see that engine's documentation for the full description, parameters, examples, and settings.
","ENGINE = COSN(url [, NOSIGN | access_key_id, secret_access_key [, session_token]] [, format] [, compression])","","","['AzureBlobStorage','HDFS']"
"26.6.2.81","Redis",0,0,0,1,0,0,0,1,"
This engine allows integrating ClickHouse with [Redis](https://redis.io/). For Redis takes kv model, we strongly recommend you only query it in a point way, such as `where k=xx` or `where k in (xx, xx)`.

## Creating a table {#creating-a-table}

```sql
CREATE TABLE [IF NOT EXISTS] [db.]table_name
(
    name1 [type1],
    name2 [type2],
    ...
) ENGINE = Redis({host:port[, db_index[, password[, pool_size]]] | named_collection[, option=value [,..]] })
PRIMARY KEY(primary_key_name);
```

**Engine Parameters**

- `host:port` — Redis server address, you can ignore port and default Redis port 6379 will be used.
- `db_index` — Redis db index range from 0 to 15, default is 0.
- `password` — User password, default is blank string.
- `pool_size` — Redis max connection pool size, default is 16.
- `primary_key_name` - any column name in the column list.

:::note Serialization
`PRIMARY KEY` supports only one column. The primary key will be serialized in binary as a Redis key.
Columns other than the primary key will be serialized in binary as Redis value in corresponding order.
:::

Arguments also can be passed using [named collections](/operations/named-collections.md). In this case `host` and `port` should be specified separately. This approach is recommended for production environment. At this moment, all parameters passed using named collections to redis are required.

:::note Filtering
Queries with `key equals` or `in filtering` will be optimized to multi keys lookup from Redis. If queries without filtering key full table scan will happen which is a heavy operation.
:::

## Usage example {#usage-example}

Create a table in ClickHouse using `Redis` engine with plain arguments:

```sql title=""Query""
CREATE TABLE redis_table
(
    `key` String,
    `v1` UInt32,
    `v2` String,
    `v3` Float32
)
ENGINE = Redis('redis1:6379') PRIMARY KEY(key);
```

Or using [named collections](/operations/named-collections.md):

```xml
<named_collections>
    <redis_creds>
        <host>localhost</host>
        <port>6379</port>
        <password>****</password>
        <pool_size>16</pool_size>
        <db_index>0</db_index>
    </redis_creds>
</named_collections>
```

```sql title=""Query""
CREATE TABLE redis_table
(
    `key` String,
    `v1` UInt32,
    `v2` String,
    `v3` Float32
)
ENGINE = Redis(redis_creds) PRIMARY KEY(key);
```

Insert:

```sql title=""Query""
INSERT INTO redis_table VALUES('1', 1, '1', 1.0), ('2', 2, '2', 2.0);
```

```sql title=""Query""
SELECT COUNT(*) FROM redis_table;
```

```text title=""Response""
┌─count()─┐
│       2 │
└─────────┘
```

```sql title=""Query""
SELECT * FROM redis_table WHERE key='1';
```

```text title=""Response""
┌─key─┬─v1─┬─v2─┬─v3─┐
│ 1   │  1 │ 1  │  1 │
└─────┴────┴────┴────┘
```

```sql title=""Query""
SELECT * FROM redis_table WHERE v1=2;
```

```text title=""Response""
┌─key─┬─v1─┬─v2─┬─v3─┐
│ 2   │  2 │ 2  │  2 │
└─────┴────┴────┴────┘
```

Update:

Note that the primary key cannot be updated.

```sql title=""Query""
ALTER TABLE redis_table UPDATE v1=2 WHERE key='1';
```

Delete:

```sql title=""Query""
ALTER TABLE redis_table DELETE WHERE key='1';
```

Truncate:

Flush Redis db asynchronously. Also `Truncate` support SYNC mode.

```sql title=""Query""
TRUNCATE TABLE redis_table SYNC;
```

Join:

Join with other tables.

```sql title=""Query""
SELECT * FROM redis_table JOIN merge_tree_table ON merge_tree_table.key=redis_table.key;
```

## Limitations {#limitations}

Redis engine also supports scanning queries, such as `where k > xx`, but it has some limitations:
1. Scanning query may produce some duplicated keys in a very rare case when it is rehashing. See details in [Redis Scan](https://github.com/redis/redis/blob/e4d183afd33e0b2e6e8d1c79a832f678a04a7886/src/dict.c#L1186-L1269).
2. During the scanning, keys could be created and deleted, so the resulting dataset can not represent a valid point in time.
","ENGINE = Redis('host:port' [, db_index [, password [, pool_size]]]) PRIMARY KEY(key)","","","['EmbeddedRocksDB']"
"26.6.2.81","YTsaurus",1,0,0,0,0,0,0,0,"
import CloudNotSupportedBadge from '@theme/badges/CloudNotSupportedBadge';
import ExperimentalBadge from '@theme/badges/ExperimentalBadge';

# YTsaurus table engine

<ExperimentalBadge/>
<CloudNotSupportedBadge/>

The YTsaurus table engine allows you to import data from a YTsaurus cluster.

## Creating a table {#creating-a-table}

```sql
    CREATE TABLE [IF NOT EXISTS] [db.]table_name
    (
        name1 [type1],
        name2 [type2], ...
    ) ENGINE = YTsaurus('http_proxy_url', 'cypress_path', 'oauth_token')
```

:::info
This is an experimental feature that may change in backwards-incompatible ways in future releases.
Enable usage of the YTsaurus table engine
using setting [`allow_experimental_ytsaurus_table_engine`](/operations/settings/settings#allow_experimental_ytsaurus_table_engine).

You can do so using:

`SET allow_experimental_ytsaurus_table_engine = 1`.
:::

**Engine parameters**

- `http_proxy_url` — URL to the YTsaurus http proxy.
- `cypress_path` — Cypress path to the data source.
- `oauth_token` — OAuth token.

## Usage example {#usage-example}

Shows a query creating the YTsaurus table:

```sql title=""Query""
SHOW CREATE TABLE yt_saurus;
```

```sql title=""Response""
CREATE TABLE yt_saurus
(
    `a` UInt32,
    `b` String
)
ENGINE = YTsaurus('http://localhost:8000', '//tmp/table', 'password')
```

To return the data from the table, run:

```sql title=""Query""
SELECT * FROM yt_saurus;
```

```response title=""Response""
┌──a─┬─b──┐
│ 10 │ 20 │
└────┴────┘
```

## Data types {#data-types}

### Primitive data types {#primitive-data-types}

| YTsaurus data type | Clickhouse data type    |
| ------------------ | ----------------------- |
| `int8`             | `Int8`                  |
| `int16`            | `Int16`                 |
| `int32`            | `Int32`                 |
| `int64`            | `Int64`                 |
| `uint8`            | `UInt8`                 |
| `uint16`           | `UInt16`                |
| `uint32`           | `UInt32`                |
| `uint64`           | `UInt64`                |
| `float`            | `Float32`               |
| `double`           | `Float64`               |
| `boolean`          | `Bool`                  |
| `string`           | `String`                |
| `utf8`             | `String`                |
| `json`             | `JSON`                  |
| `yson(type_v3)`    | `JSON`                  |
| `uuid`             | `UUID`                  |
| `date32`           | `Date`(Not supported yet)|
| `datetime64`       | `Int64`                 |
| `timestamp64`      | `Int64`                 |
| `interval64`       | `Int64`                 |
| `date`             | `Date`(Not supported yet)|
| `datetime`         | `DateTime`              |
| `timestamp`        | `DateTime64(6)`         |
| `interval`         | `UInt64`                |
| `any`              | `String`                |
| `null`             | `Nothing`               |
| `void`             | `Nothing`               |
| `T` with `required = False`| `Nullable(T)`   |

### Composite types {#composite-data-types}

| YTsaurus data type | Clickhouse data type |
| ------------------ | -------------------- |
| `decimal`          | `Decimal`            |
| `optional`         | `Nullable`           |
| `list`             | `Array`              |
| `struct`           | `NamedTuple`         |
| `tuple`            | `Tuple`              |
| `variant`          | `Variant`            |
| `dict`             | `Array(Tuple(...))   |
| `tagged`           | `T`                  |

**See Also**

- [ytsaurus](../../../sql-reference/table-functions/ytsaurus.md) table function
- [ytsaurus data schema](https://ytsaurus.tech/docs/en/user-guide/storage/static-schema)
- [ytsaurus data types](https://ytsaurus.tech/docs/en/user-guide/storage/data-types)
","ENGINE = YTsaurus('http_proxy_url', 'cypress_path', 'oauth_token')","","","[]"
"26.6.2.81","MongoDB",0,0,0,0,0,0,0,0,"
MongoDB engine is read-only table engine which allows to read data from a remote [MongoDB](https://www.mongodb.com/) collection.

Only MongoDB >=7 is supported.
[Seed list(`mongodb+srv`)](https://www.mongodb.com/docs/manual/reference/glossary/#std-term-seed-list) is not yet supported.

## Creating a table {#creating-a-table}

```sql
CREATE TABLE [IF NOT EXISTS] [db.]table_name
(
    name1 [type1],
    name2 [type2],
    ...
) ENGINE = MongoDB(host:port, database, collection, user, password[, options[, oid_columns]]);
```

**Engine Parameters**

| Parameter     | Description                                                                                                                                                                                              |
|---------------|----------------------------------------------------------------------------------------------------------------------------------------------------------------------------------------------------------|
| `host:port`   | MongoDB server address.                                                                                                                                                                                  |
| `database`    | Remote database name.                                                                                                                                                                                    |
| `collection`  | Remote collection name.                                                                                                                                                                                  |
| `user`        | MongoDB user.                                                                                                                                                                                            |
| `password`    | User password.                                                                                                                                                                                           |
| `options`     | Optional. MongoDB connection string [options](https://www.mongodb.com/docs/manual/reference/connection-string-options/#connection-options) as a URL formatted string. e.g. `'authSource=admin&ssl=true'` |
| `oid_columns` | Comma-separated list of columns that should be treated as `oid` in the WHERE clause. `_id` by default.                                                                                                   |

:::tip
If you are using the MongoDB Atlas cloud offering connection url can be obtained from 'Atlas SQL' option.
Seed list(`mongodb**+srv**`) is not yet supported, but will be added in future releases.
:::

Alternatively, you can pass a URI:

```sql
ENGINE = MongoDB(uri, collection[, oid_columns]);
```

**Engine Parameters**

| Parameter     | Description                                                                                            |
|---------------|--------------------------------------------------------------------------------------------------------|
| `uri`         | MongoDB server's connection URI.                                                                       |
| `collection`  | Remote collection name.                                                                                |
| `oid_columns` | Comma-separated list of columns that should be treated as `oid` in the WHERE clause. `_id` by default. |

## Types mappings {#types-mappings}

| MongoDB                 | ClickHouse                                                            |
|-------------------------|-----------------------------------------------------------------------|
| bool, int32, int64      | *any numeric type except Decimals*, Boolean, String                   |
| double                  | Float64, String                                                       |
| date                    | Date, Date32, DateTime, DateTime64, String                            |
| string                  | String, *any numeric type(except Decimals) if formatted correctly*    |
| document                | String(as JSON)                                                       |
| array                   | Array, String(as JSON)                                                |
| oid                     | String                                                                |
| binary                  | String if in column, base64 encoded string if in an array or document |
| uuid (binary subtype 4) | UUID                                                                  |
| *any other*             | String                                                                |

If key is not found in MongoDB document (for example, column name doesn't match), default value or `NULL` (if the column is nullable) will be inserted.

### OID {#oid}

If you want a `String` to be treated as `oid` in the WHERE clause, just put the column's name in the last argument of the table engine.
This may be necessary when querying a record by the `_id` column, which by default has `oid` type in MongoDB.
If the `_id` field in the table has other type, for example `uuid`, you need to specify empty `oid_columns`, otherwise the default value for this parameter `_id` is used.

```javascript
db.sample_oid.insertMany([
    {""another_oid_column"": ObjectId()},
]);

db.sample_oid.find();
[
    {
        ""_id"": {""$oid"": ""67bf6cc44ebc466d33d42fb2""},
        ""another_oid_column"": {""$oid"": ""67bf6cc40000000000ea41b1""}
    }
]
```

By default, only `_id` is treated as `oid` column.

```sql
CREATE TABLE sample_oid
(
    _id String,
    another_oid_column String
) ENGINE = MongoDB('mongodb://user:pass@host/db', 'sample_oid');

SELECT count() FROM sample_oid WHERE _id = '67bf6cc44ebc466d33d42fb2'; --will output 1.
SELECT count() FROM sample_oid WHERE another_oid_column = '67bf6cc40000000000ea41b1'; --will output 0
```

In this case the output will be `0`, because ClickHouse doesn't know that `another_oid_column` has `oid` type, so let's fix it:

```sql
CREATE TABLE sample_oid
(
    _id String,
    another_oid_column String
) ENGINE = MongoDB('mongodb://user:pass@host/db', 'sample_oid', '_id,another_oid_column');

-- or

CREATE TABLE sample_oid
(
    _id String,
    another_oid_column String
) ENGINE = MongoDB('host', 'db', 'sample_oid', 'user', 'pass', '', '_id,another_oid_column');

SELECT count() FROM sample_oid WHERE another_oid_column = '67bf6cc40000000000ea41b1'; -- will output 1 now
```

## Supported clauses {#supported-clauses}

Only queries with simple expressions are supported (for example, `WHERE field = <constant> ORDER BY field2 LIMIT <constant>`).
Such expressions are translated to MongoDB query language and executed on the server side.
You can disable all these restriction, using [mongodb_throw_on_unsupported_query](../../../operations/settings/settings.md#mongodb_throw_on_unsupported_query).
In that case ClickHouse tries to convert query on best effort basis, but it can lead to full table scan and processing on ClickHouse side.

:::note
It's always better to explicitly set type of literal because Mongo requires strict typed filters.\
For example you want to filter by `Date`:

```sql
SELECT * FROM mongo_table WHERE date = '2024-01-01'
```

This will not work because Mongo will not cast string to `Date`, so you need to cast it manually:

```sql
SELECT * FROM mongo_table WHERE date = '2024-01-01'::Date OR date = toDate('2024-01-01')
```

This applied for `Date`, `Date32`, `DateTime`, `Bool`, `UUID`.

:::

## Usage example {#usage-example}

Assuming MongoDB has [sample_mflix](https://www.mongodb.com/docs/atlas/sample-data/sample-mflix) dataset loaded

Create a table in ClickHouse which allows to read data from MongoDB collection:

```sql title=""Query""
CREATE TABLE sample_mflix_table
(
    _id String,
    title String,
    plot String,
    genres Array(String),
    directors Array(String),
    writers Array(String),
    released Date,
    imdb String,
    year String
) ENGINE = MongoDB('mongodb://<USERNAME>:<PASSWORD>@atlas-sql-6634be87cefd3876070caf96-98lxs.a.query.mongodb.net/sample_mflix?ssl=true&authSource=admin', 'movies');
```

```sql title=""Query""
SELECT count() FROM sample_mflix_table
```

```text title=""Response""
┌─count()─┐
│   21349 │
└─────────┘
```

```sql title=""Query""
-- JSONExtractString cannot be pushed down to MongoDB
SET mongodb_throw_on_unsupported_query = 0;

-- Find all 'Back to the Future' sequels with rating > 7.5
SELECT title, plot, genres, directors, released FROM sample_mflix_table
WHERE title IN ('Back to the Future', 'Back to the Future Part II', 'Back to the Future Part III')
    AND toFloat32(JSONExtractString(imdb, 'rating')) > 7.5
ORDER BY year
FORMAT Vertical;
```

```text title=""Response""
Row 1:
──────
title:     Back to the Future
plot:      A young man is accidentally sent 30 years into the past in a time-traveling DeLorean invented by his friend, Dr. Emmett Brown, and must make sure his high-school-age parents unite in order to save his own existence.
genres:    ['Adventure','Comedy','Sci-Fi']
directors: ['Robert Zemeckis']
released:  1985-07-03

Row 2:
──────
title:     Back to the Future Part II
plot:      After visiting 2015, Marty McFly must repeat his visit to 1955 to prevent disastrous changes to 1985... without interfering with his first trip.
genres:    ['Action','Adventure','Comedy']
directors: ['Robert Zemeckis']
released:  1989-11-22
```

```sql title=""Query""
-- Find top 3 movies based on Cormac McCarthy's books
SELECT title, toFloat32(JSONExtractString(imdb, 'rating')) AS rating
FROM sample_mflix_table
WHERE arrayExists(x -> x LIKE 'Cormac McCarthy%', writers)
ORDER BY rating DESC
LIMIT 3;
```

```text title=""Response""
┌─title──────────────────┬─rating─┐
│ No Country for Old Men │    8.1 │
│ The Sunset Limited     │    7.4 │
│ The Road               │    7.3 │
└────────────────────────┴────────┘
```

## Troubleshooting {#troubleshooting}
You can see the generated MongoDB query in DEBUG level logs.

Implementation details can be found in [mongocxx](https://github.com/mongodb/mongo-cxx-driver) and [mongoc](https://github.com/mongodb/mongo-c-driver) documentations.
","ENGINE = MongoDB('host:port', 'database', 'collection', 'user', 'password'[, 'options'])","","","['MySQL','PostgreSQL']"
"26.6.2.81","DeltaLakeAzure",1,0,0,0,0,0,0,0,"Provides a read-only integration with existing Delta Lake tables stored in Microsoft Azure Blob Storage.","ENGINE = DeltaLakeAzure(connection_string | storage_account_url, container_name, blobpath)","","","['DeltaLake']"
"26.6.2.81","DeltaLakeS3",1,0,0,0,0,0,0,0,"Provides a read-only integration with existing Delta Lake tables stored in Amazon S3 or S3-compatible object storage.","ENGINE = DeltaLakeS3(url [, access_key_id, secret_access_key])","","","['DeltaLake']"
"26.6.2.81","S3Queue",1,0,0,0,0,0,0,0,"
import ScalePlanFeatureBadge from '@theme/badges/ScalePlanFeatureBadge'

# S3Queue table engine

This engine provides integration with [Amazon S3](https://aws.amazon.com/s3/) ecosystem and allows streaming import. This engine is similar to the [Kafka](../../../engines/table-engines/integrations/kafka.md), [RabbitMQ](../../../engines/table-engines/integrations/rabbitmq.md) engines, but provides S3-specific features.

It is important to understand this note from the [original PR for S3Queue implementation](https://github.com/ClickHouse/ClickHouse/pull/49086/files#diff-e1106769c9c8fbe48dd84f18310ef1a250f2c248800fde97586b3104e9cd6af8R183): when the `MATERIALIZED VIEW` joins the engine, the S3Queue Table Engine starts collecting data in the background.

## Create table {#creating-a-table}

```sql
CREATE TABLE s3_queue_engine_table (name String, value UInt32)
    ENGINE = S3Queue(path, [NOSIGN, | aws_access_key_id, aws_secret_access_key,] format, [compression], [headers], [extra_credentials])
    [SETTINGS]
    [mode = '',]
    [after_processing = 'keep',]
    [keeper_path = '',]
    [loading_retries = 10,]
    [processing_threads_num = 16,]
    [parallel_inserts = false,]
    [enable_logging_to_queue_log = true,]
    [last_processed_path = """",]
    [tracked_files_limit = 1000,]
    [tracked_file_ttl_sec = 0,]
    [polling_min_timeout_ms = 1000,]
    [polling_max_timeout_ms = 600000,]
    [polling_backoff_ms = 30000,]
    [cleanup_interval_min_ms = 60000,]
    [cleanup_interval_max_ms = 60000,]
    [buckets = 0,]
    [list_objects_batch_size = 1000,]
    [enable_hash_ring_filtering = 0,]
    [max_processed_files_before_commit = 100,]
    [max_processed_rows_before_commit = 0,]
    [max_processed_bytes_before_commit = 0,]
    [max_processing_time_sec_before_commit = 0,]
```

:::warning
Before `24.7`, it is required to use `s3queue_` prefix for all settings apart from `mode`, `after_processing` and `keeper_path`.
:::

**Engine parameters**

`S3Queue` parameters are the same as `S3` table engine supports. See parameters section [here](../../../engines/table-engines/integrations/s3.md#parameters).

**Example**

```sql
CREATE TABLE s3queue_engine_table (name String, value UInt32)
ENGINE=S3Queue('https://clickhouse-public-datasets.s3.amazonaws.com/my-test-bucket-768/*', 'CSV', 'gzip')
SETTINGS
    mode = 'unordered';
```

Using named collections:

```xml
<clickhouse>
    <named_collections>
        <s3queue_conf>
            <url>https://clickhouse-public-datasets.s3.amazonaws.com/my-test-bucket-768/*</url>
            <access_key_id>test</access_key_id>
            <secret_access_key>test</secret_access_key>
        </s3queue_conf>
    </named_collections>
</clickhouse>
```

```sql
CREATE TABLE s3queue_engine_table (name String, value UInt32)
ENGINE=S3Queue(s3queue_conf, format = 'CSV', compression_method = 'gzip')
SETTINGS
    mode = 'ordered';
```

## Settings {#settings}

To get a list of settings, configured for the table, use `system.s3_queue_settings` table. Available from `24.10`.

:::note Setting Names (24.7+)
Starting from version 24.7, S3Queue settings can be specified with or without the `s3queue_` prefix:
- **Modern syntax** (24.7+): `processing_threads_num`, `tracked_file_ttl_sec`, etc.
- **Legacy syntax** (all versions): `s3queue_processing_threads_num`, `s3queue_tracked_file_ttl_sec`, etc.

Both forms are supported in 24.7+. The examples on this page use the modern syntax with no prefix.
:::

### Mode {#mode}

Possible values:

- unordered — With unordered mode, the set of all already processed files is tracked with persistent nodes in ZooKeeper.
- ordered — With ordered mode, the files are processed in lexicographic order. It means that if file named 'BBB' was processed at some point and later on a file named 'AA' is added to the bucket, it will be ignored. Only the max name (in lexicographic sense) of the successfully consumed file, and the names of files that will be retried after unsuccessful loading attempt are being stored in ZooKeeper.

Default value: `ordered` in versions before 24.6. Starting with 24.6 there is no default value, the setting becomes required to be specified manually. For tables created on earlier versions the default value will remain `Ordered` for compatibility.

### `after_processing` {#after_processing}

How to handle file after successful processing.

Possible values:

- keep.
- delete.
- move.
- tag.

Default value: `keep`.

Move requires additional settings. In case of a move within the same bucket, a new path prefix must be provided as `after_processing_move_prefix`.

Move to another S3 bucket requires the target bucket URI as `after_processing_move_uri`, S3 credentials as `after_processing_move_access_key_id` and `after_processing_move_secret_access_key`.

Example:

```sql
CREATE TABLE s3queue_engine_table (name String, value UInt32)
ENGINE=S3Queue('https://clickhouse-public-datasets.s3.amazonaws.com/my-test-bucket-768/*', 'CSV', 'gzip')
SETTINGS
    mode = 'unordered',
    after_processing = 'move',
    after_processing_retries = 20,
    after_processing_move_prefix = 'dst_prefix',
    after_processing_move_uri = 'https://clickhouse-public-datasets.s3.amazonaws.com/dst-bucket',
    after_processing_move_access_key_id = 'test',
    after_processing_move_secret_access_key = 'test';
```

Move from an Azure container to another Azure container requires the Blob Storage connection string as `after_processing_move_connection_string` and the container name as `after_processing_move_container`. See [the AzureQueue settings](../../../engines/table-engines/integrations/azure-queue.md#settings).

Tagging requires tag key and value provided as `after_processing_tag_key` and `after_processing_tag_value`.

### `after_processing_retries` {#after_processing_retries}

Number of retries for the requested after-processing action, before giving up.

Possible values:

- Non-negative integer.

Default value: `10`.

### `after_processing_move_access_key_id` {#after_processing_move_access_key_id}

Access Key ID for S3 bucket to move successfully processed files to, if the destination is another S3 bucket.

Possible values:

- String.

Default value: empty string.

### `after_processing_move_prefix` {#after_processing_move_prefix}

Path prefix to move successfully processed files to. It is applicable in both cases, move within the same and to another bucket.

Possible values:

- String.

Default value: empty string.

### `after_processing_move_preserve_path` {#after_processing_move_preserve_path}

If `true`, the full source object path is appended to `after_processing_move_prefix` when moving a successfully processed file, so the source directory structure under the bucket is preserved at the destination. If `false`, only the file name is used and the source directory structure is flattened.

Possible values:

- `true` / `false`.

Default value: `false`.

### `after_processing_move_secret_access_key` {#after_processing_move_secret_access_key}

Secret Access Key for S3 bucket to move successfully processed files to, if the destination is another S3 bucket.

Possible values:

- String.

Default value: empty string.

### `after_processing_move_uri` {#after_processing_move_uri}

URI of S3 bucket to move successfully processed files to, if the destination is another S3 bucket.

Possible values:

- String.

Default value: empty string.

### `after_processing_tag_key` {#after_processing_tag_key}

Tag key to put tagging on successfully processed files, if `after_processing='tag'`.

Possible values:

- String.

Default value: empty string.

### `after_processing_tag_value` {#after_processing_tag_value}

Tag value to put tagging on successfully processed files, if `after_processing='tag'`.

Possible values:

- String.

Default value: empty string.

### `keeper_path` {#keeper_path}

Path to the queue metadata in ZooKeeper. If not specified explicitly, ClickHouse builds the path from `s3queue_default_zookeeper_path`, the database UUID, and the table UUID. Absolute values (starting with `/`) are used as provided, while relative values are appended to the configured prefix. Macros such as `{database}` or `{uuid}` are expanded before the engine connects to ZooKeeper.

To target an auxiliary ZooKeeper cluster, prefix the value with the configured name, for example `analytics_keeper:/clickhouse/queue/orders`. The name must exist in `<auxiliary_zookeepers>`; otherwise the engine reports `Unknown auxiliary ZooKeeper name ...`. The full string (including the prefix) is preserved in `SHOW CREATE TABLE` so the statement can be replicated verbatim.

Possible values:

- String.

Default value: `/`.

### `loading_retries` {#loading_retries}

Retry file loading up to specified number of times.
Possible values:

- Non-negative integer.

Default value: `10`.

### `processing_threads_num` {#processing_threads_num}

Number of threads to perform processing. Applies only for `Unordered` mode.

Default value: Number of CPUs or 16.

### `parallel_inserts` {#parallel_inserts}

By default `processing_threads_num` will produce one `INSERT`, so it will only download files and parse in multiple threads.
But this limits the parallelism, so for better throughput use `parallel_inserts=true`, this will allow to insert data in parallel (but keep in mind that it will result in higher number of generated data parts for MergeTree family).

:::note
`INSERT`s will be spawned with respect to `max_process*_before_commit` settings.
:::

Default value: `false`.

### `enable_logging_to_queue_log` {#enable_logging_to_queue_log}

Enable logging to `system.s3queue_log`.

Default value: `1`.

### `polling_min_timeout_ms` {#polling_min_timeout_ms}

Specifies the minimum time, in milliseconds, that ClickHouse waits before making the next polling attempt.

Possible values:

- Positive integer.

Default value: `1000`.

### `polling_max_timeout_ms` {#polling_max_timeout_ms}

Defines the maximum time, in milliseconds, that ClickHouse waits before initiating the next polling attempt.

Possible values:

- Positive integer.

Default value: `600000`.

### `polling_backoff_ms` {#polling_backoff_ms}

Determines the additional wait time added to the previous polling interval when no new files are found. The next poll occurs after the sum of the previous interval and this backoff value, or the maximum interval, whichever is lower.

Possible values:

- Positive integer.

Default value: `30000`.

### `tracked_files_limit` {#tracked_files_limit}

Allows to limit the number of Zookeeper nodes if the 'unordered' mode is used, does nothing for 'ordered' mode.
If limit reached the oldest processed files will be deleted from ZooKeeper node and processed again.

Possible values:

- Positive integer.

Default value: `1000`.

### `tracked_file_ttl_sec` {#tracked_file_ttl_sec}

Maximum number of seconds to store processed files in ZooKeeper node (store forever by default) for 'unordered' mode, does nothing for 'ordered' mode.
After the specified number of seconds, the file will be re-imported.

Possible values:

- Positive integer.

Default value: `0`.

### `cleanup_interval_min_ms` {#cleanup_interval_min_ms}

For 'Ordered' mode. Defines a minimum boundary for reschedule interval for a background task, which is responsible for maintaining tracked file TTL and maximum tracked files set.

Default value: `60000`.

### `cleanup_interval_max_ms` {#cleanup_interval_max_ms}

For 'Ordered' mode. Defines a maximum boundary for reschedule interval for a background task, which is responsible for maintaining tracked file TTL and maximum tracked files set.

Default value: `60000`.

### `buckets` {#buckets}

For 'Ordered' mode. Available since `24.6`. If there are several replicas of S3Queue table, each working with the same metadata directory in keeper, the value of `buckets` needs to be equal to at least the number of replicas. If `processing_threads` setting is used as well, it makes sense to increase the value of `buckets` setting even further, as it defines the actual parallelism of `S3Queue` processing.

### `use_persistent_processing_nodes` {#use_persistent_processing_nodes}

By default S3Queue table has always used ephemeral processing nodes, which could lead to duplicates in data in case zookeeper session expires before S3Queue commits processed files in zookeeper, but after it has started processing. This setting forces the server to eliminate possibility of duplicates in case of expired keeper session.

### `persistent_processing_node_ttl_seconds` {#persistent_processing_node_ttl_seconds}

In case of non-graceful server termination, it is possible that if `use_persistent_processing_nodes` is enabled, we can have not removed processing nodes. This setting defines a period of time when these processing nodes can safely be cleaned up. The same TTL is also used for the bucket lock in `Ordered` mode, which can be held for a longer time than a single processing node, so the value should account for that as well.

Default value: `21600` (6 hours).

## S3-related settings {#s3-settings}

Engine supports all s3 related settings. For more information about S3 settings see [here](../../../engines/table-engines/integrations/s3.md).

## S3 role-based access {#s3-role-based-access}

<ScalePlanFeatureBadge feature=""S3 Role-Based Access"" />

The s3Queue table engine supports role-based access.
Refer to the documentation [here](/cloud/data-sources/secure-s3) for steps to configure a role to access your bucket.

Once the role is configured, a `roleARN` can be passed via an `extra_credentials` parameter as shown below:
```sql
CREATE TABLE s3_table
(
    ts DateTime,
    value UInt64
)
ENGINE = S3Queue(
                'https://<your_bucket>/*.csv',
                extra_credentials(role_arn = 'arn:aws:iam::111111111111:role/<your_role>')
                ,'CSV')
SETTINGS
    ...
```

## S3Queue ordered mode {#ordered-mode}

`S3Queue` processing mode allows to store less metadata in ZooKeeper, but has a limitation that files, which added later by time, are required to have alphanumerically bigger names.

`S3Queue` `ordered` mode, as well as `unordered`, supports `(s3queue_)processing_threads_num` setting (`s3queue_` prefix is optional), which allows to control number of threads, which would do processing of `S3` files locally on the server.

For `ordered` mode without partitioning, ClickHouse may resume S3 listing from the last processed key to avoid re-listing the full prefix history. In bucketed ordered mode, the resume point is conservatively chosen as the smallest processed key across all buckets to avoid skipping unprocessed files.
This resume-listing optimization is used only for S3-backed queues in ordered mode without partitioning (not for AzureQueue or when `partitioning_mode` is set).
In addition, `ordered` mode also introduces another setting called `(s3queue_)buckets` which means ""logical threads"". It means that in distributed scenario, when there are several servers with `S3Queue` table replicas, where this setting defines the number of processing units. E.g. each processing thread on each `S3Queue` replica will try to lock a certain `bucket` for processing, each `bucket` is attributed to certain files by hash of the file name. Therefore, in distributed scenario it is highly recommended to have `(s3queue_)buckets` setting to be at least equal to the number of replicas or bigger. This is fine to have the number of buckets bigger than the number of replicas. The most optimal scenario would be for `(s3queue_)buckets` setting to equal a multiplication of `number_of_replicas` and `(s3queue_)processing_threads_num`.
The setting `(s3queue_)processing_threads_num` is not recommended for usage before version `24.6`.
The setting `(s3queue_)buckets` is available starting with version `24.6`.

## SELECT from S3Queue table engine {#select}

SELECT queries are forbidden by default on S3Queue tables. This follows the common queue pattern where data is read once and then removed from the queue. SELECT is forbidden to prevent accidental data loss.
However, sometimes it might be useful. To do this, you need to set the setting `stream_like_engine_allow_direct_select` to `True`.
The S3Queue engine has a special setting for SELECT queries: `commit_on_select`. Set it to `False` to preserve data in the queue after reading, or `True` to remove it.

## Description {#description}

`SELECT` is not particularly useful for streaming import (except for debugging), because each file can be imported only once. It is more practical to create real-time threads using [materialized views](../../../sql-reference/statements/create/view.md). To do this:

1.  Use the engine to create a table for consuming from specified path in S3 and consider it a data stream.
2.  Create a table with the desired structure.
3.  Create a materialized view that converts data from the engine and puts it into a previously created table.

When the `MATERIALIZED VIEW` joins the engine, it starts collecting data in the background.

Example:

```sql
CREATE TABLE s3queue_engine_table (name String, value UInt32)
    ENGINE=S3Queue('https://clickhouse-public-datasets.s3.amazonaws.com/my-test-bucket-768/*', 'CSV', 'gzip')
    SETTINGS
        mode = 'unordered';

CREATE TABLE stats (name String, value UInt32)
    ENGINE = MergeTree() ORDER BY name;

CREATE MATERIALIZED VIEW consumer TO stats
    AS SELECT name, value FROM s3queue_engine_table;

  SELECT * FROM stats ORDER BY name;
```

## Virtual columns {#virtual-columns}

- `_path` — Path to the file.
- `_file` — Name of the file.
- `_size` — Size of the file.
- `_time` — Time of the file creation.

For more information about virtual columns see [here](../../../engines/table-engines/index.md#table_engines-virtual_columns).

## Wildcards in path {#wildcards-in-path}

`path` argument can specify multiple files using bash-like wildcards. For being processed file should exist and match to the whole path pattern. Listing of files is determined during `SELECT` (not at `CREATE` moment).

- `*` — Substitutes any number of any characters except `/` including empty string.
- `**` — Substitutes any number of any characters include `/` including empty string.
- `?` — Substitutes any single character.
- `{some_string,another_string,yet_another_one}` — Substitutes any of strings `'some_string', 'another_string', 'yet_another_one'`.
- `{N..M}` — Substitutes any number in range from N to M including both borders. N and M can have leading zeroes e.g. `000..078`.

Constructions with `{}` are similar to the [remote](../../../sql-reference/table-functions/remote.md) table function.

## Limitations {#limitations}

1. Duplicated rows can be as a result of:

- an exception happens during parsing in the middle of file processing and retries are enabled via `s3queue_loading_retries`;

- `S3Queue` is configured on multiple servers pointing to the same path in zookeeper and keeper session expires before one server managed to commit processed file, which could lead to another server taking processing of the file, which could be partially or fully processed by the first server; However, this is not true since version 25.8 if `use_persistent_processing_nodes = 1`.

- abnormal server termination.

2. `S3Queue` is configured on multiple servers pointing to the same path in zookeeper and `Ordered` mode is used, then `s3queue_loading_retries` will not work. This will be fixed soon.

## Introspection {#introspection}

For introspection use `system.s3queue_metadata_cache` stateless table and `system.s3queue_log` persistent table.

1. `system.s3queue_metadata_cache`. This table is not persistent and shows in-memory state of `S3Queue`: which files are currently being processed, which files are processed or failed.

```sql
┌─statement──────────────────────────────────────────────────────────────────────────────────────────────────────────────────────────────────────────────────────────────────────────────────────────────────────────────────────────────────────────────────┐
│ CREATE TABLE system.s3queue_metadata_cache
(
    `database` String,
    `table` String,
    `file_name` String,
    `rows_processed` UInt64,
    `status` String,
    `processing_start_time` Nullable(DateTime),
    `processing_end_time` Nullable(DateTime),
    `ProfileEvents` Map(String, UInt64)
    `exception` String
)
ENGINE = SystemS3Queue
COMMENT 'Contains in-memory state of S3Queue metadata and currently processed rows per file.' │
└────────────────────────────────────────────────────────────────────────────────────────────────────────────────────────────────────────────────────────────────────────────────────────────────────────────────────────────────────────────────────────────┘
```

Example:

```sql

SELECT *
FROM system.s3queue_metadata_cache

Row 1:
──────
zookeeper_path:        /clickhouse/s3queue/25ea5621-ae8c-40c7-96d0-cec959c5ab88/3b3f66a1-9866-4c2e-ba78-b6bfa154207e
file_name:             wikistat/original/pageviews-20150501-030000.gz
rows_processed:        5068534
status:                Processed
processing_start_time: 2023-10-13 13:09:48
processing_end_time:   2023-10-13 13:10:31
ProfileEvents:         {'ZooKeeperTransactions':3,'ZooKeeperGet':2,'ZooKeeperMulti':1,'SelectedRows':5068534,'SelectedBytes':198132283,'ContextLock':1,'S3QueueSetFileProcessingMicroseconds':2480,'S3QueueSetFileProcessedMicroseconds':9985,'S3QueuePullMicroseconds':273776,'LogTest':17}
exception:
```

2. `system.s3queue_log`. Persistent table. Has the same information as `system.s3queue_metadata_cache`, but for `processed` and `failed` files.

The table has the following structure:

```sql
SHOW CREATE TABLE system.s3queue_log

Query id: 0ad619c3-0f2a-4ee4-8b40-c73d86e04314

┌─statement──────────────────────────────────────────────────────────────────────────────────────────────────────────────────────────────────────────────────────────────────────────────────────────────────────────────────────────────────────────────────┐
│ CREATE TABLE system.s3queue_log
(
    `event_date` Date,
    `event_time` DateTime,
    `table_uuid` String,
    `file_name` String,
    `rows_processed` UInt64,
    `status` Enum8('Processed' = 0, 'Failed' = 1),
    `processing_start_time` Nullable(DateTime),
    `processing_end_time` Nullable(DateTime),
    `ProfileEvents` Map(String, UInt64),
    `exception` String
)
ENGINE = MergeTree
PARTITION BY toYYYYMM(event_date)
ORDER BY (event_date, event_time) │
└────────────────────────────────────────────────────────────────────────────────────────────────────────────────────────────────────────────────────────────────────────────────────────────────────────────────────────────────────────────────────────────┘
```

In order to use `system.s3queue_log` define its configuration in server config file:

```xml
    <s3queue_log>
        <database>system</database>
        <table>s3queue_log</table>
    </s3queue_log>
```

Example:

```sql
SELECT *
FROM system.s3queue_log

Row 1:
──────
event_date:            2023-10-13
event_time:            2023-10-13 13:10:12
table_uuid:
file_name:             wikistat/original/pageviews-20150501-020000.gz
rows_processed:        5112621
status:                Processed
processing_start_time: 2023-10-13 13:09:48
processing_end_time:   2023-10-13 13:10:12
ProfileEvents:         {'ZooKeeperTransactions':3,'ZooKeeperGet':2,'ZooKeeperMulti':1,'SelectedRows':5112621,'SelectedBytes':198577687,'ContextLock':1,'S3QueueSetFileProcessingMicroseconds':1934,'S3QueueSetFileProcessedMicroseconds':17063,'S3QueuePullMicroseconds':5841972,'LogTest':17}
exception:
```
","ENGINE = S3Queue(url [, access_key_id, secret_access_key] [, format] [, compression]) SETTINGS mode = '...', ...","","","['AzureQueue','S3']"
"26.6.2.81","Hudi",0,0,0,0,0,0,0,0,"
This engine provides a read-only integration with existing Apache [Hudi](https://hudi.apache.org/) tables in Amazon S3.

## Create table {#create-table}

Note that the Hudi table must already exist in S3, this command does not take DDL parameters to create a new table.

```sql
CREATE TABLE hudi_table
    ENGINE = Hudi(url, [aws_access_key_id, aws_secret_access_key,] [extra_credentials])
```

**Engine parameters**

- `url` — Bucket url with the path to an existing Hudi table.
- `aws_access_key_id`, `aws_secret_access_key` - Long-term credentials for the [AWS](https://aws.amazon.com/) account user.  You can use these to authenticate your requests. Parameter is optional. If credentials are not specified, they are used from the configuration file.
- `extra_credentials` - Optional. Used to pass a `role_arn` for role-based access in ClickHouse Cloud. See [Secure S3](/cloud/data-sources/secure-s3) for configuration steps.

Engine parameters can be specified using [Named Collections](/operations/named-collections.md).

**Example**

```sql
CREATE TABLE hudi_table ENGINE=Hudi('http://mars-doc-test.s3.amazonaws.com/clickhouse-bucket-3/test_table/', 'ABC123', 'Abc+123')
```

Using named collections:

```xml
<clickhouse>
    <named_collections>
        <hudi_conf>
            <url>http://mars-doc-test.s3.amazonaws.com/clickhouse-bucket-3/</url>
            <access_key_id>ABC123</access_key_id>
            <secret_access_key>Abc+123</secret_access_key>
        </hudi_conf>
    </named_collections>
</clickhouse>
```

```sql
CREATE TABLE hudi_table ENGINE=Hudi(hudi_conf, filename = 'test_table')
```

## See also {#see-also}

- [hudi table function](/sql-reference/table-functions/hudi.md)
","ENGINE = Hudi(url [, access_key_id, secret_access_key])","","","['Iceberg','DeltaLake']"
"26.6.2.81","PaimonLocal",1,0,0,0,0,0,0,0,"Provides a read-only integration with existing Apache Paimon tables stored on the local filesystem. This engine is experimental: enable it with the `allow_experimental_paimon_storage_engine` setting.","ENGINE = PaimonLocal(path)","","","['Paimon']"
"26.6.2.81","MySQL",1,0,0,0,0,0,0,0,"
The MySQL engine allows you to perform `SELECT` and `INSERT` queries on data that is stored on a remote MySQL server.

## Creating a table {#creating-a-table}

```sql
CREATE TABLE [IF NOT EXISTS] [db.]table_name [ON CLUSTER cluster]
(
    name1 [type1] [DEFAULT|MATERIALIZED|ALIAS expr1],
    name2 [type2] [DEFAULT|MATERIALIZED|ALIAS expr2],
    ...
) ENGINE = MySQL({host:port, database, table, user, password[, replace_query, on_duplicate_clause] | named_collection[, option=value [,..]]})
SETTINGS
    [ connection_pool_size=16, ]
    [ connection_max_tries=3, ]
    [ connection_wait_timeout=5, ]
    [ connection_auto_close=true, ]
    [ connect_timeout=10, ]
    [ read_write_timeout=300, ]
    [ enable_compression=false ]
;
```

See a detailed description of the [CREATE TABLE](/sql-reference/statements/create/table) query.

The table structure can differ from the original MySQL table structure:

- Column names should be the same as in the original MySQL table, but you can use just some of these columns and in any order.
- Column types may differ from those in the original MySQL table. ClickHouse tries to [cast](../../../engines/database-engines/mysql.md#data_types-support) values to the ClickHouse data types.
- The [external_table_functions_use_nulls](/operations/settings/settings#external_table_functions_use_nulls) setting defines how to handle Nullable columns. Default value: 1. If 0, the table function does not make Nullable columns and inserts default values instead of nulls. This is also applicable for NULL values inside arrays.

**Engine Parameters**

- `host:port` — MySQL server address.
- `database` — Remote database name.
- `table` — Remote table name.
- `user` — MySQL user.
- `password` — User password.
- `replace_query` — Flag that converts `INSERT INTO` queries to `REPLACE INTO`. If `replace_query=1`, the query is substituted.
- `on_duplicate_clause` — The `ON DUPLICATE KEY on_duplicate_clause` expression that is added to the `INSERT` query.
    Example: `INSERT INTO t (c1,c2) VALUES ('a', 2) ON DUPLICATE KEY UPDATE c2 = c2 + 1`, where `on_duplicate_clause` is `UPDATE c2 = c2 + 1`. See the [MySQL documentation](https://dev.mysql.com/doc/refman/8.0/en/insert-on-duplicate.html) to find which `on_duplicate_clause` you can use with the `ON DUPLICATE KEY` clause.
    To specify `on_duplicate_clause` you need to pass `0` to the `replace_query` parameter. If you simultaneously pass `replace_query = 1` and `on_duplicate_clause`, ClickHouse generates an exception.

Arguments also can be passed using [named collections](/operations/named-collections.md). In this case `host` and `port` should be specified separately. This approach is recommended for production environment.

Simple `WHERE` clauses such as `=, !=, >, >=, <, <=` are executed on the MySQL server.

The rest of the conditions and the `LIMIT` sampling constraint are executed in ClickHouse only after the query to MySQL finishes.

Supports multiple replicas that must be listed by `|`. For example:

```sql
CREATE TABLE test_replicas (id UInt32, name String, age UInt32, money UInt32) ENGINE = MySQL(`mysql{2|3|4}:3306`, 'clickhouse', 'test_replicas', 'root', 'clickhouse');
```

## Usage example {#usage-example}

Create table in MySQL:

```text
mysql> CREATE TABLE `test`.`test` (
    ->   `int_id` INT NOT NULL AUTO_INCREMENT,
    ->   `int_nullable` INT NULL DEFAULT NULL,
    ->   `float` FLOAT NOT NULL,
    ->   `float_nullable` FLOAT NULL DEFAULT NULL,
    ->   PRIMARY KEY (`int_id`));
Query OK, 0 rows affected (0,09 sec)

mysql> insert into test (`int_id`, `float`) VALUES (1,2);
Query OK, 1 row affected (0,00 sec)

mysql> select * from test;
+------+----------+-----+----------+
| int_id | int_nullable | float | float_nullable |
+------+----------+-----+----------+
|      1 |         NULL |     2 |           NULL |
+------+----------+-----+----------+
1 row in set (0,00 sec)
```

Create table in ClickHouse using plain arguments:

```sql
CREATE TABLE mysql_table
(
    `float_nullable` Nullable(Float32),
    `int_id` Int32
)
ENGINE = MySQL('localhost:3306', 'test', 'test', 'bayonet', '123')
```

Or using [named collections](/operations/named-collections.md):

```sql
CREATE NAMED COLLECTION creds AS
        host = 'localhost',
        port = 3306,
        database = 'test',
        user = 'bayonet',
        password = '123';
CREATE TABLE mysql_table
(
    `float_nullable` Nullable(Float32),
    `int_id` Int32
)
ENGINE = MySQL(creds, table='test')
```

Retrieving data from MySQL table:

```sql
SELECT * FROM mysql_table
```

```text
┌─float_nullable─┬─int_id─┐
│           ᴺᵁᴸᴸ │      1 │
└────────────────┴────────┘
```

## Settings {#mysql-settings}

Default settings are not very efficient, since they do not even reuse connections. These settings allow you to increase the number of queries run by the server per second.

### `connection_auto_close` {#connection-auto-close}

Allows to automatically close the connection after query execution, i.e. disable connection reuse.

Possible values:

- 1 — Auto-close connection is allowed, so the connection reuse is disabled
- 0 — Auto-close connection is not allowed, so the connection reuse is enabled

Default value: `1`.

### `connection_max_tries` {#connection-max-tries}

Sets the number of retries for pool with failover.

Possible values:

- Positive integer.
- 0 — There are no retries for pool with failover.

Default value: `3`.

### `connection_pool_size` {#connection-pool-size}

Size of connection pool (if all connections are in use, the query will wait until some connection will be freed).

Possible values:

- Positive integer.

Default value: `16`.

### `connection_wait_timeout` {#connection-wait-timeout}

Timeout (in seconds) for waiting for free connection (in case of there is already connection_pool_size active connections), 0 - do not wait.

Possible values:

- Positive integer.

Default value: `5`.

### `connect_timeout` {#connect-timeout}

Connect timeout (in seconds).

Possible values:

- Positive integer.

Default value: `10`.

### `read_write_timeout` {#read-write-timeout}

Read/write timeout (in seconds).

Possible values:

- Positive integer.

Default value: `300`.

### `enable_compression` {#enable-compression}

Enables compression for the MySQL protocol connection.

Default value: `false`.

This setting applies to:

- the `MySQL` table engine;
- the `MySQL` database engine;
- the `mysql` table function;
- named collections used by MySQL integrations.

When enabled, ClickHouse requests compression for the connection.

Example:

```sql
CREATE TABLE mysql_engine_compression
(
    id UInt32,
    name String,
    age UInt32,
    money UInt32
)
ENGINE = MySQL('mysql80:3306', 'clickhouse', 'test_table', 'root', 'password')
SETTINGS enable_compression = 1;
```

## See also {#see-also}

- [The mysql table function](../../../sql-reference/table-functions/mysql.md)
- [Using MySQL as a dictionary source](/sql-reference/statements/create/dictionary/sources/mysql)
","ENGINE = MySQL('host:port', 'database', 'table', 'user', 'password'[, replace_query, on_duplicate_clause])","","","['PostgreSQL','SQLite','MongoDB']"
"26.6.2.81","PaimonAzure",1,0,0,0,0,0,0,0,"Provides a read-only integration with existing Apache Paimon tables stored in Microsoft Azure Blob Storage. This engine is experimental: enable it with the `allow_experimental_paimon_storage_engine` setting.","ENGINE = PaimonAzure(connection_string | storage_account_url, container_name, blobpath)","","","['Paimon']"
"26.6.2.81","Distributed",1,0,0,0,0,0,0,1,"
:::warning Distributed engine in Cloud
To create a distributed table engine in ClickHouse Cloud, you can use the [`remote` and `remoteSecure`](../../../sql-reference/table-functions/remote) table functions.
The `Distributed(...)` syntax cannot be used in ClickHouse Cloud.
:::

Tables with Distributed engine do not store any data of their own, but allow distributed query processing on multiple servers.
Reading is automatically parallelized. During a read, the table indexes on remote servers are used if they exist.

## Creating a table {#distributed-creating-a-table}

```sql
CREATE TABLE [IF NOT EXISTS] [db.]table_name [ON CLUSTER cluster]
(
    name1 [type1] [DEFAULT|MATERIALIZED|ALIAS expr1],
    name2 [type2] [DEFAULT|MATERIALIZED|ALIAS expr2],
    ...
) ENGINE = Distributed(cluster, database, table[, sharding_key[, policy_name]])
[SETTINGS name=value, ...]
```

### From a table {#distributed-from-a-table}

When the `Distributed` table is pointing to a table on the current server you can adopt that table's schema:

```sql
CREATE TABLE [IF NOT EXISTS] [db.]table_name [ON CLUSTER cluster] AS [db2.]name2 ENGINE = Distributed(cluster, database, table[, sharding_key[, policy_name]]) [SETTINGS name=value, ...]
```

### Distributed parameters {#distributed-parameters}

| Parameter                 | Description                                                                                                                                                                                                                                                                                                                                                                                                                                                                           |
|---------------------------|---------------------------------------------------------------------------------------------------------------------------------------------------------------------------------------------------------------------------------------------------------------------------------------------------------------------------------------------------------------------------------------------------------------------------------------------------------------------------------------|
| `cluster`                 | The cluster name in the server's config file                                                                                                                                                                                                                                                                                                                                                                                                                                          |
| `database`                | The name of a remote database                                                                                                                                                                                                                                                                                                                                                                                                                                                         |
| `table`                   | The name of a remote table                                                                                                                                                                                                                                                                                                                                                                                                                                                            |
| `sharding_key` (Optional) | The sharding key. <br/> Specifying the `sharding_key` is necessary for the following: <ul><li>For `INSERTs` into a distributed table (as the table engine needs the `sharding_key` to determine how to split the data). However, if `insert_distributed_one_random_shard` setting is enabled, then `INSERTs` do not need the sharding key.</li><li>For use with `optimize_skip_unused_shards` as the `sharding_key` is necessary to determine what shards should be queried</li></ul> |
| `policy_name` (Optional)  | The policy name, it will be used to store temporary files for background send                                                                                                                                                                                                                                                                                                                                                                                                         |

**See Also**

- [distributed_foreground_insert](../../../operations/settings/settings.md#distributed_foreground_insert) setting
- [MergeTree](../../../engines/table-engines/mergetree-family/mergetree.md#table_engine-mergetree-multiple-volumes) for the examples
### Distributed settings {#distributed-settings}

| Setting                                    | Description                                                                                                                                                                                                                           | Default value |
|--------------------------------------------|---------------------------------------------------------------------------------------------------------------------------------------------------------------------------------------------------------------------------------------|---------------|
| `fsync_after_insert`                       | Do the `fsync` for the file data after background insert to Distributed. Guarantees that the OS flushed the whole inserted data to a file **on the initiator node** disk.                                                             | `false`       |
| `fsync_directories`                        | Do the `fsync` for directories. Guarantees that the OS refreshed directory metadata after operations related to background inserts on Distributed table (after insert, after sending the data to shard, etc.).                        | `false`       |
| `skip_unavailable_shards`                  | If true, ClickHouse silently skips unavailable shards. Shard is marked as unavailable when: 1) The shard cannot be reached due to a connection failure. 2) Shard is unresolvable through DNS. 3) Table does not exist on the shard.   | `false`       |
| `bytes_to_throw_insert`                    | If more than this number of compressed bytes will be pending for background `INSERT`, an exception will be thrown. `0` - do not throw.                                                                                                | `0`           |
| `bytes_to_delay_insert`                    | If more than this number of compressed bytes will be pending for background INSERT, the query will be delayed. 0 - do not delay.                                                                                                      | `0`           |
| `max_delay_to_insert`                      | Max delay of inserting data into Distributed table in seconds, if there are a lot of pending bytes for background send.                                                                                                               | `60`          |
| `background_insert_batch`                  | The same as [`distributed_background_insert_batch`](../../../operations/settings/settings.md#distributed_background_insert_batch)                                                                                                     | `0`           |
| `background_insert_split_batch_on_failure` | The same as [`distributed_background_insert_split_batch_on_failure`](../../../operations/settings/settings.md#distributed_background_insert_split_batch_on_failure)                                                                   | `0`           |
| `background_insert_sleep_time_ms`          | The same as [`distributed_background_insert_sleep_time_ms`](../../../operations/settings/settings.md#distributed_background_insert_sleep_time_ms)                                                                                     | `0`           |
| `background_insert_max_sleep_time_ms`      | The same as [`distributed_background_insert_max_sleep_time_ms`](../../../operations/settings/settings.md#distributed_background_insert_max_sleep_time_ms)                                                                             | `0`           |
| `flush_on_detach`                          | Flush data to remote nodes on `DETACH`/`DROP`/server shutdown.                                                                                                                                                                        | `true`        |

:::note
**Durability settings** (`fsync_...`):

- Affect only background `INSERT`s (i.e. `distributed_foreground_insert=false`) when data is first stored on the initiator node disk and later, in the background, when sent to shards.
- May significantly decrease `INSERT` performance
- Affect writing the data stored inside the distributed table folder into the **node which accepted your insert**. If you need to have guarantees of writing data to the underlying MergeTree tables, see durability settings (`...fsync...`) in `system.merge_tree_settings`

For **Insert limit settings** (`..._insert`) see also:

- [`distributed_foreground_insert`](../../../operations/settings/settings.md#distributed_foreground_insert) setting
- [`prefer_localhost_replica`](/operations/settings/settings#prefer_localhost_replica) setting
- `bytes_to_throw_insert` handled before `bytes_to_delay_insert`, so you should not set it to the value less then `bytes_to_delay_insert`
:::

**Example**

```sql
CREATE TABLE hits_all AS hits
ENGINE = Distributed(logs, default, hits[, sharding_key[, policy_name]])
SETTINGS
    fsync_after_insert=0,
    fsync_directories=0;
```

Data will be read from all servers in the `logs` cluster, from the `default.hits` table located on every server in the cluster. Data is not only read but is partially processed on the remote servers (to the extent that this is possible). For example, for a query with `GROUP BY`, data will be aggregated on remote servers, and the intermediate states of aggregate functions will be sent to the requestor server. Then data will be further aggregated.

Instead of the database name, you can use a constant expression that returns a string. For example: `currentDatabase()`.

## Clusters {#distributed-clusters}

Clusters are configured in the [server configuration file](../../../operations/configuration-files.md):

```xml
<remote_servers>
    <logs>
        <!-- Inter-server per-cluster secret for Distributed queries
             default: no secret (no authentication will be performed)

             If set, then Distributed queries will be validated on shards, so at least:
             - such cluster should exist on the shard,
             - such cluster should have the same secret.

             And also (and which is more important), the initial_user will
             be used as current user for the query.
        -->
        <!-- <secret></secret> -->

        <!-- Optional. Whether distributed DDL queries (ON CLUSTER clause) are allowed for this cluster. Default: true (allowed). -->
        <!-- <allow_distributed_ddl_queries>true</allow_distributed_ddl_queries> -->

        <shard>
            <!-- Optional. Shard weight when writing data. Default: 1. -->
            <weight>1</weight>
            <!-- Optional. The shard name.  Must be non-empty and unique among shards in the cluster. If not specified, will be empty. -->
            <name>shard_01</name>
            <!-- Optional. Whether to write data to just one of the replicas. Default: false (write data to all replicas). -->
            <internal_replication>false</internal_replication>
            <replica>
                <!-- Optional. Priority of the replica for load balancing (see also load_balancing setting). Default: 1 (less value has more priority). -->
                <priority>1</priority>
                <host>example01-01-1</host>
                <port>9000</port>
            </replica>
            <replica>
                <host>example01-01-2</host>
                <port>9000</port>
            </replica>
        </shard>
        <shard>
            <weight>2</weight>
            <name>shard_02</name>
            <internal_replication>false</internal_replication>
            <replica>
                <host>example01-02-1</host>
                <port>9000</port>
            </replica>
            <replica>
                <host>example01-02-2</host>
                <secure>1</secure>
                <port>9440</port>
            </replica>
        </shard>
    </logs>
</remote_servers>
```

Here a cluster is defined with the name `logs` that consists of two shards, each of which contains two replicas. Shards refer to the servers that contain different parts of the data (in order to read all the data, you must access all the shards). Replicas are duplicating servers (in order to read all the data, you can access the data on any one of the replicas).

Cluster names must not contain dots.

The parameters `host`, `port`, and optionally `user`, `password`, `secure`, `compression`, `bind_host` are specified for each server:

| Parameter     | Description                                                                                                                                                                                                                                                                                                                              | Default Value |
|---------------|------------------------------------------------------------------------------------------------------------------------------------------------------------------------------------------------------------------------------------------------------------------------------------------------------------------------------------------|--------------|
| `host`        | The address of the remote server. You can use either the domain or the IPv4 or IPv6 address. If you specify the domain, the server makes a DNS request when it starts, and the result is stored as long as the server is running. If the DNS request fails, the server does not start. If you change the DNS record, restart the server. | -            |
| `port`        | The TCP port for messenger activity (`tcp_port` in the config, usually set to 9000). Not to be confused with `http_port`.                                                                                                                                                                                                                | -            |
| `user`        | Name of the user for connecting to a remote server. This user must have access to connect to the specified server. Access is configured in the `users.xml` file. For more information, see the section [Access rights](../../../guides/sre/user-management/index.md).                                                                    | `default`    |
| `password`    | The password for connecting to a remote server (not masked).                                                                                                                                                                                                                                                                             | ''           |
| `secure`      | Whether to use a secure SSL/TLS connection. Usually also requires specifying the port (the default secure port is `9440`). The server should listen on `<tcp_port_secure>9440</tcp_port_secure>` and be configured with correct certificates.                                                                                            | `false`      |
| `compression` | Use data compression.                                                                                                                                                                                                                                                                                                                    | `true`       |
| `bind_host`   | The source address to use when connecting to the remote server from this node. IPv4 address only supported. Intended for advanced deployment use cases where setting the source IP address used by ClickHouse distributed queries is needed.                                                                                             | -            |

When specifying replicas, one of the available replicas will be selected for each of the shards when reading. You can configure the algorithm for load balancing (the preference for which replica to access) – see the [load_balancing](../../../operations/settings/settings.md#load_balancing) setting. If the connection with the server is not established, there will be an attempt to connect with a short timeout. If the connection failed, the next replica will be selected, and so on for all the replicas. If the connection attempt failed for all the replicas, the attempt will be repeated the same way, several times. This works in favour of resiliency, but does not provide complete fault tolerance: a remote server might accept the connection, but might not work, or work poorly.

You can specify just one of the shards (in this case, query processing should be called remote, rather than distributed) or up to any number of shards. In each shard, you can specify from one to any number of replicas. You can specify a different number of replicas for each shard.

You can specify as many clusters as you wish in the configuration.

To view your clusters, use the `system.clusters` table.

The `Distributed` engine allows working with a cluster like a local server. However, the cluster's configuration cannot be specified dynamically, it has to be configured in the server config file. Usually, all servers in a cluster will have the same cluster config (though this is not required). Clusters from the config file are updated on the fly, without restarting the server.

If you need to send a query to an unknown set of shards and replicas each time, you do not need to create a `Distributed` table – use the `remote` table function instead. See the section [Table functions](../../../sql-reference/table-functions/index.md).

## Writing data {#distributed-writing-data}

There are two methods for writing data to a cluster:

First, you can define which servers to write which data to and perform the write directly on each shard. In other words, perform direct `INSERT` statements on the remote tables in the cluster that the `Distributed` table is pointing to. This is the most flexible solution as you can use any sharding scheme, even one that is non-trivial due to the requirements of the subject area. This is also the most optimal solution since data can be written to different shards completely independently.

Second, you can perform `INSERT` statements on a `Distributed` table. In this case, the table will distribute the inserted data across the servers itself. In order to write to a `Distributed` table, it must have the `sharding_key` parameter configured (except if there is only one shard).

Each shard can have a `<weight>` defined in the config file. By default, the weight is `1`. Data is distributed across shards in the amount proportional to the shard weight. All shard weights are summed up, then each shard's weight is divided by the total to determine each shard's proportion. For example, if there are two shards and the first has a weight of 1 while the second has a weight of 2, the first will be sent one third (1 / 3) of inserted rows and the second will be sent two thirds (2 / 3).

Each shard can have the `internal_replication` parameter defined in the config file. If this parameter is set to `true`, the write operation selects the first healthy replica and writes data to it. Use this if the tables underlying the `Distributed` table are replicated tables (e.g. any of the `Replicated*MergeTree` table engines). One of the table replicas will receive the write, and it will be replicated to the other replicas automatically.

If `internal_replication` is set to `false` (the default), data is written to all replicas. In this case, the `Distributed` table replicates data itself. This is worse than using replicated tables because the consistency of replicas is not checked and, over time, they will contain slightly different data.

To select the shard that a row of data is sent to, the sharding expression is analyzed, and its remainder is taken from dividing it by the total weight of the shards. The row is sent to the shard that corresponds to the half-interval of the remainders from `prev_weights` to `prev_weights + weight`, where `prev_weights` is the total weight of the shards with the smallest number, and `weight` is the weight of this shard. For example, if there are two shards, and the first has a weight of 9 while the second has a weight of 10, the row will be sent to the first shard for the remainders from the range \[0, 9), and to the second for the remainders from the range \[9, 19).

The sharding expression can be any expression from constants and table columns that returns an integer. For example, you can use the expression `rand()` for random distribution of data, or `UserID` for distribution by the remainder from dividing the user's ID (then the data of a single user will reside on a single shard, which simplifies running `IN` and `JOIN` by users). If one of the columns is not distributed evenly enough, you can wrap it in a hash function e.g. `intHash64(UserID)`.

A simple remainder from the division is a limited solution for sharding and isn't always appropriate. It works for medium and large volumes of data (dozens of servers), but not for very large volumes of data (hundreds of servers or more). In the latter case, use the sharding scheme required by the subject area rather than using entries in `Distributed` tables.

You should be concerned about the sharding scheme in the following cases:

- Queries are used that require joining data (`IN` or `JOIN`) by a specific key. If data is sharded by this key, you can use local `IN` or `JOIN` instead of `GLOBAL IN` or `GLOBAL JOIN`, which is much more efficient.
- A large number of servers is used (hundreds or more) with a large number of small queries, for example, queries for data of individual clients (e.g. websites, advertisers, or partners). In order for the small queries to not affect the entire cluster, it makes sense to locate data for a single client on a single shard. Alternatively, you can set up bi-level sharding: divide the entire cluster into ""layers"", where a layer may consist of multiple shards. Data for a single client is located on a single layer, but shards can be added to a layer as necessary, and data is randomly distributed within them. `Distributed` tables are created for each layer, and a single shared distributed table is created for global queries.

Data is written in background. When inserted in the table, the data block is just written to the local file system. The data is sent to the remote servers in the background as soon as possible. The periodicity for sending data is managed by the [distributed_background_insert_sleep_time_ms](../../../operations/settings/settings.md#distributed_background_insert_sleep_time_ms) and [distributed_background_insert_max_sleep_time_ms](../../../operations/settings/settings.md#distributed_background_insert_max_sleep_time_ms) settings. The `Distributed` engine sends each file with inserted data separately, but you can enable batch sending of files with the [distributed_background_insert_batch](../../../operations/settings/settings.md#distributed_background_insert_batch) setting. This setting improves cluster performance by better utilizing local server and network resources. You should check whether data is sent successfully by checking the list of files (data waiting to be sent) in the table directory: `/var/lib/clickhouse/data/database/table/`. The number of threads performing background tasks can be set by [background_distributed_schedule_pool_size](/operations/server-configuration-parameters/settings#background_distributed_schedule_pool_size) setting.

If the server ceased to exist or had a rough restart (for example, due to a hardware failure) after an `INSERT` to a `Distributed` table, the inserted data might be lost. If a damaged data part is detected in the table directory, it is transferred to the `broken` subdirectory and no longer used.

## Reading data {#distributed-reading-data}

When querying a `Distributed` table, `SELECT` queries are sent to all shards and work regardless of how data is distributed across the shards (they can be distributed completely randomly). When you add a new shard, you do not have to transfer old data into it. Instead, you can write new data to it by using a heavier weight – the data will be distributed slightly unevenly, but queries will work correctly and efficiently.

When the `max_parallel_replicas` option is enabled, query processing is parallelized across all replicas within a single shard. For more information, see the section [max_parallel_replicas](../../../operations/settings/settings.md#max_parallel_replicas).

To learn more about how distributed `in` and `global in` queries are processed, refer to [this](/sql-reference/operators/in#distributed-subqueries) documentation.

## Virtual columns {#virtual-columns}

#### _Shard_num {#_shard_num}

`_shard_num` — Contains the `shard_num` value from the table `system.clusters`. Type: [UInt32](../../../sql-reference/data-types/int-uint.md).

:::note
Since [`remote`](../../../sql-reference/table-functions/remote.md) and [`cluster](../../../sql-reference/table-functions/cluster.md) table functions internally create temporary Distributed table, `_shard_num` is available there too.
:::

**See Also**

- [Virtual columns](../../../engines/table-engines/index.md#table_engines-virtual_columns) description
- [`background_distributed_schedule_pool_size`](/operations/server-configuration-parameters/settings#background_distributed_schedule_pool_size) setting
- [`shardNum()`](../../../sql-reference/functions/other-functions.md#shardNum) and [`shardCount()`](../../../sql-reference/functions/other-functions.md#shardCount) functions
","ENGINE = Distributed(cluster, database, table[, sharding_key[, policy_name]])","","","['Merge']"
"26.6.2.81","ReplicatedSummingMergeTree",1,1,1,1,1,1,1,1,"Replicated version of the SummingMergeTree engine.","ENGINE = ReplicatedSummingMergeTree('zoo_path', 'replica_name'[, columns]) ORDER BY expr","","","['SummingMergeTree']"
"26.6.2.81","ExecutablePool",1,0,0,0,0,0,0,0,"
The `Executable` and `ExecutablePool` table engines allow you to define a table whose rows are generated from a script that you define (by writing rows to **stdout**). The executable script is stored in the `user_scripts` directory and can read data from any source.

- `Executable` tables: the script is run on every query
- `ExecutablePool` tables: maintains a pool of persistent processes, and takes processes from the pool for reads

You can optionally include one or more input queries that stream their results to **stdin** for the script to read.

## Creating an `Executable` table {#creating-an-executable-table}

The `Executable` table engine requires two parameters: the name of the script and the format of the incoming data. You can optionally pass in one or more input queries:

```sql
Executable(script_name, format, [input_query...])
```

Here are the relevant settings for an `Executable` table:

- `send_chunk_header`
  - Description: Send the number of rows in each chunk before sending a chunk to process. This setting can help to write your script in a more efficient way to preallocate some resources
  - Default value: false
- `command_termination_timeout`
  - Description: Command termination timeout in seconds
  - Default value: 10
- `command_read_timeout`
  - Description: Timeout for reading data from command stdout in milliseconds
  - Default value: 10000
- `command_write_timeout`
  - Description: Timeout for writing data to command stdin in milliseconds
  - Default value: 10000

Let's look at an example. The following Python script is named `my_script.py` and is saved in the `user_scripts` folder. It reads in a number `i` and prints `i` random strings, with each string preceded by a number that is separated by a tab:

```python
#!/usr/bin/python3

import sys
import string
import random

def main():

    # Read input value
    for number in sys.stdin:
        i = int(number)

        # Generate some random rows
        for id in range(0, i):
            letters = string.ascii_letters
            random_string = ''.join(random.choices(letters, k=10))
            print(str(id) + '\t' + random_string + '\n', end='')

        # Flush results to stdout
        sys.stdout.flush()

if __name__ == ""__main__"":
    main()
```

The following `my_executable_table` is built from the output of `my_script.py`, which will generate 10 random strings every time you run a `SELECT` from `my_executable_table`:

```sql
CREATE TABLE my_executable_table (
   x UInt32,
   y String
)
ENGINE = Executable('my_script.py', TabSeparated, (SELECT 10))
```

Creating the table returns immediately and does not invoke the script. Querying `my_executable_table` causes the script to be invoked:

```sql
SELECT * FROM my_executable_table
```

```response
┌─x─┬─y──────────┐
│ 0 │ BsnKBsNGNH │
│ 1 │ mgHfBCUrWM │
│ 2 │ iDQAVhlygr │
│ 3 │ uNGwDuXyCk │
│ 4 │ GcFdQWvoLB │
│ 5 │ UkciuuOTVO │
│ 6 │ HoKeCdHkbs │
│ 7 │ xRvySxqAcR │
│ 8 │ LKbXPHpyDI │
│ 9 │ zxogHTzEVV │
└───┴────────────┘
```

## Passing query results to a script {#passing-query-results-to-a-script}

Users of the Hacker News website leave comments. Python contains a natural language processing toolkit (`nltk`) with a `SentimentIntensityAnalyzer` for determining if comments are positive, negative, or neutral - including assigning a value between -1 (a very negative comment) and 1 (a very positive comment). Let's create an `Executable` table that computes the sentiment of Hacker News comments using `nltk`.

This example uses the `hackernews` table described [here](/engines/table-engines/mergetree-family/textindexes/#hacker-news-dataset). The `hackernews` table includes an `id` column of type `UInt64` and a `String` column named `comment`. Let's start by defining the `Executable` table:

```sql
CREATE TABLE sentiment (
id UInt64,
sentiment Float32
)
ENGINE = Executable(
    'sentiment.py',
    TabSeparated,
    (SELECT id, comment FROM hackernews WHERE id > 0 AND comment != '' LIMIT 20)
);
```

Some comments about the `sentiment` table:

- The file `sentiment.py` is saved in the `user_scripts` folder (the default folder of the `user_scripts_path` setting)
- The `TabSeparated` format means our Python script needs to generate rows of raw data that contain tab-separated values
- The query selects two columns from `hackernews`. The Python script will need to parse out those column values from the incoming rows

Here is the definition of `sentiment.py`:

```python
#!/usr/local/bin/python3.9

import sys
import nltk
from nltk.sentiment import SentimentIntensityAnalyzer

def main():
    sentiment_analyzer = SentimentIntensityAnalyzer()

    while True:
        try:
            row = sys.stdin.readline()
            if row == '':
                break

            split_line = row.split(""\t"")

            id = str(split_line[0])
            comment = split_line[1]

            score = sentiment_analyzer.polarity_scores(comment)['compound']
            print(id + '\t' + str(score) + '\n', end='')
            sys.stdout.flush()
        except BaseException as x:
            break

if __name__ == ""__main__"":
    main()
```

Some comments about our Python script:

- For this to work, you will need to run `nltk.downloader.download('vader_lexicon')`. This could have been placed in the script, but then it would have been downloaded every time a query was executed on the `sentiment` table - which is not efficient
- Each value of `row` is going to be a row in the result set of `SELECT id, comment FROM hackernews WHERE id > 0 AND comment != '' LIMIT 20`
- The incoming row is tab-separated, so we parse out the `id` and `comment` using the Python `split` function
- The result of `polarity_scores` is a JSON object with a handful of values. We decided to just grab the `compound` value of this JSON object
- Recall that the `sentiment` table in ClickHouse uses the `TabSeparated` format and contains two columns, so our `print` function separates those columns with a tab

Every time you write a query that selects rows from the `sentiment` table, the `SELECT id, comment FROM hackernews WHERE id > 0 AND comment != '' LIMIT 20` query is executed and the result is passed to `sentiment.py`. Let's test it out:

```sql
SELECT *
FROM sentiment
```

The response looks like:

```response
┌───────id─┬─sentiment─┐
│  7398199 │    0.4404 │
│ 21640317 │    0.1779 │
│ 21462000 │         0 │
│ 25168863 │         0 │
│ 25168978 │   -0.1531 │
│ 25169359 │         0 │
│ 25169394 │   -0.9231 │
│ 25169766 │    0.4137 │
│ 25172570 │    0.7469 │
│ 25173687 │    0.6249 │
│ 28291534 │         0 │
│ 28291669 │   -0.4767 │
│ 28291731 │         0 │
│ 28291949 │   -0.4767 │
│ 28292004 │    0.3612 │
│ 28292050 │    -0.296 │
│ 28292322 │         0 │
│ 28295172 │    0.7717 │
│ 28295288 │    0.4404 │
│ 21465723 │   -0.6956 │
└──────────┴───────────┘
```

## Creating an `ExecutablePool` table {#creating-an-executablepool-table}

The syntax for `ExecutablePool` is similar to `Executable`, but there are a couple of relevant settings unique to an `ExecutablePool` table:

- `pool_size`
  - Description: Processes pool size. If size is 0, then there are no size restrictions
  - Default value: 16
- `max_command_execution_time`
  - Description: Max command execution time in seconds
  - Default value: 10

We can easily convert the `sentiment` table above to use `ExecutablePool` instead of `Executable`:

```sql
CREATE TABLE sentiment_pooled (
id UInt64,
sentiment Float32
)
ENGINE = ExecutablePool(
    'sentiment.py',
    TabSeparated,
    (SELECT id, comment FROM hackernews WHERE id > 0 AND comment != '' LIMIT 20000)
)
SETTINGS
    pool_size = 4;
```

ClickHouse will maintain 4 processes on-demand when your client queries the `sentiment_pooled` table.
","ENGINE = ExecutablePool(script_name, format[, input_query...])","","","['Executable']"
"26.6.2.81","IcebergLocal",1,0,0,1,0,0,0,0,"Provides a read-only integration with existing Apache Iceberg tables stored on the local filesystem.","ENGINE = IcebergLocal(path)","","","['Iceberg']"
"26.6.2.81","View",0,0,0,0,0,0,0,0,"
Used for implementing views (for more information, see the `CREATE VIEW query`). It does not store data, but only stores the specified `SELECT` query. When reading from a table, it runs this query (and deletes all unnecessary columns from the query).
","CREATE VIEW name AS SELECT ...","","","['MaterializedView']"
"26.6.2.81","FuzzQuery",0,0,0,0,0,0,0,0,"Generates random SQL query strings by mutating a supplied query template. Useful for producing fuzzed queries for testing. The table must consist solely of columns of type `String`.","ENGINE = FuzzQuery(query_template[, max_query_length[, random_seed]])","","","['FuzzJSON','GenerateRandom']"
"26.6.2.81","Alias",0,0,0,0,0,0,0,0,"
# Alias table engine

The `Alias` engine creates a proxy to another table. All read and write operations are forwarded to the target table, while the alias itself stores no data and only maintains a reference to the target table.

## Creating a Table {#creating-a-table}

```sql
CREATE TABLE [db_name.]alias_name
ENGINE = Alias(target_table)
```

Or with explicit database name:

```sql
CREATE TABLE [db_name.]alias_name
ENGINE = Alias(target_db, target_table)
```

:::note
The `Alias` table does not support explicit column definitions. Columns are automatically inherited from the target table. This ensures that the alias always matches the target table's schema.
:::

## Engine Parameters {#engine-parameters}

- **`target_db (optional)`** — Name of the database containing the target table.
- **`target_table`** — Name of the target table.

:::note
When `target_db` is omitted and `target_table` is not fully qualified (e.g., `Alias('my_table')`), the target is resolved to the same database as the alias itself, not the session's current database.
:::

## Supported Operations {#supported-operations}

The `Alias` table engine supports all major operations.
### Operations on Target Table {#operations-on-target}

These operations are proxied to the target table:

| Operation | Support | Description |
|-----------|---------|-------------|
| `SELECT` | ✅ | Read data from target table |
| `INSERT` | ✅ | Write data to target table |
| `INSERT SELECT` | ✅ | Batch insert into target table |
| `ALTER TABLE ADD COLUMN` | ✅ | Add columns to target table |
| `ALTER TABLE MODIFY SETTING` | ✅ | Modify target table settings |
| `ALTER TABLE PARTITION` | ✅ | Partition operations (DETACH/ATTACH/DROP) on target |
| `ALTER TABLE UPDATE` | ✅ | Update rows in target table (mutation) |
| `ALTER TABLE DELETE` | ✅ | Delete rows from target table (mutation) |
| `OPTIMIZE TABLE` | ✅ | Optimize target table (merge parts) |
| `TRUNCATE TABLE` | ✅ | Truncate target table |

### Operations on Alias Itself {#operations-on-alias}

These operations only affect the alias, **not** the target table:

| Operation | Support | Description |
|-----------|---------|-------------|
| `DROP TABLE` | ✅ | Drop the alias only, target table remains unchanged |
| `RENAME TABLE` | ✅ | Rename the alias only, target table remains unchanged |

## Usage Examples {#usage-examples}

### Basic Alias Creation {#basic-alias-creation}

Create a simple alias in the same database:

```sql
-- Create source table
CREATE TABLE source_data (
    id UInt32,
    name String,
    value Float64
) ENGINE = MergeTree
ORDER BY id;

-- Insert some data
INSERT INTO source_data VALUES (1, 'one', 10.1), (2, 'two', 20.2);

-- Create alias
CREATE TABLE data_alias ENGINE = Alias('source_data');

-- Query through alias
SELECT * FROM data_alias;
```

```text
┌─id─┬─name─┬─value─┐
│  1 │ one  │  10.1 │
│  2 │ two  │  20.2 │
└────┴──────┴───────┘
```

### Cross-Database Alias {#cross-database-alias}

Create an alias pointing to a table in a different database:

```sql
-- Create databases
CREATE DATABASE db1;
CREATE DATABASE db2;

-- Create source table in db1
CREATE TABLE db1.events (
    timestamp DateTime,
    event_type String,
    user_id UInt32
) ENGINE = MergeTree
ORDER BY timestamp;

-- Create alias in db2 pointing to db1.events
CREATE TABLE db2.events_alias ENGINE = Alias('db1', 'events');

-- Or using database.table format
CREATE TABLE db2.events_alias2 ENGINE = Alias('db1.events');

-- Both aliases work identically
INSERT INTO db2.events_alias VALUES (now(), 'click', 100);
SELECT * FROM db2.events_alias2;
```

### Write Operations Through Alias {#write-operations}

All write operations are forwarded to the target table:

```sql
CREATE TABLE metrics (
    ts DateTime,
    metric_name String,
    value Float64
) ENGINE = MergeTree
ORDER BY ts;

CREATE TABLE metrics_alias ENGINE = Alias('metrics');

-- Insert through alias
INSERT INTO metrics_alias VALUES
    (now(), 'cpu_usage', 45.2),
    (now(), 'memory_usage', 78.5);

-- Insert with SELECT
INSERT INTO metrics_alias
SELECT now(), 'disk_usage', number * 10
FROM system.numbers
LIMIT 5;

-- Verify data is in the target table
SELECT count() FROM metrics;  -- Returns 7
SELECT count() FROM metrics_alias;  -- Returns 7
```

### Schema Modification {#schema-modification}

Alter operations modify the target table schema:

```sql
CREATE TABLE users (
    id UInt32,
    name String
) ENGINE = MergeTree
ORDER BY id;

CREATE TABLE users_alias ENGINE = Alias('users');

-- Add column through alias
ALTER TABLE users_alias ADD COLUMN email String DEFAULT '';

-- Column is added to target table
DESCRIBE users;
```

```text
┌─name──┬─type───┬─default_type─┬─default_expression─┐
│ id    │ UInt32 │              │                    │
│ name  │ String │              │                    │
│ email │ String │ DEFAULT      │ ''                 │
└───────┴────────┴──────────────┴────────────────────┘
```

### Data Mutations {#data-mutations}

UPDATE and DELETE operations are supported:

```sql
CREATE TABLE products (
    id UInt32,
    name String,
    price Float64,
    status String DEFAULT 'active'
) ENGINE = MergeTree
ORDER BY id;

CREATE TABLE products_alias ENGINE = Alias('products');

INSERT INTO products_alias VALUES
    (1, 'item_one', 100.0, 'active'),
    (2, 'item_two', 200.0, 'active'),
    (3, 'item_three', 300.0, 'inactive');

-- Update through alias
ALTER TABLE products_alias UPDATE price = price * 1.1 WHERE status = 'active';

-- Delete through alias
ALTER TABLE products_alias DELETE WHERE status = 'inactive';

-- Changes are applied to target table
SELECT * FROM products ORDER BY id;
```

```text
┌─id─┬─name─────┬─price─┬─status─┐
│  1 │ item_one │ 110.0 │ active │
│  2 │ item_two │ 220.0 │ active │
└────┴──────────┴───────┴────────┘
```

### Partition Operations {#partition-operations}

For partitioned tables, partition operations are forwarded:

```sql
CREATE TABLE logs (
    date Date,
    level String,
    message String
) ENGINE = MergeTree
PARTITION BY toYYYYMM(date)
ORDER BY date;

CREATE TABLE logs_alias ENGINE = Alias('logs');

INSERT INTO logs_alias VALUES
    ('2024-01-15', 'INFO', 'message1'),
    ('2024-02-15', 'ERROR', 'message2'),
    ('2024-03-15', 'INFO', 'message3');

-- Detach partition through alias
ALTER TABLE logs_alias DETACH PARTITION '202402';

SELECT count() FROM logs_alias;  -- Returns 2 (partition 202402 detached)

-- Attach partition back
ALTER TABLE logs_alias ATTACH PARTITION '202402';

SELECT count() FROM logs_alias;  -- Returns 3
```

### Table Optimization {#table-optimization}

Optimize operations merge parts in the target table:

```sql
CREATE TABLE events (
    id UInt32,
    data String
) ENGINE = MergeTree
ORDER BY id;

CREATE TABLE events_alias ENGINE = Alias('events');

-- Multiple inserts create multiple parts
INSERT INTO events_alias VALUES (1, 'data1');
INSERT INTO events_alias VALUES (2, 'data2');
INSERT INTO events_alias VALUES (3, 'data3');

-- Check parts count
SELECT count() FROM system.parts
WHERE database = currentDatabase()
AND table = 'events'
AND active;

-- Optimize through alias
OPTIMIZE TABLE events_alias FINAL;

-- Parts are merged in target table
SELECT count() FROM system.parts
WHERE database = currentDatabase()
AND table = 'events'
AND active;  -- Returns 1
```

### Alias Management {#alias-management}

Aliases can be renamed or dropped independently:

```sql
CREATE TABLE important_data (
    id UInt32,
    value String
) ENGINE = MergeTree
ORDER BY id;

INSERT INTO important_data VALUES (1, 'critical'), (2, 'important');

CREATE TABLE old_alias ENGINE = Alias('important_data');

-- Rename alias (target table unchanged)
RENAME TABLE old_alias TO new_alias;

-- Create another alias to same table
CREATE TABLE another_alias ENGINE = Alias('important_data');

-- Drop one alias (target table and other aliases unchanged)
DROP TABLE new_alias;

SELECT * FROM another_alias;  -- Still works
SELECT count() FROM important_data;  -- Data intact, returns 2
```
","ENGINE = Alias([target_db, ]target_table)","","","[]"
"26.6.2.81","Loop",0,0,0,0,0,0,0,0,"Reads from an inner table or table function repeatedly, returning its rows in an infinite loop. It is the backing engine for the `loop` table function and is mainly useful for testing and generating continuous streams of data.","SELECT * FROM loop(database, table)","","","[]"
"26.6.2.81","MaterializedView",0,0,0,0,0,0,0,0,"Stores the result of a `SELECT` query and keeps it up to date. When data is inserted into the source table referenced in the query, the materialized view applies the query to the new rows and stores the result in its target table. A MaterializedView is normally created with the `CREATE MATERIALIZED VIEW` statement.","CREATE MATERIALIZED VIEW name [TO target] AS SELECT ...","","","['View']"
"26.6.2.81","Join",1,0,0,0,0,0,0,0,"
Optional prepared data structure for usage in [JOIN](/sql-reference/statements/select/join) operations.

:::note
In ClickHouse Cloud, if your service was created with a version earlier than 25.4, you will need to set the compatibility to at least 25.4 using  `SET compatibility=25.4`.
:::

## Creating a table {#creating-a-table}

```sql
CREATE TABLE [IF NOT EXISTS] [db.]table_name [ON CLUSTER cluster]
(
    name1 [type1] [DEFAULT|MATERIALIZED|ALIAS expr1],
    name2 [type2] [DEFAULT|MATERIALIZED|ALIAS expr2],
) ENGINE = Join(join_strictness, join_type, k1[, k2, ...])
```

See the detailed description of the [CREATE TABLE](/sql-reference/statements/create/table) query.

## Engine parameters {#engine-parameters}

### `join_strictness` {#join_strictness}

`join_strictness` – [JOIN strictness](/sql-reference/statements/select/join#supported-types-of-join).

### `join_type` {#join_type}

`join_type` – [JOIN type](/sql-reference/statements/select/join#supported-types-of-join).

### Key columns {#key-columns}

`k1[, k2, ...]` – Key columns from the `USING` clause that the `JOIN` operation is made with.

Enter `join_strictness` and `join_type` parameters without quotes, for example, `Join(ANY, LEFT, col1)`. They must match the `JOIN` operation that the table will be used for. If the parameters do not match, ClickHouse does not throw an exception and may return incorrect data.

## Specifics and recommendations {#specifics-and-recommendations}

### Data storage {#data-storage}

`Join` table data is always located in the RAM. When inserting rows into a table, ClickHouse writes data blocks to the directory on the disk so that they can be restored when the server restarts.

If the server restarts incorrectly, the data block on the disk might get lost or damaged. In this case, you may need to manually delete the file with damaged data.

### Selecting and Inserting Data {#selecting-and-inserting-data}

You can use `INSERT` queries to add data to the `Join`-engine tables. If the table was created with the `ANY` strictness, data for duplicate keys are ignored. With the `ALL` strictness, all rows are added.

Main use-cases for `Join`-engine tables are following:

- Place the table to the right side in a `JOIN` clause.
- Call the [joinGet](/sql-reference/functions/other-functions.md/#joinGet) function, which lets you extract data from the table the same way as from a dictionary.

### Deleting data {#deleting-data}

`ALTER DELETE` queries for `Join`-engine tables are implemented as [mutations](/sql-reference/statements/alter/index.md#mutations). `DELETE` mutation reads filtered data and overwrites data of memory and disk.

### Limitations and settings {#join-limitations-and-settings}

When creating a table, the following settings are applied:

#### `join_use_nulls` {#join_use_nulls}

[join_use_nulls](/operations/settings/settings.md/#join_use_nulls)

#### `max_rows_in_join` {#max_rows_in_join}

[max_rows_in_join](/operations/settings/settings#max_rows_in_join)

#### `max_bytes_in_join` {#max_bytes_in_join}

[max_bytes_in_join](/operations/settings/settings#max_bytes_in_join)

#### `join_overflow_mode` {#join_overflow_mode}

[join_overflow_mode](/operations/settings/settings#join_overflow_mode)

#### `join_any_take_last_row` {#join_any_take_last_row}

[join_any_take_last_row](/operations/settings/settings.md/#join_any_take_last_row)
#### `join_use_nulls` {#join_use_nulls-1}

#### Persistent {#persistent}

Disables persistency for the Join and [Set](/engines/table-engines/special/set.md) table engines.

Reduces the I/O overhead. Suitable for scenarios that pursue performance and do not require persistence.

Possible values:

- 1 — Enabled.
- 0 — Disabled.

Default value: `1`.

The `Join`-engine tables can't be used in `GLOBAL JOIN` operations.

The `Join`-engine allows to specify [join_use_nulls](/operations/settings/settings.md/#join_use_nulls) setting in the `CREATE TABLE` statement. [SELECT](/sql-reference/statements/select/index.md) query should have the same `join_use_nulls` value.

## Usage examples {#example}

Creating the left-side table:

```sql
CREATE TABLE id_val(`id` UInt32, `val` UInt32) ENGINE = TinyLog;
```

```sql
INSERT INTO id_val VALUES (1,11), (2,12), (3,13);
```

Creating the right-side `Join` table:

```sql
CREATE TABLE id_val_join(`id` UInt32, `val` UInt8) ENGINE = Join(ANY, LEFT, id);
```

```sql
INSERT INTO id_val_join VALUES (1,21), (1,22), (3,23);
```

Joining the tables:

```sql
SELECT * FROM id_val ANY LEFT JOIN id_val_join USING (id);
```

```text
┌─id─┬─val─┬─id_val_join.val─┐
│  1 │  11 │              21 │
│  2 │  12 │               0 │
│  3 │  13 │              23 │
└────┴─────┴─────────────────┘
```

As an alternative, you can retrieve data from the `Join` table, specifying the join key value:

```sql
SELECT joinGet('id_val_join', 'val', toUInt32(1));
```

```text
┌─joinGet('id_val_join', 'val', toUInt32(1))─┐
│                                         21 │
└────────────────────────────────────────────┘
```

Deleting a row from the `Join` table:

```sql
ALTER TABLE id_val_join DELETE WHERE id = 3;
```

```text
┌─id─┬─val─┐
│  1 │  21 │
└────┴─────┘
```
","ENGINE = Join(join_strictness, join_type, k1[, k2, ...])","","","['Set']"
"26.6.2.81","Executable",1,0,0,0,0,0,0,0,"
The `Executable` and `ExecutablePool` table engines allow you to define a table whose rows are generated from a script that you define (by writing rows to **stdout**). The executable script is stored in the `user_scripts` directory and can read data from any source.

- `Executable` tables: the script is run on every query
- `ExecutablePool` tables: maintains a pool of persistent processes, and takes processes from the pool for reads

You can optionally include one or more input queries that stream their results to **stdin** for the script to read.

## Creating an `Executable` table {#creating-an-executable-table}

The `Executable` table engine requires two parameters: the name of the script and the format of the incoming data. You can optionally pass in one or more input queries:

```sql
Executable(script_name, format, [input_query...])
```

Here are the relevant settings for an `Executable` table:

- `send_chunk_header`
  - Description: Send the number of rows in each chunk before sending a chunk to process. This setting can help to write your script in a more efficient way to preallocate some resources
  - Default value: false
- `command_termination_timeout`
  - Description: Command termination timeout in seconds
  - Default value: 10
- `command_read_timeout`
  - Description: Timeout for reading data from command stdout in milliseconds
  - Default value: 10000
- `command_write_timeout`
  - Description: Timeout for writing data to command stdin in milliseconds
  - Default value: 10000

Let's look at an example. The following Python script is named `my_script.py` and is saved in the `user_scripts` folder. It reads in a number `i` and prints `i` random strings, with each string preceded by a number that is separated by a tab:

```python
#!/usr/bin/python3

import sys
import string
import random

def main():

    # Read input value
    for number in sys.stdin:
        i = int(number)

        # Generate some random rows
        for id in range(0, i):
            letters = string.ascii_letters
            random_string = ''.join(random.choices(letters, k=10))
            print(str(id) + '\t' + random_string + '\n', end='')

        # Flush results to stdout
        sys.stdout.flush()

if __name__ == ""__main__"":
    main()
```

The following `my_executable_table` is built from the output of `my_script.py`, which will generate 10 random strings every time you run a `SELECT` from `my_executable_table`:

```sql
CREATE TABLE my_executable_table (
   x UInt32,
   y String
)
ENGINE = Executable('my_script.py', TabSeparated, (SELECT 10))
```

Creating the table returns immediately and does not invoke the script. Querying `my_executable_table` causes the script to be invoked:

```sql
SELECT * FROM my_executable_table
```

```response
┌─x─┬─y──────────┐
│ 0 │ BsnKBsNGNH │
│ 1 │ mgHfBCUrWM │
│ 2 │ iDQAVhlygr │
│ 3 │ uNGwDuXyCk │
│ 4 │ GcFdQWvoLB │
│ 5 │ UkciuuOTVO │
│ 6 │ HoKeCdHkbs │
│ 7 │ xRvySxqAcR │
│ 8 │ LKbXPHpyDI │
│ 9 │ zxogHTzEVV │
└───┴────────────┘
```

## Passing query results to a script {#passing-query-results-to-a-script}

Users of the Hacker News website leave comments. Python contains a natural language processing toolkit (`nltk`) with a `SentimentIntensityAnalyzer` for determining if comments are positive, negative, or neutral - including assigning a value between -1 (a very negative comment) and 1 (a very positive comment). Let's create an `Executable` table that computes the sentiment of Hacker News comments using `nltk`.

This example uses the `hackernews` table described [here](/engines/table-engines/mergetree-family/textindexes/#hacker-news-dataset). The `hackernews` table includes an `id` column of type `UInt64` and a `String` column named `comment`. Let's start by defining the `Executable` table:

```sql
CREATE TABLE sentiment (
id UInt64,
sentiment Float32
)
ENGINE = Executable(
    'sentiment.py',
    TabSeparated,
    (SELECT id, comment FROM hackernews WHERE id > 0 AND comment != '' LIMIT 20)
);
```

Some comments about the `sentiment` table:

- The file `sentiment.py` is saved in the `user_scripts` folder (the default folder of the `user_scripts_path` setting)
- The `TabSeparated` format means our Python script needs to generate rows of raw data that contain tab-separated values
- The query selects two columns from `hackernews`. The Python script will need to parse out those column values from the incoming rows

Here is the definition of `sentiment.py`:

```python
#!/usr/local/bin/python3.9

import sys
import nltk
from nltk.sentiment import SentimentIntensityAnalyzer

def main():
    sentiment_analyzer = SentimentIntensityAnalyzer()

    while True:
        try:
            row = sys.stdin.readline()
            if row == '':
                break

            split_line = row.split(""\t"")

            id = str(split_line[0])
            comment = split_line[1]

            score = sentiment_analyzer.polarity_scores(comment)['compound']
            print(id + '\t' + str(score) + '\n', end='')
            sys.stdout.flush()
        except BaseException as x:
            break

if __name__ == ""__main__"":
    main()
```

Some comments about our Python script:

- For this to work, you will need to run `nltk.downloader.download('vader_lexicon')`. This could have been placed in the script, but then it would have been downloaded every time a query was executed on the `sentiment` table - which is not efficient
- Each value of `row` is going to be a row in the result set of `SELECT id, comment FROM hackernews WHERE id > 0 AND comment != '' LIMIT 20`
- The incoming row is tab-separated, so we parse out the `id` and `comment` using the Python `split` function
- The result of `polarity_scores` is a JSON object with a handful of values. We decided to just grab the `compound` value of this JSON object
- Recall that the `sentiment` table in ClickHouse uses the `TabSeparated` format and contains two columns, so our `print` function separates those columns with a tab

Every time you write a query that selects rows from the `sentiment` table, the `SELECT id, comment FROM hackernews WHERE id > 0 AND comment != '' LIMIT 20` query is executed and the result is passed to `sentiment.py`. Let's test it out:

```sql
SELECT *
FROM sentiment
```

The response looks like:

```response
┌───────id─┬─sentiment─┐
│  7398199 │    0.4404 │
│ 21640317 │    0.1779 │
│ 21462000 │         0 │
│ 25168863 │         0 │
│ 25168978 │   -0.1531 │
│ 25169359 │         0 │
│ 25169394 │   -0.9231 │
│ 25169766 │    0.4137 │
│ 25172570 │    0.7469 │
│ 25173687 │    0.6249 │
│ 28291534 │         0 │
│ 28291669 │   -0.4767 │
│ 28291731 │         0 │
│ 28291949 │   -0.4767 │
│ 28292004 │    0.3612 │
│ 28292050 │    -0.296 │
│ 28292322 │         0 │
│ 28295172 │    0.7717 │
│ 28295288 │    0.4404 │
│ 21465723 │   -0.6956 │
└──────────┴───────────┘
```

## Creating an `ExecutablePool` table {#creating-an-executablepool-table}

The syntax for `ExecutablePool` is similar to `Executable`, but there are a couple of relevant settings unique to an `ExecutablePool` table:

- `pool_size`
  - Description: Processes pool size. If size is 0, then there are no size restrictions
  - Default value: 16
- `max_command_execution_time`
  - Description: Max command execution time in seconds
  - Default value: 10

We can easily convert the `sentiment` table above to use `ExecutablePool` instead of `Executable`:

```sql
CREATE TABLE sentiment_pooled (
id UInt64,
sentiment Float32
)
ENGINE = ExecutablePool(
    'sentiment.py',
    TabSeparated,
    (SELECT id, comment FROM hackernews WHERE id > 0 AND comment != '' LIMIT 20000)
)
SETTINGS
    pool_size = 4;
```

ClickHouse will maintain 4 processes on-demand when your client queries the `sentiment_pooled` table.
","ENGINE = Executable(script_name, format[, input_query...])","","","['ExecutablePool']"
"26.6.2.81","Kafka",1,0,0,0,0,0,0,0,"
import ExperimentalBadge from '@theme/badges/ExperimentalBadge';

# Kafka table engine

:::tip
If you're on ClickHouse Cloud, we recommend using [ClickPipes](/integrations/clickpipes) instead. ClickPipes natively supports private network connections, scaling ingestion and cluster resources independently, and comprehensive monitoring for streaming Kafka data into ClickHouse.
:::

- Publish or subscribe to data flows.
- Organize fault-tolerant storage.
- Process streams as they become available.

## Creating a table {#creating-a-table}

```sql
CREATE TABLE [IF NOT EXISTS] [db.]table_name [ON CLUSTER cluster]
(
    name1 [type1] [ALIAS expr1],
    name2 [type2] [ALIAS expr2],
    ...
) ENGINE = Kafka()
SETTINGS
    kafka_broker_list = 'host:port',
    kafka_topic_list = 'topic1,topic2,...',
    kafka_group_name = 'group_name',
    kafka_format = 'data_format'[,]
    [kafka_security_protocol = '',]
    [kafka_sasl_mechanism = '',]
    [kafka_sasl_username = '',]
    [kafka_sasl_password = '',]
    [kafka_autodetect_client_rack = '',]
    [kafka_schema = '',]
    [kafka_num_consumers = N,]
    [kafka_max_block_size = 0,]
    [kafka_skip_broken_messages = N,]
    [kafka_commit_every_batch = 0,]
    [kafka_client_id = '',]
    [kafka_poll_timeout_ms = 0,]
    [kafka_poll_max_batch_size = 0,]
    [kafka_flush_interval_ms = 0,]
    [kafka_consumer_reschedule_ms = 0,]
    [kafka_thread_per_consumer = 0,]
    [kafka_handle_error_mode = 'default',]
    [kafka_commit_on_select = false,]
    [kafka_consumer_acquire_timeout_ms = 30000,]
    [kafka_max_rows_per_message = 1,]
    [kafka_compression_codec = '',]
    [kafka_compression_level = -1];
```

Required parameters:

- `kafka_broker_list` — A comma-separated list of brokers (for example, `localhost:9092`).
- `kafka_topic_list` — A list of Kafka topics.
- `kafka_group_name` — A group of Kafka consumers. Reading margins are tracked for each group separately. If you do not want messages to be duplicated in the cluster, use the same group name everywhere.
- `kafka_format` — Message format. Uses the same notation as the SQL `FORMAT` function, such as `JSONEachRow`. For more information, see the [Formats](../../../interfaces/formats.md) section.

Optional parameters:

- `kafka_security_protocol` - Protocol used to communicate with brokers. Possible values: `plaintext`, `ssl`, `sasl_plaintext`, `sasl_ssl`.
- `kafka_sasl_mechanism` - SASL mechanism to use for authentication. Possible values: `GSSAPI`, `PLAIN`, `SCRAM-SHA-256`, `SCRAM-SHA-512`, `OAUTHBEARER`.
- `kafka_sasl_username` - SASL username for use with the `PLAIN` and `SASL-SCRAM-..` mechanisms.
- `kafka_sasl_password` - SASL password for use with the `PLAIN` and `SASL-SCRAM-..` mechanisms.
- `kafka_schema` — Parameter that must be used if the format requires a schema definition. For example, [Cap'n Proto](https://capnproto.org/) requires the path to the schema file and the name of the root `schema.capnp:Message` object.
- `kafka_schema_registry_skip_bytes` — The number of bytes to skip from the beginning of each message when using schema registry with envelope headers (e.g., AWS Glue Schema Registry which includes a 19-byte envelope). Range: `[0, 255]`. Default: `0`.
- `kafka_num_consumers` — The number of consumers per table. Specify more consumers if the throughput of one consumer is insufficient. The total number of consumers should not exceed the number of partitions in the topic, since only one consumer can be assigned per partition, and must not be greater than the number of physical cores on the server where ClickHouse is deployed. Default: `1`.
- `kafka_max_block_size` — The maximum batch size (in messages) for poll. Default: [max_insert_block_size](../../../operations/settings/settings.md#max_insert_block_size).
- `kafka_skip_broken_messages` — Kafka message parser tolerance to schema-incompatible messages per block. If `kafka_skip_broken_messages = N` then the engine skips *N* Kafka messages that cannot be parsed (a message equals a row of data). Default: `0`.
- `kafka_commit_every_batch` — Commit every consumed and handled batch instead of a single commit after writing a whole block. Default: `0`.
- `kafka_client_id` — Client identifier. Empty by default.
- `kafka_poll_timeout_ms` — Timeout for single poll from Kafka. Default: [stream_poll_timeout_ms](../../../operations/settings/settings.md#stream_poll_timeout_ms).
- `kafka_poll_max_batch_size` — Maximum amount of messages to be polled in a single Kafka poll. Default: [max_block_size](/operations/settings/settings#max_block_size).
- `kafka_flush_interval_ms` — Timeout for flushing data from Kafka. Default: [stream_flush_interval_ms](/operations/settings/settings#stream_flush_interval_ms).
- `kafka_consumer_reschedule_ms` — Reschedule interval when Kafka stream processing is stalled (e.g., when no messages are available to consume). This setting controls the delay before the consumer retries polling. Must not exceed `kafka_consumers_pool_ttl_ms`. Default: `500` milliseconds.
- `kafka_thread_per_consumer` — Provide independent thread for each consumer. When enabled, every consumer flush the data independently, in parallel (otherwise — rows from several consumers squashed to form one block). Default: `0`.
- `kafka_handle_error_mode` — How to handle errors for Kafka engine. Possible values: default (the exception will be thrown if we fail to parse a message), stream (the exception message and raw message will be saved in virtual columns `_error` and `_raw_message`), dead_letter_queue (error related data will be saved in system.dead_letter_queue).
- `kafka_commit_on_select` —  Commit messages when select query is made. Default: `false`.
- `kafka_consumer_acquire_timeout_ms` — Timeout in milliseconds for acquiring a Kafka consumer during direct `SELECT` queries on a `Kafka2` table (with Keeper-based offset storage). When multiple concurrent direct `SELECT` queries run on the same table, each must wait for consumers to become available. The timeout prevents deadlocks when queries hold different subsets of consumers. Default: `30000`.
- `kafka_max_rows_per_message` — The maximum number of rows written in one kafka message for row-based formats. Default : `1`.
- `kafka_autodetect_client_rack` — Automatically sets the `client.rack` parameter for `librdkafka` to prefer the nearest Kafka replicas.
Supported sources:
`AWS_ZONE_ID` for the AWS IMDSv2 availability zone ID, for example `euc1-az1`;
`AWS_ZONE_NAME` for the AWS IMDSv2 availability zone name, for example `eu-central-1a`;
`GCP_ZONE` for the GCP metadata service zone, for example `europe-central2-a`;
`CLICKHOUSE` to use ClickHouse internal detection, which may rely on cloud metadata or configuration;
`AWS_ZONE_NAME_THEN_GCP_ZONE` to try `AWS_ZONE_NAME` and then `GCP_ZONE`.
Default: empty string, disabled.
Tip: different environments use different availability zone formats. Amazon MSK typically uses zone IDs, so prefer `AWS_ZONE_ID`. Confluent Cloud typically uses zone names, so prefer `AWS_ZONE_NAME`. If unsure, use `AWS_ZONE_NAME_THEN_GCP_ZONE` or check the `broker.rack` value on your cluster.
Note: Kafka brokers must be configured with `broker.rack` and `replica.selector.class=org.apache.kafka.common.replica.RackAwareReplicaSelector`.
- `kafka_compression_codec` — Compression codec used for producing messages. Supported: empty string, `none`, `gzip`, `snappy`, `lz4`, `zstd`. In case of empty string the compression codec is not set by the table, thus values from the config files or default value from `librdkafka` will be used. Default: empty string.
- `kafka_compression_level` — Compression level parameter for algorithm selected by kafka_compression_codec. Higher values will result in better compression at the cost of more CPU usage. Usable range is algorithm-dependent: `[0-9]` for `gzip`; `[0-12]` for `lz4`; only `0` for `snappy`; `[0-12]` for `zstd`; `-1` = codec-dependent default compression level. Default: `-1`.
- `kafka_map_virtual_columns_on_write` — If enabled, columns with special names `_key`, `_timestamp`, `_headers.name` and `_headers.value` in the table schema are mapped to the corresponding Kafka message metadata on `INSERT` and are excluded from the message payload. See [Mapping columns to Kafka message metadata](#mapping-columns-to-kafka-message-metadata). Default: `false`.

Examples:

```sql
CREATE TABLE queue (
    timestamp UInt64,
    level String,
    message String
  ) ENGINE = Kafka('localhost:9092', 'topic', 'group1', 'JSONEachRow');

  SELECT * FROM queue LIMIT 5;

CREATE TABLE queue2 (
    timestamp UInt64,
    level String,
    message String
  ) ENGINE = Kafka SETTINGS kafka_broker_list = 'localhost:9092',
                            kafka_topic_list = 'topic',
                            kafka_group_name = 'group1',
                            kafka_format = 'JSONEachRow',
                            kafka_num_consumers = 4;

CREATE TABLE queue3 (
    timestamp UInt64,
    level String,
    message String
  ) ENGINE = Kafka('localhost:9092', 'topic', 'group1')
              SETTINGS kafka_format = 'JSONEachRow',
                       kafka_num_consumers = 4;
```

<details markdown=""1"">

<summary>Deprecated Method for Creating a Table</summary>

:::note
Do not use this method in new projects. If possible, switch old projects to the method described above.
:::

```sql
Kafka(kafka_broker_list, kafka_topic_list, kafka_group_name, kafka_format
      [, kafka_row_delimiter, kafka_schema, kafka_num_consumers, kafka_max_block_size, kafka_skip_broken_messages, kafka_commit_every_batch, kafka_client_id, kafka_poll_timeout_ms, kafka_poll_max_batch_size, kafka_flush_interval_ms, kafka_consumer_reschedule_ms, kafka_thread_per_consumer, kafka_handle_error_mode, kafka_commit_on_select, kafka_max_rows_per_message]);
```

</details>

:::info
The Kafka table engine doesn't support columns with [default value](/sql-reference/statements/create/table#default_values). If you need columns with default value, you can add them at materialized view level (see below).
:::

## Description {#description}

The delivered messages are tracked automatically, so each message in a group is only counted once. If you want to get the data twice, then create a copy of the table with another group name.

Groups are flexible and synced on the cluster. For instance, if you have 10 topics and 5 copies of a table in a cluster, then each copy gets 2 topics. If the number of copies changes, the topics are redistributed across the copies automatically. Read more about this at http://kafka.apache.org/intro.

It is recommended that each Kafka topic have its own dedicated consumer group, ensuring exclusive pairing between the topic and the group, especially in environments where topics may be created and deleted dynamically (e.g., in testing or staging).

`SELECT` is not particularly useful for reading messages (except for debugging), because each message can be read only once. It is more practical to create real-time threads using materialized views. To do this:

1.  Use the engine to create a Kafka consumer and consider it a data stream.
2.  Create a table with the desired structure.
3.  Create a materialized view that converts data from the engine and puts it into a previously created table.

When the `MATERIALIZED VIEW` joins the engine, it starts collecting data in the background. This allows you to continually receive messages from Kafka and convert them to the required format using `SELECT`.
One kafka table can have as many materialized views as you like, they do not read data from the kafka table directly, but receive new records (in blocks), this way you can write to several tables with different detail level (with grouping - aggregation and without).

Example:

```sql
CREATE TABLE queue (
    timestamp UInt64,
    level String,
    message String
  ) ENGINE = Kafka('localhost:9092', 'topic', 'group1', 'JSONEachRow');

CREATE TABLE daily (
    day Date,
    level String,
    total UInt64
  ) ENGINE = SummingMergeTree(day, (day, level), 8192);

CREATE MATERIALIZED VIEW consumer TO daily
    AS SELECT toDate(toDateTime(timestamp)) AS day, level, count() AS total
    FROM queue GROUP BY day, level;

SELECT level, sum(total) FROM daily GROUP BY level;
```
To improve performance, received messages are grouped into blocks the size of [max_insert_block_size](../../../operations/settings/settings.md#max_insert_block_size). If the block wasn't formed within [stream_flush_interval_ms](/operations/settings/settings#stream_flush_interval_ms) milliseconds, the data will be flushed to the table regardless of the completeness of the block.

To stop receiving topic data or to change the conversion logic, detach the materialized view:

```sql
DETACH TABLE consumer;
ATTACH TABLE consumer;
```

If you want to change the target table by using `ALTER`, we recommend disabling the material view to avoid discrepancies between the target table and the data from the view.

## Configuration {#configuration}

Similar to GraphiteMergeTree, the Kafka engine supports extended configuration using the ClickHouse config file. There are two configuration keys that you can use: global (below `<kafka>`) and topic-level (below `<kafka><kafka_topic>`). The global configuration is applied first, and then the topic-level configuration is applied (if it exists).

```xml
<kafka>
    <!-- Global configuration options for all tables of Kafka engine type -->
    <debug>cgrp</debug>
    <statistics_interval_ms>3000</statistics_interval_ms>

    <kafka_topic>
        <name>logs</name>
        <statistics_interval_ms>4000</statistics_interval_ms>
    </kafka_topic>

    <!-- Settings for consumer -->
    <consumer>
        <auto_offset_reset>smallest</auto_offset_reset>
        <kafka_topic>
            <name>logs</name>
            <fetch_min_bytes>100000</fetch_min_bytes>
        </kafka_topic>

        <kafka_topic>
            <name>stats</name>
            <fetch_min_bytes>50000</fetch_min_bytes>
        </kafka_topic>
    </consumer>

    <!-- Settings for producer -->
    <producer>
        <kafka_topic>
            <name>logs</name>
            <retry_backoff_ms>250</retry_backoff_ms>
        </kafka_topic>

        <kafka_topic>
            <name>stats</name>
            <retry_backoff_ms>400</retry_backoff_ms>
        </kafka_topic>
    </producer>
</kafka>
```

For a list of possible configuration options, see the [librdkafka configuration reference](https://github.com/edenhill/librdkafka/blob/master/CONFIGURATION.md). Use the underscore (`_`) instead of a dot in the ClickHouse configuration. For example, `check.crcs=true` will be `<check_crcs>true</check_crcs>`.

### Kerberos support {#kafka-kerberos-support}

To deal with Kerberos-aware Kafka, add `security_protocol` child element with `sasl_plaintext` value. It is enough if Kerberos ticket-granting ticket is obtained and cached by OS facilities.
ClickHouse is able to maintain Kerberos credentials using a keytab file. Consider `sasl_kerberos_service_name`, `sasl_kerberos_keytab` and `sasl_kerberos_principal` child elements.

Example:

```xml
<!-- Kerberos-aware Kafka -->
<kafka>
<security_protocol>SASL_PLAINTEXT</security_protocol>
<sasl_kerberos_keytab>/home/kafkauser/kafkauser.keytab</sasl_kerberos_keytab>
<sasl_kerberos_principal>kafkauser/kafkahost@EXAMPLE.COM</sasl_kerberos_principal>
</kafka>
```

## Virtual columns {#virtual-columns}

- `_topic` — Kafka topic. Data type: `LowCardinality(String)`.
- `_key` — Key of the message. Data type: `String`.
- `_offset` — Offset of the message. Data type: `UInt64`.
- `_timestamp` — Timestamp of the message Data type: `Nullable(DateTime)`.
- `_timestamp_ms` — Timestamp in milliseconds of the message. Data type: `Nullable(DateTime64(3))`.
- `_partition` — Partition of Kafka topic. Data type: `UInt64`.
- `_headers.name` — Array of message's headers keys. Data type: `Array(String)`.
- `_headers.value` — Array of message's headers values. Data type: `Array(String)`.

Additional virtual columns when `kafka_handle_error_mode='stream'`:

- `_raw_message` - Raw message that couldn't be parsed successfully. Data type: `String`.
- `_error` - Exception message happened during failed parsing. Data type: `String`.

Note: `_raw_message` and `_error` virtual columns are filled only in case of exception during parsing, they are always empty when message was parsed successfully.

## Mapping columns to Kafka message metadata {#mapping-columns-to-kafka-message-metadata}

When producing messages with `INSERT INTO`, the Kafka engine always uses a column named `_key` (of type `String`) as the Kafka message key and a column named `_timestamp` (of type `DateTime`) as the Kafka message timestamp — if those columns exist in the table. By default, these columns also appear in the produced message payload alongside the other columns.

With `kafka_map_virtual_columns_on_write = 1`, the behaviour changes:

- `_key` (type `String`) — mapped to the Kafka message key.
- `_timestamp` (type `DateTime`) — mapped to the Kafka message timestamp.
- `_headers.name` (type `Array(String)`) and `_headers.value` (type `Array(String)`) — mapped to Kafka message headers. Each pair `(_headers.name[i], _headers.value[i])` becomes one Kafka header. Because `_headers.name` and `_headers.value` share the `_headers` Nested prefix, ClickHouse requires both arrays to have the same size for every row.

Columns with these names are **excluded from the message payload** only if their types match those listed above; otherwise they stay in the payload, so schemas that happen to reuse these names for unrelated data keep working.

Example:

```sql
CREATE TABLE kafka_out
(
    event_json String,
    `_key` String,
    `_timestamp` DateTime,
    `_headers.name` Array(String),
    `_headers.value` Array(String)
)
ENGINE = Kafka
SETTINGS
    kafka_broker_list = 'broker:9092',
    kafka_topic_list = 'events',
    kafka_group_name = 'events-producer',
    kafka_format = 'JSONEachRow',
    kafka_map_virtual_columns_on_write = 1;

INSERT INTO kafka_out VALUES
    ('{""a"":1}', 'session-42', now(), ['source', 'trace_id'], ['api', 'abc-123']);
```

The produced Kafka message has payload `{""event_json"":""{\""a\"":1}""}`, key `session-42`, the current timestamp, and two headers `source=api` and `trace_id=abc-123`.

## Data formats support {#data-formats-support}

Kafka engine supports all [formats](../../../interfaces/formats.md) supported in ClickHouse.
The number of rows in one Kafka message depends on whether the format is row-based or block-based:

- For row-based formats the number of rows in one Kafka message can be controlled by setting `kafka_max_rows_per_message`.
- For block-based formats we cannot divide block into smaller parts, but the number of rows in one block can be controlled by general setting [max_block_size](/operations/settings/settings#max_block_size).

## Engine to store committed offsets in ClickHouse Keeper {#engine-to-store-committed-offsets-in-clickhouse-keeper}

<ExperimentalBadge/>

If `allow_experimental_kafka_offsets_storage_in_keeper` is enabled, then two more settings can be specified to the Kafka table engine:
- `kafka_keeper_path` specifies the path to the table in ClickHouse Keeper
- `kafka_replica_name` specifies the replica name in ClickHouse Keeper

Either both of the settings must be specified or neither of them. When both of them are specified, then a new, experimental Kafka engine will be used. The new engine doesn't depend on storing the committed offsets in Kafka, but stores them in ClickHouse Keeper. It still tries to commit the offsets to Kafka, but it only depends on those offsets when the table is created. In any other circumstances (table is restarted, or recovered after some error) the offsets stored in ClickHouse Keeper will be used as an offset to continue consuming messages from. Apart from the committed offset, it also stores how many messages were consumed in the last batch, so if the insert fails, the same amount of messages will be consumed, thus enabling deduplication if necessary.

Example:

```sql
CREATE TABLE experimental_kafka (key UInt64, value UInt64)
ENGINE = Kafka('localhost:19092', 'my-topic', 'my-consumer', 'JSONEachRow')
SETTINGS
kafka_keeper_path = '/clickhouse/{database}/{uuid}',
kafka_replica_name = '{replica}'
SETTINGS allow_experimental_kafka_offsets_storage_in_keeper=1;
```

### Known limitations {#known-limitations}

As the new engine is experimental, it is not production ready yet. There are few known limitations of the implementation:
- Rapidly dropping and recreating the table or specifying the same ClickHouse Keeper path to different engines might cause issues. As best practice you can use the `{uuid}` in `kafka_keeper_path` to avoid clashing paths.
- To make repeatable reads, messages cannot be consumed from multiple partitions on a single thread. On the other hand, the Kafka consumers have to be polled regularly to keep them alive. As a result of these two objectives, we decided to only allow creating multiple consumers if `kafka_thread_per_consumer` is enabled, otherwise it is too complicated to avoid issues regarding polling consumers regularly.

**See Also**

- [Virtual columns](../../../engines/table-engines/index.md#table_engines-virtual_columns)
- [background_message_broker_schedule_pool_size](/operations/server-configuration-parameters/settings#background_message_broker_schedule_pool_size)
- [system.kafka_consumers](../../../operations/system-tables/kafka_consumers.md)
","ENGINE = Kafka() SETTINGS kafka_broker_list = 'host:port', kafka_topic_list = 'topic', kafka_group_name = 'group', kafka_format = 'format', ...","","","['RabbitMQ','NATS','FileLog']"
"26.6.2.81","Set",1,0,0,0,0,0,0,0,"
:::note
In ClickHouse Cloud, if your service was created with a version earlier than 25.4, you will need to set the compatibility to at least 25.4 using  `SET compatibility=25.4`.
:::

A data set that is always in RAM. It is intended for use on the right side of the `IN` operator (see the section ""IN operators"").

You can use `INSERT` to insert data in the table. New elements will be added to the data set, while duplicates will be ignored.
But you can't perform `SELECT` from the table. The only way to retrieve data is by using it in the right half of the `IN` operator.

Data is always located in RAM. For `INSERT`, the blocks of inserted data are also written to the directory of tables on the disk. When starting the server, this data is loaded to RAM. In other words, after restarting, the data remains in place.

For a rough server restart, the block of data on the disk might be lost or damaged. In the latter case, you may need to manually delete the file with damaged data.

### Limitations and settings {#join-limitations-and-settings}

When creating a table, the following settings are applied:

#### Persistent {#persistent}

Disables persistency for the Set and [Join](/engines/table-engines/special/join) table engines.

Reduces the I/O overhead. Suitable for scenarios that pursue performance and do not require persistence.

Possible values:

- 1 — Enabled.
- 0 — Disabled.

Default value: `1`.
","ENGINE = Set","","","['Join']"
"26.6.2.81","Dictionary",0,0,0,0,0,0,0,0,"
The `Dictionary` engine displays the [dictionary](../../../sql-reference/statements/create/dictionary/overview.md) data as a ClickHouse table.

## Example {#example}

As an example, consider a dictionary of `products` with the following configuration:

```xml
<dictionaries>
    <dictionary>
        <name>products</name>
        <source>
            <odbc>
                <table>products</table>
                <connection_string>DSN=some-db-server</connection_string>
            </odbc>
        </source>
        <lifetime>
            <min>300</min>
            <max>360</max>
        </lifetime>
        <layout>
            <flat/>
        </layout>
        <structure>
            <id>
                <name>product_id</name>
            </id>
            <attribute>
                <name>title</name>
                <type>String</type>
                <null_value></null_value>
            </attribute>
        </structure>
    </dictionary>
</dictionaries>
```

Query the dictionary data:

```sql
SELECT
    name,
    type,
    key,
    attribute.names,
    attribute.types,
    bytes_allocated,
    element_count,
    source
FROM system.dictionaries
WHERE name = 'products'
```

```text
┌─name─────┬─type─┬─key────┬─attribute.names─┬─attribute.types─┬─bytes_allocated─┬─element_count─┬─source──────────┐
│ products │ Flat │ UInt64 │ ['title']       │ ['String']      │        23065376 │        175032 │ ODBC: .products │
└──────────┴──────┴────────┴─────────────────┴─────────────────┴─────────────────┴───────────────┴─────────────────┘
```

You can use the [dictGet\*](/sql-reference/functions/ext-dict-functions) functions to get the dictionary data in this format.

This view isn't helpful when you need to get raw data, or when performing a `JOIN` operation. For these cases, you can use the `Dictionary` engine, which displays the dictionary data in a table.

Syntax:

```sql
CREATE TABLE %table_name% (%fields%) engine = Dictionary(%dictionary_name%)`
```

Usage example:

```sql
CREATE TABLE products (product_id UInt64, title String) ENGINE = Dictionary(products);
```

      Ok

Take a look at what's in the table.

```sql
SELECT * FROM products LIMIT 1;
```

```text
┌────product_id─┬─title───────────┐
│        152689 │ Some item       │
└───────────────┴─────────────────┘
```

**See Also**

- [Dictionary function](/sql-reference/table-functions/dictionary)
","ENGINE = Dictionary(dictionary_name)","","","[]"
"26.6.2.81","IcebergS3",1,0,0,1,0,0,0,0,"Provides a read-only integration with existing Apache Iceberg tables stored in Amazon S3 or S3-compatible object storage.","ENGINE = IcebergS3(url [, access_key_id, secret_access_key])","","","['Iceberg']"
"26.6.2.81","Iceberg",1,0,0,1,0,0,0,0,"
:::warning
We recommend using the [Iceberg Table Function](/sql-reference/table-functions/iceberg.md) for working with Iceberg data in ClickHouse. The Iceberg Table Function currently provides sufficient functionality, offering a partial read-only interface for Iceberg tables.

The Iceberg Table Engine is available but may have limitations. ClickHouse wasn't originally designed to support tables with externally changing schemas, which can affect the functionality of the Iceberg Table Engine. As a result, some features that work with regular tables may be unavailable or may not function correctly, especially when using the old analyzer.

For optimal compatibility, we suggest using the Iceberg Table Function while we continue to improve support for the Iceberg Table Engine.
:::

This engine provides a read-only integration with existing Apache [Iceberg](https://iceberg.apache.org/) tables in Amazon S3, Azure, HDFS and locally stored tables.

## Create table {#create-table}

Note that the Iceberg table must already exist in the storage, this command does not take DDL parameters to create a new table.

```sql
CREATE TABLE iceberg_table_s3
    ENGINE = IcebergS3(url, [, NOSIGN | access_key_id, secret_access_key, [session_token]], format, [,compression], [,extra_credentials])

CREATE TABLE iceberg_table_azure
    ENGINE = IcebergAzure(connection_string|storage_account_url, container_name, blobpath, [account_name, account_key, format, compression])

CREATE TABLE iceberg_table_hdfs
    ENGINE = IcebergHDFS(path_to_table, [,format] [,compression_method])

CREATE TABLE iceberg_table_local
    ENGINE = IcebergLocal(path_to_table, [,format] [,compression_method])
```

## Engine arguments {#engine-arguments}

Description of the arguments coincides with description of arguments in engines `S3`, `AzureBlobStorage`, `HDFS` and `File` correspondingly.
`format` stands for the format of data files in the Iceberg table.

For `IcebergS3`, an optional `extra_credentials` parameter can be used to pass a `role_arn` for role-based access in ClickHouse Cloud. See [Secure S3](/cloud/data-sources/secure-s3) for configuration steps.

Engine parameters can be specified using [Named Collections](../../../operations/named-collections.md)

### Example {#example}

```sql
CREATE TABLE iceberg_table ENGINE=IcebergS3('http://test.s3.amazonaws.com/clickhouse-bucket/test_table', 'test', 'test')
```

Using named collections:

```xml
<clickhouse>
    <named_collections>
        <iceberg_conf>
            <url>http://test.s3.amazonaws.com/clickhouse-bucket/</url>
            <access_key_id>test</access_key_id>
            <secret_access_key>test</secret_access_key>
        </iceberg_conf>
    </named_collections>
</clickhouse>
```

```sql
CREATE TABLE iceberg_table ENGINE=IcebergS3(iceberg_conf, filename = 'test_table')

```

## Aliases {#aliases}

The `Iceberg` table engine auto-detects the storage backend from the `disk` setting and dispatches to `IcebergS3`, `IcebergAzure`, or `IcebergLocal` accordingly. When no `disk` is specified, it defaults to the `IcebergS3` implementation.

## Data types {#data-types}

The following table shows how Iceberg data types are mapped to ClickHouse data types during schema inference (for reading purposes).

### Primitive types {#primitive-types}

| Iceberg type | ClickHouse type | Notes |
|---|---|---|
| `boolean` | `Bool` | |
| `int` | `Int32` | |
| `long`, `bigint` | `Int64` | |
| `float` | `Float32` | |
| `double` | `Float64` | |
| `date` | `Date32` | |
| `time` | `Int64` | Microseconds since midnight |
| `timestamp` | `DateTime64(6)` | Microseconds, no timezone |
| `timestamptz` | `DateTime64(6, 'UTC')` | Microseconds, UTC timezone |
| `timestamp_ns` | `DateTime64(9)` | Nanoseconds, no timezone (since Iceberg v3 only) |
| `timestamptz_ns` | `DateTime64(9, 'UTC')` | Nanoseconds, UTC timezone (since Iceberg v3 only) |
| `string`, `binary` | `String` | |
| `uuid` | `UUID` | |
| `fixed(N)` | `FixedString(N)` | |
| `decimal(P, S)` | `Decimal(P, S)` | |

### Complex types {#complex-types}

| Iceberg type | ClickHouse type |
|---|---|
| `list` | `Array` |
| `map` | `Map` |
| `struct` | `Tuple` |

## Schema evolution {#schema-evolution}
ClickHouse supports reading Iceberg tables whose schema has evolved over time. This includes tables where columns have been added, removed, or reordered, as well as columns changed from required to nullable. Additionally, the following type casts are supported:

* int -> long
* float -> double
* decimal(P, S) -> decimal(P', S) where P' > P.

Currently, it is not possible to change nested structures or the types of elements within arrays and maps.

To read a table where the schema has changed after its creation with dynamic schema inference, set allow_dynamic_metadata_for_data_lakes = true when creating the table.

## Partition pruning {#partition-pruning}

ClickHouse supports partition pruning during SELECT queries for Iceberg tables, which helps optimize query performance by skipping irrelevant data files. To enable partition pruning, set `use_iceberg_partition_pruning = 1`. For more information about iceberg partition pruning address https://iceberg.apache.org/spec/#partitioning

## Time travel {#time-travel}

ClickHouse supports time travel for Iceberg tables, allowing you to query historical data with a specific timestamp or snapshot ID.

## Processing of tables with deleted rows {#deleted-rows}

ClickHouse supports reading Iceberg tables that use the following deletion methods:

- [Position deletes](https://iceberg.apache.org/spec/#position-delete-files)
- [Equality deletes](https://iceberg.apache.org/spec/#equality-delete-files) (supported from version 25.8+)

The following deletion method is **not supported**:
- [Deletion vectors](https://iceberg.apache.org/spec/#deletion-vectors) (introduced in v3)

### Basic usage {#basic-usage}
```sql
 SELECT * FROM example_table ORDER BY 1
SETTINGS iceberg_timestamp_ms = 1714636800000
```

```sql
 SELECT * FROM example_table ORDER BY 1
SETTINGS iceberg_snapshot_id = 3547395809148285433
```

Note: You cannot specify both `iceberg_timestamp_ms` and `iceberg_snapshot_id` parameters in the same query.

### Important considerations {#important-considerations}

- **Snapshots** are typically created when:
  - New data is written to the table
  - Some kind of data compaction is performed

- **Schema changes typically don't create snapshots** - This leads to important behaviors when using time travel with tables that have undergone schema evolution.

### Example scenarios {#example-scenarios}

All scenarios are written in Spark because CH doesn't support writing to Iceberg tables yet.

#### Scenario 1: Schema changes without new snapshots {#scenario-1}

Consider this sequence of operations:

```sql
-- Create a table with two columns
CREATE TABLE IF NOT EXISTS spark_catalog.db.time_travel_example (
order_number int,
product_code string
  )
USING iceberg
OPTIONS ('format-version'='2')

-- Insert data into the table
INSERT INTO spark_catalog.db.time_travel_example VALUES
    (1, 'Mars')

  ts1 = now() // A piece of pseudo code

-- Alter table to add a new column
ALTER TABLE spark_catalog.db.time_travel_example ADD COLUMN (price double)

ts2 = now()

-- Insert data into the table
INSERT INTO spark_catalog.db.time_travel_example VALUES (2, 'Venus', 100)

ts3 = now()

-- Query the table at each timestamp
  SELECT * FROM spark_catalog.db.time_travel_example TIMESTAMP AS OF ts1;

+------------+------------+
|order_number|product_code|
+------------+------------+
|           1|        Mars|
+------------+------------+
  SELECT * FROM spark_catalog.db.time_travel_example TIMESTAMP AS OF ts2;

+------------+------------+
|order_number|product_code|
+------------+------------+
|           1|        Mars|
+------------+------------+

  SELECT * FROM spark_catalog.db.time_travel_example TIMESTAMP AS OF ts3;

+------------+------------+-----+
|order_number|product_code|price|
+------------+------------+-----+
|           1|        Mars| NULL|
|           2|       Venus|100.0|
+------------+------------+-----+
```

Query results at different timestamps:

- At ts1 & ts2: Only the original two columns appear
- At ts3: All three columns appear, with NULL for the price of the first row

#### Scenario 2: Historical vs. current schema differences {#scenario-2}

A time travel query at a current moment might show a different schema than the current table:

```sql
-- Create a table
CREATE TABLE IF NOT EXISTS spark_catalog.db.time_travel_example_2 (
order_number int,
product_code string
  )
USING iceberg
OPTIONS ('format-version'='2')

-- Insert initial data into the table
INSERT INTO spark_catalog.db.time_travel_example_2 VALUES (2, 'Venus');

-- Alter table to add a new column
ALTER TABLE spark_catalog.db.time_travel_example_2 ADD COLUMN (price double);

ts = now();

-- Query the table at a current moment but using timestamp syntax

  SELECT * FROM spark_catalog.db.time_travel_example_2 TIMESTAMP AS OF ts;

    +------------+------------+
    |order_number|product_code|
    +------------+------------+
    |           2|       Venus|
    +------------+------------+

-- Query the table at a current moment
  SELECT * FROM spark_catalog.db.time_travel_example_2;
    +------------+------------+-----+
    |order_number|product_code|price|
    +------------+------------+-----+
    |           2|       Venus| NULL|
    +------------+------------+-----+
```

This happens because `ALTER TABLE` doesn't create a new snapshot but for the current table Spark takes value of `schema_id` from the latest metadata file, not a snapshot.

#### Scenario 3: Historical vs. current schema differences {#scenario-3}

The second one is that while doing time travel you can't get state of table before any data was written to it:

```sql
-- Create a table
CREATE TABLE IF NOT EXISTS spark_catalog.db.time_travel_example_3 (
order_number int,
product_code string
  )
USING iceberg
OPTIONS ('format-version'='2');

ts = now();

-- Query the table at a specific timestamp
  SELECT * FROM spark_catalog.db.time_travel_example_3 TIMESTAMP AS OF ts; -- Finises with error: Cannot find a snapshot older than ts.
```

In Clickhouse the behavior is consistent with Spark. You can mentally replace Spark Select queries with Clickhouse Select queries and it will work the same way.

## Metadata file resolution {#metadata-file-resolution}
When using the `Iceberg` table engine in ClickHouse, the system needs to locate the correct metadata.json file that describes the Iceberg table structure. Here's how this resolution process works:

### Candidates search {#candidate-search}

1. **Direct Path Specification**:
* If you set `iceberg_metadata_file_path`, the system will use this exact path by combining it with the Iceberg table directory path.
* When this setting is provided, all other resolution settings are ignored.
2. **Table UUID Matching**:
* If `iceberg_metadata_table_uuid` is specified, the system will:
  * Look only at `.metadata.json` files in the `metadata` directory
  * Filter for files containing a `table-uuid` field matching your specified UUID (case-insensitive)

3. **Default Search**:
* If neither of the above settings are provided, all `.metadata.json` files in the `metadata` directory become candidates

### Selecting the most recent file {#most-recent-file}

After identifying candidate files using the above rules, the system determines which one is the most recent:

* If `iceberg_recent_metadata_file_by_last_updated_ms_field` is enabled:
  * The file with the largest `last-updated-ms` value is selected

* Otherwise:
  * The file with the highest version number is selected
  * (Version appears as `V` in filenames formatted as `V.metadata.json` or `V-uuid.metadata.json`)

**Note**: All mentioned settings (unless explicitly specified otherwise) are engine-level settings and must be specified during table creation as shown below:

```sql
CREATE TABLE example_table ENGINE = Iceberg(
    's3://bucket/path/to/iceberg_table'
) SETTINGS iceberg_metadata_table_uuid = '6f6f6407-c6a5-465f-a808-ea8900e35a38';
```

**Note**: While Iceberg Catalogs typically handle metadata resolution, the `Iceberg` table engine in ClickHouse directly interprets files stored in S3 as Iceberg tables, which is why understanding these resolution rules is important.

## Data cache {#data-cache}

`Iceberg` table engine and table function support data caching same as `S3`, `AzureBlobStorage`, `HDFS` storages. See [here](../../../engines/table-engines/integrations/s3.md#data-cache).

## Metadata cache {#metadata-cache}

`Iceberg` table engine and table function support metadata cache storing the information of manifest files, manifest list and metadata json. The cache is stored in memory. This feature is controlled by setting `use_iceberg_metadata_files_cache`, which is enabled by default.

## Asynchronous metadata prefetching {#async-metadata-prefetch}

Asynchronous metadata prefetching can be enabled at `Iceberg` table creation by setting `iceberg_metadata_async_prefetch_period_ms`. If set to 0 (default) or if metadata caching is not enabled, the asynchronous prefetching is disabled.
In order to enable this feature, a non-zero value of milliseconds should be given. It represents interval between prefetching cycles.

If enabled, the server will run a recurring background operation to list the remote catalog and to detect new metadata version. It will then parse it and recursively walk the snapshot, fetching active manifest list files and manifest files.
The files already available at the metadata cache, won't be downloaded again. At the end of each prefetching cycle, the latest metadata snapshot is available at the metadata cache.

```sql
CREATE TABLE example_table ENGINE = Iceberg(
    's3://bucket/path/to/iceberg_table'
) SETTINGS
    iceberg_metadata_async_prefetch_period_ms = 60000;
```

In order to make the most of asynchronous metadata prefetching at read operations, `iceberg_metadata_staleness_ms` parameter should be specified as Query or Session parameter. By default (0 - not specified) in the context of each query, the server will fetch latest metadata from the remote catalog.
By specifying tolerance to metadata staleness, the server is allowed to use the cached version of metadata snapshot without calling the remote catalog. If there's metadata version in cache, and it has been downloaded within the given window of staleness, it will be used to process the query.
Otherwise the latest version will be fetched from the remote catalog.

```sql
SELECT count() FROM icebench_table WHERE ...
SETTINGS iceberg_metadata_staleness_ms=120000
```

**Note**: Asynchronous metadata prefetching runs at `ICEBERG_SCEDULE_POOL`, which is server-side threadpool for background operations on active `Iceberg` tables. The size of this threadpool is controlled by `iceberg_background_schedule_pool_size` server configuration parameter (default is 10).

**Note**: Current expectation is that metadata cache size is sufficient to hold the latest metadata snapshot in full for all active tables, if asynchronous prefetching is enabled.

## See also {#see-also}

- [iceberg table function](/sql-reference/table-functions/iceberg.md)
","ENGINE = Iceberg(url [, access_key_id, secret_access_key])","","","['IcebergS3','IcebergAzure','IcebergHDFS','IcebergLocal','DeltaLake','Hudi']"
"26.6.2.81","Memory",1,0,0,0,0,0,0,1,"
:::note
When using the Memory table engine on ClickHouse Cloud, data is not replicated across all nodes (by design). To guarantee that all queries are routed to the same node and that the Memory table engine works as expected, you can do one of the following:
- Execute all operations in the same session
- Use a client that uses TCP or the native interface (which enables support for sticky connections) such as [clickhouse-client](/interfaces/client)
:::

The Memory engine stores data in RAM, in uncompressed form. Data is stored in exactly the same form as it is received when read. In other words, reading from this table is completely free.
Concurrent data access is synchronized. Locks are short: read and write operations do not block each other.
Indexes are not supported. Reading is parallelized.

Maximal productivity (over 10 GB/sec) is reached on simple queries, because there is no reading from the disk, decompressing, or deserializing data. (We should note that in many cases, the productivity of the MergeTree engine is almost as high.)
When restarting a server, data disappears from the table and the table becomes empty.
Normally, using this table engine is not justified. However, it can be used for tests, and for tasks where maximum speed is required on a relatively small number of rows (up to approximately 100,000,000).

The Memory engine is used by the system for temporary tables with external query data (see the section ""External data for processing a query""), and for implementing `GLOBAL IN` (see the section ""IN operators"").

Upper and lower bounds can be specified to limit Memory engine table size, effectively allowing it to act as a circular buffer (see [Engine Parameters](#engine-parameters)).

## Engine parameters {#engine-parameters}

- `min_bytes_to_keep` — Minimum bytes to keep when memory table is size-capped.
  - Default value: `0`
  - Requires `max_bytes_to_keep`
- `max_bytes_to_keep` — Maximum bytes to keep within memory table where oldest rows are deleted on each insertion (i.e circular buffer). Max bytes can exceed the stated limit if the oldest batch of rows to remove falls under the `min_bytes_to_keep` limit when adding a large block.
  - Default value: `0`
- `min_rows_to_keep` — Minimum rows to keep when memory table is size-capped.
  - Default value: `0`
  - Requires `max_rows_to_keep`
- `max_rows_to_keep` — Maximum rows to keep within memory table where oldest rows are deleted on each insertion (i.e circular buffer). Max rows can exceed the stated limit if the oldest batch of rows to remove falls under the `min_rows_to_keep` limit when adding a large block.
  - Default value: `0`
- `compress` - Whether to compress data in memory.
  - Default value: `false`

## Usage {#usage}

**Initialize settings**
```sql
CREATE TABLE memory (i UInt32) ENGINE = Memory SETTINGS min_rows_to_keep = 100, max_rows_to_keep = 1000;
```

**Modify settings**
```sql
ALTER TABLE memory MODIFY SETTING min_rows_to_keep = 100, max_rows_to_keep = 1000;
```

**Note:** Both `bytes` and `rows` capping parameters can be set at the same time, however, the lower bounds of `max` and `min` will be adhered to.

## Examples {#examples}
```sql
CREATE TABLE memory (i UInt32) ENGINE = Memory SETTINGS min_bytes_to_keep = 4096, max_bytes_to_keep = 16384;

/* 1. testing oldest block doesn't get deleted due to min-threshold - 3000 rows */
INSERT INTO memory SELECT * FROM numbers(0, 1600); -- 8'192 bytes

/* 2. adding block that doesn't get deleted */
INSERT INTO memory SELECT * FROM numbers(1000, 100); -- 1'024 bytes

/* 3. testing oldest block gets deleted - 9216 bytes - 1100 */
INSERT INTO memory SELECT * FROM numbers(9000, 1000); -- 8'192 bytes

/* 4. checking a very large block overrides all */
INSERT INTO memory SELECT * FROM numbers(9000, 10000); -- 65'536 bytes

SELECT total_bytes, total_rows FROM system.tables WHERE name = 'memory' AND database = currentDatabase();
```

```text
┌─total_bytes─┬─total_rows─┐
│       65536 │      10000 │
└─────────────┴────────────┘
```

also, for rows:

```sql
CREATE TABLE memory (i UInt32) ENGINE = Memory SETTINGS min_rows_to_keep = 4000, max_rows_to_keep = 10000;

/* 1. testing oldest block doesn't get deleted due to min-threshold - 3000 rows */
INSERT INTO memory SELECT * FROM numbers(0, 1600); -- 1'600 rows

/* 2. adding block that doesn't get deleted */
INSERT INTO memory SELECT * FROM numbers(1000, 100); -- 100 rows

/* 3. testing oldest block gets deleted - 9216 bytes - 1100 */
INSERT INTO memory SELECT * FROM numbers(9000, 1000); -- 1'000 rows

/* 4. checking a very large block overrides all */
INSERT INTO memory SELECT * FROM numbers(9000, 10000); -- 10'000 rows

SELECT total_bytes, total_rows FROM system.tables WHERE name = 'memory' AND database = currentDatabase();
```

```text
┌─total_bytes─┬─total_rows─┐
│       65536 │      10000 │
└─────────────┴────────────┘
```
","ENGINE = Memory","","","[]"
"26.6.2.81","Merge",0,0,0,0,0,0,0,0,"
The `Merge` engine (not to be confused with `MergeTree`) does not store data itself, but allows reading from any number of other tables simultaneously.

Reading is automatically parallelized. Writing to a table is not supported. When reading, the indexes of tables that are actually being read are used, if they exist.

## Creating a table {#creating-a-table}

```sql
CREATE TABLE ... Engine=Merge(db_name, tables_regexp)
```

## Engine parameters {#engine-parameters}

### `db_name` {#db_name}

`db_name` — Possible values:
    - database name,
    - constant expression that returns a string with a database name, for example, `currentDatabase()`,
    - `REGEXP(expression)`, where `expression` is a regular expression to match the DB names.

### `tables_regexp` {#tables_regexp}

`tables_regexp` — A regular expression to match the table names in the specified DB or DBs.

Regular expressions — [re2](https://github.com/google/re2) (supports a subset of PCRE), case-sensitive.
See the notes about escaping symbols in regular expressions in the ""match"" section.

## Usage {#usage}

When selecting tables to read, the `Merge` table itself is not selected, even if it matches the regex. This is to avoid loops.
It is possible to create two `Merge` tables that will endlessly try to read each others' data, but this is not a good idea.

The typical way to use the `Merge` engine is for working with a large number of `TinyLog` tables as if with a single table.

## Examples {#examples}

**Example 1**

Consider two databases `ABC_corporate_site` and `ABC_store`. The `all_visitors` table will contain IDs from the tables `visitors` in both databases.

```sql
CREATE TABLE all_visitors (id UInt32) ENGINE=Merge(REGEXP('ABC_*'), 'visitors');
```

**Example 2**

Let's say you have an old table `WatchLog_old` and decided to change partitioning without moving data to a new table `WatchLog_new`, and you need to see data from both tables.

```sql
CREATE TABLE WatchLog_old(
    date Date,
    UserId Int64,
    EventType String,
    Cnt UInt64
)
ENGINE=MergeTree
ORDER BY (date, UserId, EventType);

INSERT INTO WatchLog_old VALUES ('2018-01-01', 1, 'hit', 3);

CREATE TABLE WatchLog_new(
    date Date,
    UserId Int64,
    EventType String,
    Cnt UInt64
)
ENGINE=MergeTree
PARTITION BY date
ORDER BY (UserId, EventType)
SETTINGS index_granularity=8192;

INSERT INTO WatchLog_new VALUES ('2018-01-02', 2, 'hit', 3);

CREATE TABLE WatchLog AS WatchLog_old ENGINE=Merge(currentDatabase(), '^WatchLog');

SELECT * FROM WatchLog;
```

```text
┌───────date─┬─UserId─┬─EventType─┬─Cnt─┐
│ 2018-01-01 │      1 │ hit       │   3 │
└────────────┴────────┴───────────┴─────┘
┌───────date─┬─UserId─┬─EventType─┬─Cnt─┐
│ 2018-01-02 │      2 │ hit       │   3 │
└────────────┴────────┴───────────┴─────┘
```

## Virtual columns {#virtual-columns}

- `_table` — The name of the table from which data was read. Type: [String](../../../sql-reference/data-types/string.md).

    If you filter on `_table`, (for example `WHERE _table='xyz'`) only tables which satisfy the filter condition are read.

- `_database` — Contains the name of the database from which data was read. Type: [String](../../../sql-reference/data-types/string.md).

**See Also**

- [Virtual columns](../../../engines/table-engines/index.md#table_engines-virtual_columns)
- [merge](../../../sql-reference/table-functions/merge.md) table function
","ENGINE = Merge(db_name, tables_regexp)","","","['Distributed']"
"26.6.2.81","ODBC",0,0,0,0,0,0,0,0,"
import CloudNotSupportedBadge from '@theme/badges/CloudNotSupportedBadge';

# ODBC table engine

<CloudNotSupportedBadge/>

Allows ClickHouse to connect to external databases via [ODBC](https://en.wikipedia.org/wiki/Open_Database_Connectivity).

To safely implement ODBC connections, ClickHouse uses a separate program `clickhouse-odbc-bridge`. If the ODBC driver is loaded directly from `clickhouse-server`, driver problems can crash the ClickHouse server. ClickHouse automatically starts `clickhouse-odbc-bridge` when it is required. The ODBC bridge program is installed from the same package as the `clickhouse-server`.

This engine supports the [Nullable](../../../sql-reference/data-types/nullable.md) data type.

## Creating a table {#creating-a-table}

```sql
CREATE TABLE [IF NOT EXISTS] [db.]table_name [ON CLUSTER cluster]
(
    name1 [type1],
    name2 [type2],
    ...
)
ENGINE = ODBC(datasource, external_database, external_table)
```

See a detailed description of the [CREATE TABLE](/sql-reference/statements/create/table) query.

The table structure can differ from the source table structure:

- Column names should be the same as in the source table, but you can use just some of these columns and in any order.
- Column types may differ from those in the source table. ClickHouse tries to [cast](/sql-reference/functions/type-conversion-functions#CAST) values to the ClickHouse data types.
- The [external_table_functions_use_nulls](/operations/settings/settings#external_table_functions_use_nulls) setting defines how to handle Nullable columns. Default value: 1. If 0, the table function does not make Nullable columns and inserts default values instead of nulls. This is also applicable for NULL values inside arrays.

**Engine Parameters**

- `datasource` — Name of the section with connection settings in the `odbc.ini` file.
- `external_database` — Name of a database in an external DBMS.
- `external_table` — Name of a table in the `external_database`.

These parameters can also be passed using [named collections](operations/named-collections.md).

## Usage example {#usage-example}

**Retrieving data from the local MySQL installation via ODBC**

This example is checked for Ubuntu Linux 18.04 and MySQL server 5.7.

Ensure that unixODBC and MySQL Connector are installed.

By default (if installed from packages), ClickHouse starts as user `clickhouse`. Thus, you need to create and configure this user in the MySQL server.

```bash
$ sudo mysql
```

```sql
mysql> CREATE USER 'clickhouse'@'localhost' IDENTIFIED BY 'clickhouse';
mysql> GRANT ALL PRIVILEGES ON *.* TO 'clickhouse'@'localhost' WITH GRANT OPTION;
```

Then configure the connection in `/etc/odbc.ini`.

```bash
$ cat /etc/odbc.ini
[mysqlconn]
DRIVER = /usr/local/lib/libmyodbc5w.so
SERVER = 127.0.0.1
PORT = 3306
DATABASE = test
USER = clickhouse
PASSWORD = clickhouse
```

You can check the connection using the `isql` utility from the unixODBC installation.

```bash
$ isql -v mysqlconn
+-------------------------+
| Connected!                            |
|                                       |
...
```

Table in MySQL:

```text
mysql> CREATE DATABASE test;
Query OK, 1 row affected (0,01 sec)

mysql> CREATE TABLE `test`.`test` (
    ->   `int_id` INT NOT NULL AUTO_INCREMENT,
    ->   `int_nullable` INT NULL DEFAULT NULL,
    ->   `float` FLOAT NOT NULL,
    ->   `float_nullable` FLOAT NULL DEFAULT NULL,
    ->   PRIMARY KEY (`int_id`));
Query OK, 0 rows affected (0,09 sec)

mysql> insert into test.test (`int_id`, `float`) VALUES (1,2);
Query OK, 1 row affected (0,00 sec)

mysql> select * from test.test;
+------+----------+-----+----------+
| int_id | int_nullable | float | float_nullable |
+------+----------+-----+----------+
|      1 |         NULL |     2 |           NULL |
+------+----------+-----+----------+
1 row in set (0,00 sec)
```

Table in ClickHouse, retrieving data from the MySQL table:

```sql
CREATE TABLE odbc_t
(
    `int_id` Int32,
    `float_nullable` Nullable(Float32)
)
ENGINE = ODBC('DSN=mysqlconn', 'test', 'test')
```

```sql
SELECT * FROM odbc_t
```

```text
┌─int_id─┬─float_nullable─┐
│      1 │           ᴺᵁᴸᴸ │
└────────┴────────────────┘
```

## See also {#see-also}

- [ODBC dictionaries](/sql-reference/statements/create/dictionary/sources/odbc)
- [ODBC table function](../../../sql-reference/table-functions/odbc.md)
","ENGINE = ODBC('connection_settings', 'external_database', 'external_table')","","","['JDBC']"
"26.6.2.81","Hive",1,0,0,1,0,0,0,0,"
import CloudNotSupportedBadge from '@theme/badges/CloudNotSupportedBadge';

# Hive table engine

<CloudNotSupportedBadge/>

The Hive engine allows you to perform `SELECT` queries on HDFS Hive table. Currently, it supports input formats as below:

- Text: only supports simple scalar column types except `binary`

- ORC: support simple scalar columns types except `char`; only support complex types like `array`

- Parquet: support all simple scalar columns types; only support complex types like `array`

## Creating a table {#creating-a-table}

```sql
CREATE TABLE [IF NOT EXISTS] [db.]table_name [ON CLUSTER cluster]
(
    name1 [type1] [ALIAS expr1],
    name2 [type2] [ALIAS expr2],
    ...
) ENGINE = Hive('thrift://host:port', 'database', 'table')
PARTITION BY expr
```
See a detailed description of the [CREATE TABLE](/sql-reference/statements/create/table) query.

The table structure can differ from the original Hive table structure:
- Column names should be the same as in the original Hive table, but you can use just some of these columns and in any order, also you can use some alias columns calculated from other columns.
- Column types should be the same from those in the original Hive table.
- Partition by expression should be consistent with the original Hive table, and columns in partition by expression should be in the table structure.

**Engine Parameters**

- `thrift://host:port` — Hive Metastore address

- `database` — Remote database name.

- `table` — Remote table name.

## Usage example {#usage-example}

### How to use local cache for HDFS filesystem {#how-to-use-local-cache-for-hdfs-filesystem}

We strongly advice you to enable local cache for remote filesystems. Benchmark shows that its almost 2x faster with cache.

Before using cache, add it to `config.xml`
```xml
<local_cache_for_remote_fs>
    <enable>true</enable>
    <root_dir>local_cache</root_dir>
    <limit_size>559096952</limit_size>
    <bytes_read_before_flush>1048576</bytes_read_before_flush>
</local_cache_for_remote_fs>
```

- enable: ClickHouse will maintain local cache for remote filesystem(HDFS) after startup if true.
- root_dir: Required. The root directory to store local cache files for remote filesystem.
- limit_size: Required. The maximum size(in bytes) of local cache files.
- bytes_read_before_flush: Control bytes before flush to local filesystem when downloading file from remote filesystem. The default value is 1MB.

### Query Hive table with ORC input format  {#query-hive-table-with-orc-input-format}

#### Create Table in Hive {#create-table-in-hive}

```text
hive > CREATE TABLE `test`.`test_orc`(
`f_tinyint` tinyint,
`f_smallint` smallint,
`f_int` int,
`f_integer` int,
`f_bigint` bigint,
`f_float` float,
`f_double` double,
`f_decimal` decimal(10,0),
`f_timestamp` timestamp,
`f_date` date,
`f_string` string,
`f_varchar` varchar(100),
`f_bool` boolean,
`f_binary` binary,
`f_array_int` array<int>,
`f_array_string` array<string>,
`f_array_float` array<float>,
`f_array_array_int` array<array<int>>,
`f_array_array_string` array<array<string>>,
`f_array_array_float` array<array<float>>)
PARTITIONED BY (
`day` string)
ROW FORMAT SERDE
'org.apache.hadoop.hive.ql.io.orc.OrcSerde'
STORED AS INPUTFORMAT
'org.apache.hadoop.hive.ql.io.orc.OrcInputFormat'
OUTPUTFORMAT
'org.apache.hadoop.hive.ql.io.orc.OrcOutputFormat'
LOCATION
  'hdfs://testcluster/data/hive/test.db/test_orc'

OK
Time taken: 0.51 seconds

hive > insert into test.test_orc partition(day='2021-09-18') select 1, 2, 3, 4, 5, 6.11, 7.22, 8.333, current_timestamp(), current_date(), 'hello world', 'hello world', 'hello world', true, 'hello world', array(1, 2, 3), array('hello world', 'hello world'), array(float(1.1), float(1.2)), array(array(1, 2), array(3, 4)), array(array('a', 'b'), array('c', 'd')), array(array(float(1.11), float(2.22)), array(float(3.33), float(4.44)));
OK
Time taken: 36.025 seconds

hive > select * from test.test_orc;
OK
1    2    3    4    5    6.11    7.22    8    2021-11-05 12:38:16.314    2021-11-05    hello world    hello world    hello world                                                                                             true    hello world    [1,2,3]    [""hello world"",""hello world""]    [1.1,1.2]    [[1,2],[3,4]]    [[""a"",""b""],[""c"",""d""]]    [[1.11,2.22],[3.33,4.44]]    2021-09-18
Time taken: 0.295 seconds, Fetched: 1 row(s)
```

#### Create Table in ClickHouse  {#create-table-in-clickhouse}

Table in ClickHouse, retrieving data from the Hive table created above:
```sql
CREATE TABLE test.test_orc
(
    `f_tinyint` Int8,
    `f_smallint` Int16,
    `f_int` Int32,
    `f_integer` Int32,
    `f_bigint` Int64,
    `f_float` Float32,
    `f_double` Float64,
    `f_decimal` Float64,
    `f_timestamp` DateTime,
    `f_date` Date,
    `f_string` String,
    `f_varchar` String,
    `f_bool` Bool,
    `f_binary` String,
    `f_array_int` Array(Int32),
    `f_array_string` Array(String),
    `f_array_float` Array(Float32),
    `f_array_array_int` Array(Array(Int32)),
    `f_array_array_string` Array(Array(String)),
    `f_array_array_float` Array(Array(Float32)),
    `day` String
)
ENGINE = Hive('thrift://202.168.117.26:9083', 'test', 'test_orc')
PARTITION BY day

```

```sql
SELECT * FROM test.test_orc settings input_format_orc_allow_missing_columns = 1\G
```

```text
SELECT *
FROM test.test_orc
SETTINGS input_format_orc_allow_missing_columns = 1

Query id: c3eaffdc-78ab-43cd-96a4-4acc5b480658

Row 1:
──────
f_tinyint:            1
f_smallint:           2
f_int:                3
f_integer:            4
f_bigint:             5
f_float:              6.11
f_double:             7.22
f_decimal:            8
f_timestamp:          2021-12-04 04:00:44
f_date:               2021-12-03
f_string:             hello world
f_varchar:            hello world
f_bool:               true
f_binary:             hello world
f_array_int:          [1,2,3]
f_array_string:       ['hello world','hello world']
f_array_float:        [1.1,1.2]
f_array_array_int:    [[1,2],[3,4]]
f_array_array_string: [['a','b'],['c','d']]
f_array_array_float:  [[1.11,2.22],[3.33,4.44]]
day:                  2021-09-18


1 rows in set. Elapsed: 0.078 sec.
```

### Query Hive table with Parquet input format {#query-hive-table-with-parquet-input-format}

#### Create Table in Hive {#create-table-in-hive-1}

```text
hive >
CREATE TABLE `test`.`test_parquet`(
`f_tinyint` tinyint,
`f_smallint` smallint,
`f_int` int,
`f_integer` int,
`f_bigint` bigint,
`f_float` float,
`f_double` double,
`f_decimal` decimal(10,0),
`f_timestamp` timestamp,
`f_date` date,
`f_string` string,
`f_varchar` varchar(100),
`f_char` char(100),
`f_bool` boolean,
`f_binary` binary,
`f_array_int` array<int>,
`f_array_string` array<string>,
`f_array_float` array<float>,
`f_array_array_int` array<array<int>>,
`f_array_array_string` array<array<string>>,
`f_array_array_float` array<array<float>>)
PARTITIONED BY (
`day` string)
ROW FORMAT SERDE
'org.apache.hadoop.hive.ql.io.parquet.serde.ParquetHiveSerDe'
STORED AS INPUTFORMAT
'org.apache.hadoop.hive.ql.io.parquet.MapredParquetInputFormat'
OUTPUTFORMAT
'org.apache.hadoop.hive.ql.io.parquet.MapredParquetOutputFormat'
LOCATION
  'hdfs://testcluster/data/hive/test.db/test_parquet'
OK
Time taken: 0.51 seconds

hive >  insert into test.test_parquet partition(day='2021-09-18') select 1, 2, 3, 4, 5, 6.11, 7.22, 8.333, current_timestamp(), current_date(), 'hello world', 'hello world', 'hello world', true, 'hello world', array(1, 2, 3), array('hello world', 'hello world'), array(float(1.1), float(1.2)), array(array(1, 2), array(3, 4)), array(array('a', 'b'), array('c', 'd')), array(array(float(1.11), float(2.22)), array(float(3.33), float(4.44)));
OK
Time taken: 36.025 seconds

hive > select * from test.test_parquet;
OK
1    2    3    4    5    6.11    7.22    8    2021-12-14 17:54:56.743    2021-12-14    hello world    hello world    hello world                                                                                             true    hello world    [1,2,3]    [""hello world"",""hello world""]    [1.1,1.2]    [[1,2],[3,4]]    [[""a"",""b""],[""c"",""d""]]    [[1.11,2.22],[3.33,4.44]]    2021-09-18
Time taken: 0.766 seconds, Fetched: 1 row(s)
```

#### Create Table in ClickHouse {#create-table-in-clickhouse-1}

Table in ClickHouse, retrieving data from the Hive table created above:
```sql
CREATE TABLE test.test_parquet
(
    `f_tinyint` Int8,
    `f_smallint` Int16,
    `f_int` Int32,
    `f_integer` Int32,
    `f_bigint` Int64,
    `f_float` Float32,
    `f_double` Float64,
    `f_decimal` Float64,
    `f_timestamp` DateTime,
    `f_date` Date,
    `f_string` String,
    `f_varchar` String,
    `f_char` String,
    `f_bool` Bool,
    `f_binary` String,
    `f_array_int` Array(Int32),
    `f_array_string` Array(String),
    `f_array_float` Array(Float32),
    `f_array_array_int` Array(Array(Int32)),
    `f_array_array_string` Array(Array(String)),
    `f_array_array_float` Array(Array(Float32)),
    `day` String
)
ENGINE = Hive('thrift://localhost:9083', 'test', 'test_parquet')
PARTITION BY day
```

```sql
SELECT * FROM test.test_parquet settings input_format_parquet_allow_missing_columns = 1\G
```

```text
SELECT *
FROM test_parquet
SETTINGS input_format_parquet_allow_missing_columns = 1

Query id: 4e35cf02-c7b2-430d-9b81-16f438e5fca9

Row 1:
──────
f_tinyint:            1
f_smallint:           2
f_int:                3
f_integer:            4
f_bigint:             5
f_float:              6.11
f_double:             7.22
f_decimal:            8
f_timestamp:          2021-12-14 17:54:56
f_date:               2021-12-14
f_string:             hello world
f_varchar:            hello world
f_char:               hello world
f_bool:               true
f_binary:             hello world
f_array_int:          [1,2,3]
f_array_string:       ['hello world','hello world']
f_array_float:        [1.1,1.2]
f_array_array_int:    [[1,2],[3,4]]
f_array_array_string: [['a','b'],['c','d']]
f_array_array_float:  [[1.11,2.22],[3.33,4.44]]
day:                  2021-09-18

1 rows in set. Elapsed: 0.357 sec.
```

### Query Hive table with Text input format {#query-hive-table-with-text-input-format}

#### Create Table in Hive {#create-table-in-hive-2}

```text
hive >
CREATE TABLE `test`.`test_text`(
`f_tinyint` tinyint,
`f_smallint` smallint,
`f_int` int,
`f_integer` int,
`f_bigint` bigint,
`f_float` float,
`f_double` double,
`f_decimal` decimal(10,0),
`f_timestamp` timestamp,
`f_date` date,
`f_string` string,
`f_varchar` varchar(100),
`f_char` char(100),
`f_bool` boolean,
`f_binary` binary,
`f_array_int` array<int>,
`f_array_string` array<string>,
`f_array_float` array<float>,
`f_array_array_int` array<array<int>>,
`f_array_array_string` array<array<string>>,
`f_array_array_float` array<array<float>>)
PARTITIONED BY (
`day` string)
ROW FORMAT SERDE
'org.apache.hadoop.hive.serde2.lazy.LazySimpleSerDe'
STORED AS INPUTFORMAT
'org.apache.hadoop.mapred.TextInputFormat'
OUTPUTFORMAT
'org.apache.hadoop.hive.ql.io.HiveIgnoreKeyTextOutputFormat'
LOCATION
  'hdfs://testcluster/data/hive/test.db/test_text'
Time taken: 0.1 seconds, Fetched: 34 row(s)


hive >  insert into test.test_text partition(day='2021-09-18') select 1, 2, 3, 4, 5, 6.11, 7.22, 8.333, current_timestamp(), current_date(), 'hello world', 'hello world', 'hello world', true, 'hello world', array(1, 2, 3), array('hello world', 'hello world'), array(float(1.1), float(1.2)), array(array(1, 2), array(3, 4)), array(array('a', 'b'), array('c', 'd')), array(array(float(1.11), float(2.22)), array(float(3.33), float(4.44)));
OK
Time taken: 36.025 seconds

hive > select * from test.test_text;
OK
1    2    3    4    5    6.11    7.22    8    2021-12-14 18:11:17.239    2021-12-14    hello world    hello world    hello world                                                                                             true    hello world    [1,2,3]    [""hello world"",""hello world""]    [1.1,1.2]    [[1,2],[3,4]]    [[""a"",""b""],[""c"",""d""]]    [[1.11,2.22],[3.33,4.44]]    2021-09-18
Time taken: 0.624 seconds, Fetched: 1 row(s)
```

#### Create Table in ClickHouse {#create-table-in-clickhouse-2}

Table in ClickHouse, retrieving data from the Hive table created above:
```sql
CREATE TABLE test.test_text
(
    `f_tinyint` Int8,
    `f_smallint` Int16,
    `f_int` Int32,
    `f_integer` Int32,
    `f_bigint` Int64,
    `f_float` Float32,
    `f_double` Float64,
    `f_decimal` Float64,
    `f_timestamp` DateTime,
    `f_date` Date,
    `f_string` String,
    `f_varchar` String,
    `f_char` String,
    `f_bool` Bool,
    `day` String
)
ENGINE = Hive('thrift://localhost:9083', 'test', 'test_text')
PARTITION BY day
```

```sql
SELECT * FROM test.test_text settings input_format_skip_unknown_fields = 1, input_format_with_names_use_header = 1, date_time_input_format = 'best_effort'\G
```

```text
SELECT *
FROM test.test_text
SETTINGS input_format_skip_unknown_fields = 1, input_format_with_names_use_header = 1, date_time_input_format = 'best_effort'

Query id: 55b79d35-56de-45b9-8be6-57282fbf1f44

Row 1:
──────
f_tinyint:   1
f_smallint:  2
f_int:       3
f_integer:   4
f_bigint:    5
f_float:     6.11
f_double:    7.22
f_decimal:   8
f_timestamp: 2021-12-14 18:11:17
f_date:      2021-12-14
f_string:    hello world
f_varchar:   hello world
f_char:      hello world
f_bool:      true
day:         2021-09-18
```
","ENGINE = Hive('thrift://host:port', 'database', 'table') PARTITION BY expr","","","[]"
"26.6.2.81","ArrowFlight",0,0,0,0,0,0,0,0,"
The ArrowFlight table engine enables ClickHouse to read from and write to remote datasets via the [Apache Arrow Flight](https://arrow.apache.org/docs/format/Flight.html) protocol.
This integration allows ClickHouse to interact with external Flight-enabled servers in a columnar Arrow format with high performance.

## Creating a Table {#creating-a-table}

```sql
CREATE TABLE [IF NOT EXISTS] [db.]table_name (name1 [type1], name2 [type2], ...)
    ENGINE = ArrowFlight('host:port', 'dataset_name' [, 'username', 'password']);
```

**Engine Parameters**

- `host:port` — Address of the remote Arrow Flight server. If the port is omitted, the default port `8815` is used.
- `dataset_name` — Identifier of the dataset on the Flight server (used as a PATH descriptor or in a `SELECT *` query depending on the `arrow_flight_request_descriptor_type` setting).
- `username` — Username for basic HTTP authentication.
- `password` — Password for basic HTTP authentication.

If `username` and `password` are omitted, authentication is not used (this works only if the Arrow Flight server allows unauthenticated access).

The column list is optional — if omitted, the schema is inferred from the remote Arrow Flight server via `GetSchema`.

## Named Collections {#named-collections}

The engine supports [named collections](/operations/named-collections) for storing connection parameters:

```sql
CREATE TABLE remote_flight_data
    ENGINE = ArrowFlight(named_collection_name);
```

Named collection parameters: `host`/`hostname`, `port` (required), `dataset`, `use_basic_authentication`,
`user`/`username`, `password`, `enable_ssl`, `ssl_ca`, `ssl_override_hostname`.

## Settings {#settings}

- `arrow_flight_request_descriptor_type` — Controls how the dataset name is sent to the Flight server. Possible values: `path` (default, sends as a PATH descriptor) or `command` (sends as a CMD descriptor with `SELECT * FROM <dataset>`). Use `command` for Flight servers that expect SQL commands (e.g., Dremio).

## Usage Example {#usage-example}

Reading data from a remote Arrow Flight server:

```sql
CREATE TABLE remote_flight_data
(
    id UInt32,
    name String,
    value Float64
) ENGINE = ArrowFlight('127.0.0.1:9005', 'sample_dataset');

SELECT * FROM remote_flight_data ORDER BY id;
```

```text
┌─id─┬─name────┬─value─┐
│  1 │ foo     │ 42.1  │
│  2 │ bar     │ 13.3  │
│  3 │ baz     │ 77.0  │
└────┴─────────┴───────┘
```

Inserting data into a remote Arrow Flight server:

```sql
INSERT INTO remote_flight_data VALUES (4, 'qux', 99.9);
```

## Notes {#notes}

- If columns are specified in the `CREATE TABLE` statement, they must match the schema returned by the Flight server.
- If columns are omitted, the schema is inferred automatically from the remote server.
- Both reading (`SELECT`) and writing (`INSERT`) are supported.
- The `arrow_flight_request_descriptor_type` setting controls whether the dataset name is sent as a PATH descriptor or as a CMD descriptor wrapping a `SELECT *` query.

## See Also {#see-also}

- [arrowFlight table function](/sql-reference/table-functions/arrowflight)
- [Apache Arrow Flight SQL](https://arrow.apache.org/docs/format/FlightSql.html)
- [Arrow format integration in ClickHouse](/interfaces/formats/Arrow)
","ENGINE = ArrowFlight('host:port', 'dataset_name' [, 'username', 'password'])","","","[]"
"26.6.2.81","URL",1,0,0,0,0,0,0,0,"
Queries data to/from a remote HTTP/HTTPS server. This engine is similar to the [File](../../../engines/table-engines/special/file.md) engine.

Syntax: `URL(URL [,Format] [,CompressionMethod])`

- The `URL` parameter must conform to the structure of a Uniform Resource Locator. The specified URL must point to a server that uses HTTP or HTTPS. This does not require any additional headers for getting a response from the server.

- The `Format` must be one that ClickHouse can use in `SELECT` queries and, if necessary, in `INSERTs`. For the full list of supported formats, see [Formats](/interfaces/formats#formats-overview).

    If this argument is not specified, ClickHouse detects the format automatically from the suffix of the `URL` parameter. If the suffix of `URL` parameter does not match any supported formats, it fails to create table. For example, for engine expression `URL('http://localhost/test.json')`, `JSON` format is applied.

- `CompressionMethod` indicates that whether the HTTP body should be compressed. If the compression is enabled, the HTTP packets sent by the URL engine contain 'Content-Encoding' header to indicate which compression method is used.

To enable compression, please first make sure the remote HTTP endpoint indicated by the `URL` parameter supports corresponding compression algorithm.

The supported `CompressionMethod` should be one of following:
- gzip or gz
- deflate
- brotli or br
- lzma or xz
- zstd or zst
- lz4
- bz2
- snappy
- none
- auto

If `CompressionMethod` is not specified, it defaults to `auto`. This means ClickHouse detects compression method from the suffix of `URL` parameter automatically. If the suffix matches any of compression method listed above, corresponding compression is applied or there won't be any compression enabled.

For example, for engine expression `URL('http://localhost/test.gzip')`, `gzip` compression method is applied, but for `URL('http://localhost/test.fr')`, no compression is enabled because the suffix `fr` does not match any compression methods above.

## Usage {#using-the-engine-in-the-clickhouse-server}

`INSERT` and `SELECT` queries are transformed to `POST` and `GET` requests,
respectively. For processing `POST` requests, the remote server must support
[Chunked transfer encoding](https://en.wikipedia.org/wiki/Chunked_transfer_encoding).

You can limit the maximum number of HTTP GET redirect hops using the [max_http_get_redirects](/operations/settings/settings#max_http_get_redirects) setting.

## Example {#example}

**1.** Create a `url_engine_table` table on the server :

```sql
CREATE TABLE url_engine_table (word String, value UInt64)
ENGINE=URL('http://127.0.0.1:12345/', CSV)
```

**2.** Create a basic HTTP server using the standard Python 3 tools and
start it:

```python3
from http.server import BaseHTTPRequestHandler, HTTPServer

class CSVHTTPServer(BaseHTTPRequestHandler):
    def do_GET(self):
        self.send_response(200)
        self.send_header('Content-type', 'text/csv')
        self.end_headers()

        self.wfile.write(bytes('Hello,1\nWorld,2\n', ""utf-8""))

if __name__ == ""__main__"":
    server_address = ('127.0.0.1', 12345)
    HTTPServer(server_address, CSVHTTPServer).serve_forever()
```

```bash
$ python3 server.py
```

**3.** Request data:

```sql
SELECT * FROM url_engine_table
```

```text
┌─word──┬─value─┐
│ Hello │     1 │
│ World │     2 │
└───────┴───────┘
```

## Details of Implementation {#details-of-implementation}

- Reads and writes can be parallel
- Not supported:
  - `ALTER` and `SELECT...SAMPLE` operations.
  - Indexes.
  - Replication.

## Virtual columns {#virtual-columns}

- `_path` — Path to the `URL`. Type: `LowCardinality(String)`.
- `_file` — Resource name of the `URL`. Type: `LowCardinality(String)`.
- `_size` — Size of the resource in bytes. Type: `Nullable(UInt64)`. If the size is unknown, the value is `NULL`.
- `_time` — Last modified time of the file. Type: `Nullable(DateTime)`. If the time is unknown, the value is `NULL`.
- `_headers` - HTTP response headers. Type: `Map(LowCardinality(String), LowCardinality(String))`.

## Resolving relative URLs {#resolving-relative-urls}

The [url_base](/operations/settings/settings.md#url_base) setting allows using a relative URL in the `URL` engine. When `url_base` is set, the URL passed to the engine is resolved against it per [RFC 3986](https://datatracker.ietf.org/doc/html/rfc3986). For a full description of the resolution rules, see the [url table function docs](../../../sql-reference/table-functions/url.md#resolving-relative-urls).

**Example**

```sql
SET url_base = 'http://127.0.0.1:12345/';
CREATE TABLE url_engine_table (word String, value UInt64) ENGINE = URL('hello.csv', CSV);
SELECT * FROM url_engine_table;
```

## Storage settings {#storage-settings}

- [engine_url_skip_empty_files](/operations/settings/settings.md#engine_url_skip_empty_files) - allows to skip empty files while reading. Disabled by default.
- [enable_url_encoding](/operations/settings/settings.md#enable_url_encoding) - allows to enable/disable decoding/encoding path in uri. Enabled by default.
- [url_base](/operations/settings/settings.md#url_base) - base URL for resolving relative URLs passed to the engine.
","ENGINE = URL(url[, format[, compression]])","","","['File']"
"26.6.2.81","File",1,0,0,0,0,0,0,0,"
The File table engine keeps the data in a file in one of the supported [file formats](/interfaces/formats#formats-overview) (`TabSeparated`, `Native`, etc.).

Usage scenarios:

- Data export from ClickHouse to file.
- Convert data from one format to another.
- Updating data in ClickHouse via editing a file on a disk.

:::note
This engine is not currently available in ClickHouse Cloud, please [use the S3 table function instead](/sql-reference/table-functions/s3.md).
:::

## Usage in ClickHouse Server {#usage-in-clickhouse-server}

```sql
File(Format)
```

The `Format` parameter specifies one of the available file formats. To perform
`SELECT` queries, the format must be supported for input, and to perform
`INSERT` queries – for output. The available formats are listed in the
[Formats](/interfaces/formats#formats-overview) section.

ClickHouse does not allow specifying filesystem path for `File`. It will use folder defined by [path](../../../operations/server-configuration-parameters/settings.md) setting in server configuration.

When creating table using `File(Format)` it creates empty subdirectory in that folder. When data is written to that table, it's put into `data.Format` file in that subdirectory.

You may manually create this subfolder and file in server filesystem and then [ATTACH](../../../sql-reference/statements/attach.md) it to table information with matching name, so you can query data from that file.

:::note
Be careful with this functionality, because ClickHouse does not keep track of external changes to such files. The result of simultaneous writes via ClickHouse and outside of ClickHouse is undefined.
:::

## Example {#example}

**1.** Set up the `file_engine_table` table:

```sql
CREATE TABLE file_engine_table (name String, value UInt32) ENGINE=File(TabSeparated)
```

By default ClickHouse will create folder `/var/lib/clickhouse/data/default/file_engine_table`.

**2.** Manually create `/var/lib/clickhouse/data/default/file_engine_table/data.TabSeparated` containing:

```bash
$ cat data.TabSeparated
one 1
two 2
```

**3.** Query the data:

```sql
SELECT * FROM file_engine_table
```

```text
┌─name─┬─value─┐
│ one  │     1 │
│ two  │     2 │
└──────┴───────┘
```

## Usage in ClickHouse-local {#usage-in-clickhouse-local}

In [clickhouse-local](../../../operations/utilities/clickhouse-local.md) File engine accepts file path in addition to `Format`. Default input/output streams can be specified using numeric or human-readable names like `0` or `stdin`, `1` or `stdout`. It is possible to read and write compressed files based on an additional engine parameter or file extension (`gz`, `br` or `xz`).

**Example:**

```bash
$ echo -e ""1,2\n3,4"" | clickhouse-local -q ""CREATE TABLE table (a Int64, b Int64) ENGINE = File(CSV, stdin); SELECT a, b FROM table; DROP TABLE table""
```

## Details of Implementation {#details-of-implementation}

- Multiple `SELECT` queries can be performed concurrently, but `INSERT` queries will wait each other.
- Supported creating new file by `INSERT` query.
- If file exists, `INSERT` would append new values in it.
- Not supported:
  - `ALTER`
  - `SELECT ... SAMPLE`
  - Indices
  - Replication

## PARTITION BY {#partition-by}

`PARTITION BY` — Optional.  It is possible to create separate files by partitioning the data on a partition key. In most cases, you don't need a partition key, and if it is needed you generally don't need a partition key more granular than by month. Partitioning does not speed up queries (in contrast to the ORDER BY expression). You should never use too granular partitioning. Don't partition your data by client identifiers or names (instead, make client identifier or name the first column in the ORDER BY expression).

For partitioning by month, use the `toYYYYMM(date_column)` expression, where `date_column` is a column with a date of the type [Date](/sql-reference/data-types/date.md). The partition names here have the `""YYYYMM""` format.

## Virtual columns {#virtual-columns}

- `_path` — Path to the file. Type: `LowCardinality(String)`.
- `_file` — Name of the file. Type: `LowCardinality(String)`.
- `_size` — Size of the file in bytes. Type: `Nullable(UInt64)`. If the size is unknown, the value is `NULL`.
- `_time` — Last modified time of the file. Type: `Nullable(DateTime)`. If the time is unknown, the value is `NULL`.

## Settings {#settings}

- [engine_file_empty_if_not_exists](/operations/settings/settings#engine_file_empty_if_not_exists) - allows to select empty data from a file that doesn't exist. Disabled by default.
- [engine_file_truncate_on_insert](/operations/settings/settings#engine_file_truncate_on_insert) - allows to truncate file before insert into it. Disabled by default.
- [engine_file_allow_create_multiple_files](/operations/settings/settings.md#engine_file_allow_create_multiple_files) - allows to create a new file on each insert if format has suffix. Disabled by default.
- [engine_file_skip_empty_files](/operations/settings/settings.md#engine_file_skip_empty_files) - allows to skip empty files while reading. Disabled by default.
- [storage_file_read_method](/operations/settings/settings#engine_file_empty_if_not_exists) - method of reading data from storage file, one of: `read`, `pread`, `mmap`. The mmap method does not apply to clickhouse-server (it's intended for clickhouse-local). Default value: `pread` for clickhouse-server, `mmap` for clickhouse-local.
","ENGINE = File(format[, path | fd])","","","['URL']"
"26.6.2.81","Log",1,0,0,0,0,0,0,0,"
import CloudNotSupportedBadge from '@theme/badges/CloudNotSupportedBadge';

# Log table engine

<CloudNotSupportedBadge/>

The engine belongs to the family of `Log` engines. See the common properties of `Log` engines and their differences in the [Log Engine Family](../../../engines/table-engines/log-family/index.md) article.

`Log` differs from [TinyLog](../../../engines/table-engines/log-family/tinylog.md) in that a small file of ""marks"" resides with the column files. These marks are written on every data block and contain offsets that indicate where to start reading the file in order to skip the specified number of rows. This makes it possible to read table data in multiple threads.
For concurrent data access, the read operations can be performed simultaneously, while write operations block reads and each other.
The `Log` engine does not support indexes. Similarly, if writing to a table failed, the table is broken, and reading from it returns an error. The `Log` engine is appropriate for temporary data, write-once tables, and for testing or demonstration purposes.

## Creating a table {#table_engines-log-creating-a-table}

```sql
CREATE TABLE [IF NOT EXISTS] [db.]table_name [ON CLUSTER cluster]
(
    column1_name [type1] [DEFAULT|MATERIALIZED|ALIAS expr1],
    column2_name [type2] [DEFAULT|MATERIALIZED|ALIAS expr2],
    ...
) ENGINE = Log
```

See the detailed description of the [CREATE TABLE](/sql-reference/statements/create/table) query.

## Writing the data {#table_engines-log-writing-the-data}

The `Log` engine efficiently stores data by writing each column to its own file.  For every table, the Log engine writes the following files to the specified storage path:

- `<column>.bin`: A data file for each column, containing the serialized and compressed data.
`__marks.mrk`: A marks file, storing offsets and row counts for each data block inserted. Marks are used to facilitate efficient query execution by allowing the engine to skip irrelevant data blocks during reads.

### Writing process {#writing-process}

When data is written to a `Log` table:

1.    Data is serialized and compressed into blocks.
2.    For each column, the compressed data is appended to its respective `<column>.bin` file.
3.    Corresponding entries are added to the `__marks.mrk` file to record the offset and row count of the newly inserted data.

## Reading the data {#table_engines-log-reading-the-data}

The file with marks allows ClickHouse to parallelize the reading of data. This means that a `SELECT` query returns rows in an unpredictable order. Use the `ORDER BY` clause to sort rows.

## Example of use {#table_engines-log-example-of-use}

Creating a table:

```sql
CREATE TABLE log_table
(
    timestamp DateTime,
    message_type String,
    message String
)
ENGINE = Log
```

Inserting data:

```sql
INSERT INTO log_table VALUES (now(),'REGULAR','The first regular message')
INSERT INTO log_table VALUES (now(),'REGULAR','The second regular message'),(now(),'WARNING','The first warning message')
```

We used two `INSERT` queries to create two data blocks inside the `<column>.bin` files.

ClickHouse uses multiple threads when selecting data. Each thread reads a separate data block and returns resulting rows independently as it finishes. As a result, the order of blocks of rows in the output may not match the order of the same blocks in the input. For example:

```sql
SELECT * FROM log_table
```

```text
┌───────────timestamp─┬─message_type─┬─message────────────────────┐
│ 2019-01-18 14:27:32 │ REGULAR      │ The second regular message │
│ 2019-01-18 14:34:53 │ WARNING      │ The first warning message  │
└─────────────────────┴──────────────┴────────────────────────────┘
┌───────────timestamp─┬─message_type─┬─message───────────────────┐
│ 2019-01-18 14:23:43 │ REGULAR      │ The first regular message │
└─────────────────────┴──────────────┴───────────────────────────┘
```

Sorting the results (ascending order by default):

```sql
SELECT * FROM log_table ORDER BY timestamp
```

```text
┌───────────timestamp─┬─message_type─┬─message────────────────────┐
│ 2019-01-18 14:23:43 │ REGULAR      │ The first regular message  │
│ 2019-01-18 14:27:32 │ REGULAR      │ The second regular message │
│ 2019-01-18 14:34:53 │ WARNING      │ The first warning message  │
└─────────────────────┴──────────────┴────────────────────────────┘
```
","ENGINE = Log","","","['TinyLog','StripeLog']"
"26.6.2.81","ReplicatedCoalescingMergeTree",1,1,1,1,1,1,1,1,"Replicated version of the CoalescingMergeTree engine.","ENGINE = ReplicatedCoalescingMergeTree('zoo_path', 'replica_name'[, columns]) ORDER BY expr","","","['CoalescingMergeTree']"
"26.6.2.81","ReplicatedVersionedCollapsingMergeTree",1,1,1,1,1,1,1,1,"Replicated version of the VersionedCollapsingMergeTree engine.","ENGINE = ReplicatedVersionedCollapsingMergeTree('zoo_path', 'replica_name', sign, version) ORDER BY expr","","","['VersionedCollapsingMergeTree']"
"26.6.2.81","SQLite",0,0,0,0,0,0,0,0,"
import CloudNotSupportedBadge from '@theme/badges/CloudNotSupportedBadge';

# SQLite table engine

<CloudNotSupportedBadge/>

The engine allows to import and export data to SQLite and supports queries to SQLite tables directly from ClickHouse.

## Creating a table {#creating-a-table}

```sql
    CREATE TABLE [IF NOT EXISTS] [db.]table_name
    (
        name1 [type1],
        name2 [type2], ...
    ) ENGINE = SQLite('db_path', 'table')
```

**Engine Parameters**

- `db_path` — Path to SQLite file with a database.
- `table` — Name of a table in the SQLite database.

## Data types support {#data-types-support}

When you explicitly specify ClickHouse column types in the table definition, the following ClickHouse types can be parsed from SQLite TEXT columns:

- [Date](../../../sql-reference/data-types/date.md), [Date32](../../../sql-reference/data-types/date32.md)
- [DateTime](../../../sql-reference/data-types/datetime.md), [DateTime64](../../../sql-reference/data-types/datetime64.md)
- [UUID](../../../sql-reference/data-types/uuid.md)
- [Enum8, Enum16](../../../sql-reference/data-types/enum.md)
- [Decimal32, Decimal64, Decimal128, Decimal256](../../../sql-reference/data-types/decimal.md)
- [FixedString](../../../sql-reference/data-types/fixedstring.md)
- All integer types ([UInt8, UInt16, UInt32, UInt64, Int8, Int16, Int32, Int64](../../../sql-reference/data-types/int-uint.md))
- [Float32, Float64](../../../sql-reference/data-types/float.md)

See [SQLite database engine](../../../engines/database-engines/sqlite.md#data_types-support) for the default type mapping.

## Usage example {#usage-example}

Shows a query creating the SQLite table:

```sql
SHOW CREATE TABLE sqlite_db.table2;
```

```text
CREATE TABLE SQLite.table2
(
    `col1` Nullable(Int32),
    `col2` Nullable(String)
)
ENGINE = SQLite('sqlite.db','table2');
```

Returns the data from the table:

```sql
SELECT * FROM sqlite_db.table2 ORDER BY col1;
```

```text
┌─col1─┬─col2──┐
│    1 │ text1 │
│    2 │ text2 │
│    3 │ text3 │
└──────┴───────┘
```

**See Also**

- [SQLite](../../../engines/database-engines/sqlite.md) engine
- [sqlite](../../../sql-reference/table-functions/sqlite.md) table function
","ENGINE = SQLite('path_to_database_file', 'table')","","","['MySQL','PostgreSQL']"
"26.6.2.81","VersionedCollapsingMergeTree",1,1,1,1,1,0,0,1,"
This engine:

- Allows quick writing of object states that are continually changing.
- Deletes old object states in the background. This significantly reduces the volume of storage.

See the section [Collapsing](#table_engines_versionedcollapsingmergetree) for details.

The engine inherits from [MergeTree](/engines/table-engines/mergetree-family/mergetree) and adds the logic for collapsing rows to the algorithm for merging data parts. `VersionedCollapsingMergeTree` serves the same purpose as [CollapsingMergeTree](../../../engines/table-engines/mergetree-family/collapsingmergetree.md) but uses a different collapsing algorithm that allows inserting the data in any order with multiple threads. In particular, the `Version` column helps to collapse the rows properly even if they are inserted in the wrong order. In contrast, `CollapsingMergeTree` allows only strictly consecutive insertion.

## Creating a table {#creating-a-table}

```sql
CREATE TABLE [IF NOT EXISTS] [db.]table_name [ON CLUSTER cluster]
(
    name1 [type1] [DEFAULT|MATERIALIZED|ALIAS expr1],
    name2 [type2] [DEFAULT|MATERIALIZED|ALIAS expr2],
    ...
) ENGINE = VersionedCollapsingMergeTree(sign, version)
[PARTITION BY expr]
[ORDER BY expr]
[SAMPLE BY expr]
[SETTINGS name=value, ...]
```

For a description of query parameters, see the [query description](../../../sql-reference/statements/create/table.md).

### Engine parameters {#engine-parameters}

```sql
VersionedCollapsingMergeTree(sign, version)
```

| Parameter | Description                                                                            | Type                                                                                                                                                                                                                                                                                    |
|-----------|----------------------------------------------------------------------------------------|-----------------------------------------------------------------------------------------------------------------------------------------------------------------------------------------------------------------------------------------------------------------------------------------|
| `sign`    | Name of the column with the type of row: `1` is a ""state"" row, `-1` is a ""cancel"" row. | [`Int8`](/sql-reference/data-types/int-uint)                                                                                                                                                                                                                                    |
| `version` | Name of the column with the version of the object state.                               | [`Int*`](/sql-reference/data-types/int-uint), [`UInt*`](/sql-reference/data-types/int-uint), [`Date`](/sql-reference/data-types/date), [`Date32`](/sql-reference/data-types/date32), [`DateTime`](/sql-reference/data-types/datetime) or [`DateTime64`](/sql-reference/data-types/datetime64) |

### Query clauses {#query-clauses}

When creating a `VersionedCollapsingMergeTree` table, the same [clauses](../../../engines/table-engines/mergetree-family/mergetree.md) are required as when creating a `MergeTree` table.

<details markdown=""1"">

<summary>Deprecated Method for Creating a Table</summary>

:::note
Do not use this method in new projects. If possible, switch old projects to the method described above.
:::

```sql
CREATE TABLE [IF NOT EXISTS] [db.]table_name [ON CLUSTER cluster]
(
    name1 [type1] [DEFAULT|MATERIALIZED|ALIAS expr1],
    name2 [type2] [DEFAULT|MATERIALIZED|ALIAS expr2],
    ...
) ENGINE [=] VersionedCollapsingMergeTree(date-column [, sampling_expression], (primary, key), index_granularity, sign, version)
```

All of the parameters except `sign` and `version` have the same meaning as in `MergeTree`.

- `sign` — Name of the column with the type of row: `1` is a ""state"" row, `-1` is a ""cancel"" row.

    Column Data Type — `Int8`.

- `version` — Name of the column with the version of the object state.

    The column data type should be `UInt*`.

</details>

## Collapsing {#table_engines_versionedcollapsingmergetree}

### Data {#data}

Consider a situation where you need to save continually changing data for some object. It is reasonable to have one row for an object and update the row whenever there are changes. However, the update operation is expensive and slow for a DBMS because it requires rewriting the data in the storage. Update is not acceptable if you need to write data quickly, but you can write the changes to an object sequentially as follows.

Use the `Sign` column when writing the row. If `Sign = 1` it means that the row is a state of an object (let's call it the ""state"" row). If `Sign = -1` it indicates the cancellation of the state of an object with the same attributes (let's call it the ""cancel"" row). Also use the `Version` column, which should identify each state of an object with a separate number.

For example, we want to calculate how many pages users visited on some site and how long they were there. At some point in time we write the following row with the state of user activity:

```text
┌──────────────UserID─┬─PageViews─┬─Duration─┬─Sign─┬─Version─┐
│ 4324182021466249494 │         5 │      146 │    1 │       1 |
└─────────────────────┴───────────┴──────────┴──────┴─────────┘
```

At some point later we register the change of user activity and write it with the following two rows.

```text
┌──────────────UserID─┬─PageViews─┬─Duration─┬─Sign─┬─Version─┐
│ 4324182021466249494 │         5 │      146 │   -1 │       1 |
│ 4324182021466249494 │         6 │      185 │    1 │       2 |
└─────────────────────┴───────────┴──────────┴──────┴─────────┘
```

The first row cancels the previous state of the object (user). It should copy all of the fields of the canceled state except `Sign`.

The second row contains the current state.

Because we need only the last state of user activity, the rows

```text
┌──────────────UserID─┬─PageViews─┬─Duration─┬─Sign─┬─Version─┐
│ 4324182021466249494 │         5 │      146 │    1 │       1 |
│ 4324182021466249494 │         5 │      146 │   -1 │       1 |
└─────────────────────┴───────────┴──────────┴──────┴─────────┘
```

can be deleted, collapsing the invalid (old) state of the object. `VersionedCollapsingMergeTree` does this while merging the data parts.

To find out why we need two rows for each change, see [Algorithm](#table_engines-versionedcollapsingmergetree-algorithm).

**Notes on Usage**

1.  The program that writes the data should remember the state of an object to be able to cancel it. ""Cancel"" string should contain copies of the primary key fields and the version of the ""state"" string and the opposite `Sign`. It increases the initial size of storage but allows to write the data quickly.
2.  Long growing arrays in columns reduce the efficiency of the engine due to the load for writing. The more straightforward the data, the better the efficiency.
3.  `SELECT` results depend strongly on the consistency of the history of object changes. Be accurate when preparing data for inserting. You can get unpredictable results with inconsistent data, such as negative values for non-negative metrics like session depth.

### Algorithm {#table_engines-versionedcollapsingmergetree-algorithm}

When ClickHouse merges data parts, it deletes each pair of rows that have the same primary key and version and different `Sign`. The order of rows does not matter.

When ClickHouse inserts data, it orders rows by the primary key. If the `Version` column is not in the primary key, ClickHouse adds it to the primary key implicitly as the last field and uses it for ordering.

## Selecting data {#selecting-data}

ClickHouse does not guarantee that all of the rows with the same primary key will be in the same resulting data part or even on the same physical server. This is true both for writing the data and for subsequent merging of the data parts. In addition, ClickHouse processes `SELECT` queries with multiple threads, and it cannot predict the order of rows in the result. This means that aggregation is required if there is a need to get completely ""collapsed"" data from a `VersionedCollapsingMergeTree` table.

To finalize collapsing, write a query with a `GROUP BY` clause and aggregate functions that account for the sign. For example, to calculate quantity, use `sum(Sign)` instead of `count()`. To calculate the sum of something, use `sum(Sign * x)` instead of `sum(x)`, and add `HAVING sum(Sign) > 0`.

The aggregates `count`, `sum` and `avg` can be calculated this way. The aggregate `uniq` can be calculated if an object has at least one non-collapsed state. The aggregates `min` and `max` can't be calculated because `VersionedCollapsingMergeTree` does not save the history of values of collapsed states.

If you need to extract the data with ""collapsing"" but without aggregation (for example, to check whether rows are present whose newest values match certain conditions), you can use the `FINAL` modifier for the `FROM` clause. This approach is inefficient and should not be used with large tables.

## Example of use {#example-of-use}

Example data:

```text
┌──────────────UserID─┬─PageViews─┬─Duration─┬─Sign─┬─Version─┐
│ 4324182021466249494 │         5 │      146 │    1 │       1 |
│ 4324182021466249494 │         5 │      146 │   -1 │       1 |
│ 4324182021466249494 │         6 │      185 │    1 │       2 |
└─────────────────────┴───────────┴──────────┴──────┴─────────┘
```

Creating the table:

```sql
CREATE TABLE UAct
(
    UserID UInt64,
    PageViews UInt8,
    Duration UInt8,
    Sign Int8,
    Version UInt8
)
ENGINE = VersionedCollapsingMergeTree(Sign, Version)
ORDER BY UserID
```

Inserting the data:

```sql
INSERT INTO UAct VALUES (4324182021466249494, 5, 146, 1, 1)
```

```sql
INSERT INTO UAct VALUES (4324182021466249494, 5, 146, -1, 1),(4324182021466249494, 6, 185, 1, 2)
```

We use two `INSERT` queries to create two different data parts. If we insert the data with a single query, ClickHouse creates one data part and will never perform any merge.

Getting the data:

```sql
SELECT * FROM UAct
```

```text
┌──────────────UserID─┬─PageViews─┬─Duration─┬─Sign─┬─Version─┐
│ 4324182021466249494 │         5 │      146 │    1 │       1 │
└─────────────────────┴───────────┴──────────┴──────┴─────────┘
┌──────────────UserID─┬─PageViews─┬─Duration─┬─Sign─┬─Version─┐
│ 4324182021466249494 │         5 │      146 │   -1 │       1 │
│ 4324182021466249494 │         6 │      185 │    1 │       2 │
└─────────────────────┴───────────┴──────────┴──────┴─────────┘
```

What do we see here and where are the collapsed parts?
We created two data parts using two `INSERT` queries. The `SELECT` query was performed in two threads, and the result is a random order of rows.
Collapsing did not occur because the data parts have not been merged yet. ClickHouse merges data parts at an unknown point in time which we cannot predict.

This is why we need aggregation:

```sql
SELECT
    UserID,
    sum(PageViews * Sign) AS PageViews,
    sum(Duration * Sign) AS Duration,
    Version
FROM UAct
GROUP BY UserID, Version
HAVING sum(Sign) > 0
```

```text
┌──────────────UserID─┬─PageViews─┬─Duration─┬─Version─┐
│ 4324182021466249494 │         6 │      185 │       2 │
└─────────────────────┴───────────┴──────────┴─────────┘
```

If we do not need aggregation and want to force collapsing, we can use the `FINAL` modifier for the `FROM` clause.

```sql
SELECT * FROM UAct FINAL
```

```text
┌──────────────UserID─┬─PageViews─┬─Duration─┬─Sign─┬─Version─┐
│ 4324182021466249494 │         6 │      185 │    1 │       2 │
└─────────────────────┴───────────┴──────────┴──────┴─────────┘
```

This is a very inefficient way to select data. Don't use it for large tables.
","ENGINE = VersionedCollapsingMergeTree(sign, version) ORDER BY expr","","","['MergeTree','CollapsingMergeTree','ReplicatedVersionedCollapsingMergeTree']"
"26.6.2.81","ReplacingMergeTree",1,1,1,1,1,0,0,1,"
The engine differs from [MergeTree](/engines/table-engines/mergetree-family/mergetree) in that it removes duplicate entries with the same [sorting key](../../../engines/table-engines/mergetree-family/mergetree.md) value (`ORDER BY` table section, not `PRIMARY KEY`).

Data deduplication occurs only during a merge. Merging occurs in the background at an unknown time, so you can't plan for it. Some of the data may remain unprocessed. Although you can run an unscheduled merge using the `OPTIMIZE` query, do not count on using it, because the `OPTIMIZE` query will read and write a large amount of data.

Thus, `ReplacingMergeTree` is suitable for clearing out duplicate data in the background in order to save space, but it does not guarantee the absence of duplicates.

:::note
A detailed guide on ReplacingMergeTree, including best practices and how to optimize performance, is available [here](/guides/replacing-merge-tree).
:::

## Creating a table {#creating-a-table}

```sql
CREATE TABLE [IF NOT EXISTS] [db.]table_name [ON CLUSTER cluster]
(
    name1 [type1] [DEFAULT|MATERIALIZED|ALIAS expr1],
    name2 [type2] [DEFAULT|MATERIALIZED|ALIAS expr2],
    ...
) ENGINE = ReplacingMergeTree([ver [, is_deleted]])
[PARTITION BY expr]
[ORDER BY expr]
[PRIMARY KEY expr]
[SAMPLE BY expr]
[SETTINGS name=value, ...]
```

For a description of request parameters, see [statement description](../../../sql-reference/statements/create/table.md).

:::note
Uniqueness of rows is determined by the `ORDER BY` table section, not `PRIMARY KEY`.
:::

## ReplacingMergeTree parameters {#replacingmergetree-parameters}

### `ver` {#ver}

`ver` — column with the version number. Type `UInt*`, `Date`, `DateTime` or `DateTime64`. Optional parameter.

When merging, `ReplacingMergeTree` from all the rows with the same sorting key leaves only one:

- The last in the selection, if `ver` not set. A selection is a set of rows in a set of parts participating in the merge. The most recently created part (the last insert) will be the last one in the selection. Thus, after deduplication, the very last row from the most recent insert will remain for each unique sorting key.
- With the maximum version, if `ver` specified. If `ver` is the same for several rows, then it will use ""if `ver` is not specified"" rule for them, i.e. the most recent inserted row will remain.

Example:

```sql
-- without ver - the last inserted 'wins'
CREATE TABLE myFirstReplacingMT
(
    `key` Int64,
    `someCol` String,
    `eventTime` DateTime
)
ENGINE = ReplacingMergeTree
ORDER BY key;

INSERT INTO myFirstReplacingMT Values (1, 'first', '2020-01-01 01:01:01');
INSERT INTO myFirstReplacingMT Values (1, 'second', '2020-01-01 00:00:00');

SELECT * FROM myFirstReplacingMT FINAL;

┌─key─┬─someCol─┬───────────eventTime─┐
│   1 │ second  │ 2020-01-01 00:00:00 │
└─────┴─────────┴─────────────────────┘


-- with ver - the row with the biggest ver 'wins'
CREATE TABLE mySecondReplacingMT
(
    `key` Int64,
    `someCol` String,
    `eventTime` DateTime
)
ENGINE = ReplacingMergeTree(eventTime)
ORDER BY key;

INSERT INTO mySecondReplacingMT Values (1, 'first', '2020-01-01 01:01:01');
INSERT INTO mySecondReplacingMT Values (1, 'second', '2020-01-01 00:00:00');

SELECT * FROM mySecondReplacingMT FINAL;

┌─key─┬─someCol─┬───────────eventTime─┐
│   1 │ first   │ 2020-01-01 01:01:01 │
└─────┴─────────┴─────────────────────┘
```

### `is_deleted` {#is_deleted}

`is_deleted` —  Name of a column used during a merge to determine whether the data in this row represents the state or is to be deleted; `1` is a ""deleted"" row, `0` is a ""state"" row.

Column data type — `UInt8`.

:::note
`is_deleted` can only be enabled when `ver` is used.

No matter the operation on the data, the version should be increased. If two inserted rows have the same version number, the last inserted row is kept.

By default, ClickHouse will keep the last row for a key even if that row is a delete row. This is so that any future rows with lower versions can
be safely inserted and the delete row will still be applied.

To permanently drop such delete rows, enable the table setting `allow_experimental_replacing_merge_with_cleanup` and either:

1. Set the table settings `enable_replacing_merge_with_cleanup_for_min_age_to_force_merge`, `min_age_to_force_merge_on_partition_only` and `min_age_to_force_merge_seconds`. If all parts in a partition are older than `min_age_to_force_merge_seconds`, ClickHouse will merge them
all into a single part and remove any delete rows.

2. Manually run `OPTIMIZE TABLE table [PARTITION partition | PARTITION ID 'partition_id'] FINAL CLEANUP`.
:::

Example:
```sql
-- with ver and is_deleted
CREATE OR REPLACE TABLE myThirdReplacingMT
(
    `key` Int64,
    `someCol` String,
    `eventTime` DateTime,
    `is_deleted` UInt8
)
ENGINE = ReplacingMergeTree(eventTime, is_deleted)
ORDER BY key
SETTINGS allow_experimental_replacing_merge_with_cleanup = 1;

INSERT INTO myThirdReplacingMT Values (1, 'first', '2020-01-01 01:01:01', 0);
INSERT INTO myThirdReplacingMT Values (1, 'first', '2020-01-01 01:01:01', 1);

select * from myThirdReplacingMT final;

0 rows in set. Elapsed: 0.003 sec.

-- delete rows with is_deleted
OPTIMIZE TABLE myThirdReplacingMT FINAL CLEANUP;

INSERT INTO myThirdReplacingMT Values (1, 'first', '2020-01-01 00:00:00', 0);

select * from myThirdReplacingMT final;

┌─key─┬─someCol─┬───────────eventTime─┬─is_deleted─┐
│   1 │ first   │ 2020-01-01 00:00:00 │          0 │
└─────┴─────────┴─────────────────────┴────────────┘
```

## Query clauses {#query-clauses}

When creating a `ReplacingMergeTree` table the same [clauses](../../../engines/table-engines/mergetree-family/mergetree.md) are required, as when creating a `MergeTree` table.

<details markdown=""1"">

<summary>Deprecated Method for Creating a Table</summary>

:::note
Do not use this method in new projects and, if possible, switch old projects to the method described above.
:::

```sql
CREATE TABLE [IF NOT EXISTS] [db.]table_name [ON CLUSTER cluster]
(
    name1 [type1] [DEFAULT|MATERIALIZED|ALIAS expr1],
    name2 [type2] [DEFAULT|MATERIALIZED|ALIAS expr2],
    ...
) ENGINE [=] ReplacingMergeTree(date-column [, sampling_expression], (primary, key), index_granularity, [ver])
```

All of the parameters excepting `ver` have the same meaning as in `MergeTree`.

- `ver` - column with the version. Optional parameter. For a description, see the text above.

</details>

## Query time de-duplication & FINAL {#query-time-de-duplication--final}

At merge time, the ReplacingMergeTree identifies duplicate rows, using the values of the `ORDER BY` columns (used to create the table) as a unique identifier, and retains only the highest version. This, however, offers eventual correctness only - it does not guarantee rows will be deduplicated, and you should not rely on it. Queries can, therefore, produce incorrect answers due to update and delete rows being considered in queries.

To obtain correct answers, users will need to complement background merges with query time deduplication and deletion removal. This can be achieved using the `FINAL` operator. For example, consider the following example:

```sql
CREATE TABLE rmt_example
(
    `number` UInt16
)
ENGINE = ReplacingMergeTree
ORDER BY number

INSERT INTO rmt_example SELECT floor(randUniform(0, 100)) AS number
FROM numbers(1000000000)

0 rows in set. Elapsed: 19.958 sec. Processed 1.00 billion rows, 8.00 GB (50.11 million rows/s., 400.84 MB/s.)
```
Querying without `FINAL` produces an incorrect count (exact result will vary depending on merges):

```sql
SELECT count()
FROM rmt_example

┌─count()─┐
│     200 │
└─────────┘

1 row in set. Elapsed: 0.002 sec.
```

Adding final produces a correct result:

```sql
SELECT count()
FROM rmt_example
FINAL

┌─count()─┐
│     100 │
└─────────┘

1 row in set. Elapsed: 0.002 sec.
```

For further details on `FINAL`, including how to optimize `FINAL` performance, we recommend reading our [detailed guide on ReplacingMergeTree](/guides/replacing-merge-tree).
","ENGINE = ReplacingMergeTree([ver [, is_deleted]]) ORDER BY expr","","","['MergeTree','ReplicatedReplacingMergeTree']"
"26.6.2.81","TimeSeries",1,0,0,0,0,0,0,0,"
import ExperimentalBadge from '@theme/badges/ExperimentalBadge';
import CloudNotSupportedBadge from '@theme/badges/CloudNotSupportedBadge';

# TimeSeries table engine

<ExperimentalBadge/>
<CloudNotSupportedBadge/>

A table engine storing time series, i.e. a set of values associated with timestamps and tags (or labels):

```sql
metric_name1[tag1=value1, tag2=value2, ...] = {timestamp1: value1, timestamp2: value2, ...}
metric_name2[...] = ...
```

:::info
This is an experimental feature that may change in backwards-incompatible ways in the future releases.
Enable usage of the TimeSeries table engine
with [allow_experimental_time_series_table](/operations/settings/settings#allow_experimental_time_series_table) setting.
Input the command `set allow_experimental_time_series_table = 1`.
:::

## Syntax {#syntax}

```sql
CREATE TABLE name [(columns)] ENGINE=TimeSeries
[SETTINGS var1=value1, ...]
[SAMPLES db.samples_table_name | [SAMPLES INNER COLUMNS (...)] [SAMPLES INNER ENGINE engine(arguments)]]
[TAGS db.tags_table_name | [TAGS INNER COLUMNS (...)] [TAGS INNER ENGINE engine(arguments)]]
[METRICS db.metrics_table_name | [METRICS INNER COLUMNS (...)] [METRICS INNER ENGINE engine(arguments)]]
```

:::note
The keyword `SAMPLES` has an alias `DATA` which is kept for backwards compatibility.
:::

## Usage {#usage}

It's easier to start with everything set by default (it's allowed to create a `TimeSeries` table without specifying a list of columns):

```sql
CREATE TABLE my_table ENGINE=TimeSeries
```

Then this table can be used with the following protocols (a port must be assigned in the server configuration):
- [prometheus remote-write](/interfaces/prometheus#remote-write)
- [prometheus remote-read](/interfaces/prometheus#remote-read)

### Outer columns {#outer-columns}

Columns of a TimeSeries table are generated automatically. These are outer columns, they store no data, they just provide interface for SELECT/INSERT. Actual data is stored in [target tables](#target-tables). Here is the list of the outer columns:

| Name | Type | Description |
|---|---|---|
| `metric_name` | `String` | The name of the metric |
| `tags` | `Map(String, String)` | Map of tags (labels) for the time series |
| `time_series` | `Array(Tuple(DateTime64(3), Float64))` by default | Array of (timestamp, value) pairs for a time series. The tuple's timestamp and scalar element types can be derived from the samples `INNER COLUMNS` declaration (see [Specifying outer columns](#specifying-outer-columns)) |
| `metric_family` | `String` | The name of the metric family (for metrics metadata) |
| `type` | `String` | The type of the metric (e.g. ""counter"", ""gauge"") |
| `unit` | `String` | The unit of the metric |
| `help` | `String` | The description of the metric |

Example:

```sql
INSERT INTO my_table (metric_name, tags, time_series) VALUES
    ('cpu_usage', {'job': 'node_exporter', 'instance': 'host1:9100'},
     [(toDateTime64('2024-01-01 00:00:00', 3), 0.5), (toDateTime64('2024-01-01 00:01:00', 3), 0.7)])
```

`metric_name` is allowed to be empty on insertion, that means the metric name is specified in `tags` under `__name__`, for example:

```sql
INSERT INTO my_table (tags, time_series) VALUES
    ({'__name__': 'cpu_usage', 'job': 'test'},
     [(toDateTime64('2024-01-01 00:00:00', 3), 0.5)])
```

To insert metrics metadata, insert into the `metric_family`, `type`, `unit`, and `help` columns:

```sql
INSERT INTO my_table (metric_name, tags, time_series, metric_family, type, unit, help) VALUES
    ('http_requests_total', {'method': 'GET'}, [(now64(), 100.0)],
     'http_requests_total', 'counter', 'requests', 'Total HTTP requests')
```

### Specifying outer columns {#specifying-outer-columns}

The outer `time_series` column can be listed explicitly in a `CREATE TABLE` statement to override its default `Array(Tuple(DateTime64(3), Float64))` type. ClickHouse extracts the timestamp and scalar types from the tuple and propagates them to the inner samples table:

```sql
CREATE TABLE my_table (time_series Array(Tuple(UInt32, Float32))) ENGINE=TimeSeries
```

This is equivalent to declaring the timestamp and value column types in the samples `INNER COLUMNS` clause directly:

```sql
CREATE TABLE my_table ENGINE=TimeSeries
SAMPLES INNER COLUMNS (timestamp UInt32, value Float32)
```

If both forms are used in the same `CREATE TABLE` statement, the declared types must match.

## Target tables {#target-tables}

A `TimeSeries` table doesn't have its own data, everything is stored in its target tables.
This is similar to how a [materialized view](../../../sql-reference/statements/create/view#materialized-view) works,
with the difference that a materialized view has one target table
whereas a `TimeSeries` table has three target tables named [samples](#samples-table), [tags](#tags-table), and [metrics](#metrics-table).

The target tables can be either specified explicitly in the `CREATE TABLE` query
or the `TimeSeries` table engine can generate inner target tables automatically.

Rows inserted into a `TimeSeries` table are transformed, split into blocks, and inserted in these three target tables.

The target tables are the following:

### Samples table {#samples-table}

The _samples_ table contains time series associated with some identifier.

The _samples_ table must have columns:

| Name | Mandatory? | Default type | Possible types | Description |
|---|---|---|---|---|
| `id` | [x] | `UUID` | any | Identifies a combination of a metric names and tags |
| `timestamp` | [x] | `DateTime64(3)` | `DateTime64(X)` | A time point |
| `value` | [x] | `Float64` | `Float32` or `Float64` | A value associated with the `timestamp` |

### Tags table {#tags-table}

The _tags_ table contains identifiers calculated for each combination of a metric name and tags.

The _tags_ table must have columns:

| Name | Mandatory? | Default type | Possible types | Description |
|---|---|---|---|---|
| `id` | [x] | `UUID` | any (must match the type of `id` in the [samples](#samples-table) table) | An `id` identifies a combination of a metric name and tags. The DEFAULT expression specifies how to calculate such an identifier |
| `metric_name` | [x] | `LowCardinality(String)` | `String` or `LowCardinality(String)` | The name of a metric |
| `<tag_value_column>` | [ ] | `String` | `String` or `LowCardinality(String)` or `LowCardinality(Nullable(String))` | The value of a specific tag, the tag's name and the name of a corresponding column are specified in the [tags_to_columns](#settings) setting |
| `tags` | [x] | `Map(LowCardinality(String), String)` | `Map(String, String)` or `Map(LowCardinality(String), String)` or `Map(LowCardinality(String), LowCardinality(String))` | Map of tags excluding the tag `__name__` containing the name of a metric and excluding tags with names enumerated in the [tags_to_columns](#settings) setting |
| `all_tags` | [ ] | `Map(String, String)` | `Map(String, String)` or `Map(LowCardinality(String), String)` or `Map(LowCardinality(String), LowCardinality(String))` | Ephemeral column, each row is a map of all the tags excluding only the tag `__name__` containing the name of a metric. The only purpose of that column is to be used while calculating `id` |
| `min_time` | [ ] | `Nullable(DateTime64(3))` | `DateTime64(X)` or `Nullable(DateTime64(X))` | Minimum timestamp of time series with that `id`. The column is created if [store_min_time_and_max_time](#settings) is `true` |
| `max_time` | [ ] | `Nullable(DateTime64(3))` | `DateTime64(X)` or `Nullable(DateTime64(X))` | Maximum timestamp of time series with that `id`. The column is created if [store_min_time_and_max_time](#settings) is `true` |

### Metrics table {#metrics-table}

The _metrics_ table contains some information about metrics been collected, the types of those metrics and their descriptions.

The _metrics_ table must have columns:

| Name | Mandatory? | Default type | Possible types | Description |
|---|---|---|---|---|
| `metric_family_name` | [x] | `String` | `String` or `LowCardinality(String)` | The name of a metric family |
| `type` | [x] | `LowCardinality(String)` | `String` or `LowCardinality(String)` | The type of a metric family, one of ""counter"", ""gauge"", ""summary"", ""stateset"", ""histogram"", ""gaugehistogram"" |
| `unit` | [x] | `LowCardinality(String)` | `String` or `LowCardinality(String)` | The unit used in a metric |
| `help` | [x] | `String` | `String` or `LowCardinality(String)` | The description of a metric |

## Creation {#creation}

There are multiple ways to create a table with the `TimeSeries` table engine.
The simplest statement

```sql
CREATE TABLE my_table ENGINE=TimeSeries
```

will actually create the following table (you can see that by executing `SHOW CREATE TABLE my_table`):

```sql
CREATE TABLE my_table
(
    `metric_name` String,
    `tags` Map(String, String),
    `time_series` Array(Tuple(DateTime64(3), Float64)),
    `metric_family` String,
    `type` String,
    `unit` String,
    `help` String
)
ENGINE = TimeSeries
SAMPLES INNER COLUMNS
(
    `id` UUID,
    `timestamp` DateTime64(3),
    `value` Float64
)
SAMPLES INNER ENGINE = MergeTree ORDER BY (id, timestamp)
TAGS INNER COLUMNS
(
    `id` UUID DEFAULT reinterpretAsUUID(sipHash128(metric_name, all_tags)),
    `metric_name` LowCardinality(String),
    `tags` Map(LowCardinality(String), String),
    `all_tags` Map(String, String) EPHEMERAL,
    `min_time` SimpleAggregateFunction(min, Nullable(DateTime64(3))),
    `max_time` SimpleAggregateFunction(max, Nullable(DateTime64(3)))
)
TAGS INNER ENGINE = AggregatingMergeTree PRIMARY KEY metric_name ORDER BY (metric_name, id)
METRICS INNER COLUMNS
(
    `metric_family_name` String,
    `type` LowCardinality(String),
    `unit` LowCardinality(String),
    `help` String
)
METRICS INNER ENGINE = ReplacingMergeTree ORDER BY metric_family_name
```

So the columns were generated automatically and also there are three inner target tables with their own column definitions
stored in the `INNER COLUMNS` clauses.

Inner target tables have names like `.inner_id.samples.xxxxxxxx-xxxx-xxxx-xxxx-xxxxxxxxxxxx`,
`.inner_id.tags.xxxxxxxx-xxxx-xxxx-xxxx-xxxxxxxxxxxx`, `.inner_id.metrics.xxxxxxxx-xxxx-xxxx-xxxx-xxxxxxxxxxxx`
and each target table has its own set of columns:

```sql
CREATE TABLE default.`.inner_id.samples.xxxxxxxx-xxxx-xxxx-xxxx-xxxxxxxxxxxx`
(
    `id` UUID,
    `timestamp` DateTime64(3),
    `value` Float64
)
ENGINE = MergeTree
ORDER BY (id, timestamp)
```

```sql
CREATE TABLE default.`.inner_id.tags.xxxxxxxx-xxxx-xxxx-xxxx-xxxxxxxxxxxx`
(
    `id` UUID DEFAULT reinterpretAsUUID(sipHash128(metric_name, all_tags)),
    `metric_name` LowCardinality(String),
    `tags` Map(LowCardinality(String), String),
    `all_tags` Map(String, String) EPHEMERAL,
    `min_time` SimpleAggregateFunction(min, Nullable(DateTime64(3))),
    `max_time` SimpleAggregateFunction(max, Nullable(DateTime64(3)))
)
ENGINE = AggregatingMergeTree
PRIMARY KEY metric_name
ORDER BY (metric_name, id)
```

```sql
CREATE TABLE default.`.inner_id.metrics.xxxxxxxx-xxxx-xxxx-xxxx-xxxxxxxxxxxx`
(
    `metric_family_name` String,
    `type` LowCardinality(String),
    `unit` LowCardinality(String),
    `help` String
)
ENGINE = ReplacingMergeTree
ORDER BY metric_family_name
```

## Creating a table AS existing table {#create-as}

Statement `CREATE TABLE new_table AS existing_table` copies from the `existing_table`:

- `SETTINGS`
- `INNER COLUMNS` for each kind
- `INNER ENGINE` for each kind

The statement is not allowed if the `existing_table` has external targets.
The outer column list is regenerated and not copied.

## Adjusting types of columns {#adjusting-column-types}

You can adjust the types of columns in the inner target tables using the `INNER COLUMNS` clause. For example, to store timestamps in microseconds and values as `Float32`:

```sql
CREATE TABLE my_table ENGINE=TimeSeries
SAMPLES INNER COLUMNS (timestamp DateTime64(6), value Float32)
```

The same clause can be used to specify codecs and other column attributes:

```sql
CREATE TABLE my_table ENGINE=TimeSeries
SAMPLES INNER COLUMNS (timestamp DateTime64(3) CODEC(DoubleDelta))
```

## The `id` column {#id-column}

The `id` column contains identifiers, every identifier is calculated for a combination of a metric name and tags.
The type and the `DEFAULT` expression used to generate identifiers can be customized via the `TAGS INNER COLUMNS` clause:

```sql
CREATE TABLE my_table ENGINE=TimeSeries
TAGS INNER COLUMNS (id UInt64 DEFAULT sipHash64(metric_name, all_tags))
```

The `id` column type must be one of `UUID`, `UInt64`, `UInt128`, or `FixedString(16)`. If no `DEFAULT` expression is given, ClickHouse will choose it automatically based on the `id` type. The `id` types declared in the samples and tags inner tables must match.

The `id_generator` setting offers the same customization without using the `INNER COLUMNS` clause:

```sql
CREATE TABLE my_table ENGINE=TimeSeries
SETTINGS id_generator = 'sipHash64(metric_name, all_tags)'
```

If the setting is set, it's used to generate `id` even if the column's `DEFAULT` contains a different expression.

## The `tags` and `all_tags` columns {#tags-and-all-tags}

There are two columns containing maps of tags - `tags` and `all_tags`. In this example they mean the same, however they can be different
if setting `tags_to_columns` is used. This setting allows to specify that a specific tag should be stored in a separate column instead of storing
in a map inside the `tags` column:

```sql
CREATE TABLE my_table
ENGINE = TimeSeries
SETTINGS tags_to_columns = {'instance': 'instance', 'job': 'job'}
```

This statement will add columns `instance` and `job` to the inner [tags](#tags-table) target table.
In this case the `tags` column will not contain tags `instance` and `job`,
but the `all_tags` column will contain them. The `all_tags` column is ephemeral and its only purpose to be used in the DEFAULT expression
for the `id` column.

## Table engines of inner target tables {#inner-table-engines}

By default inner target tables use the following table engines:
- the [samples](#samples-table) table uses [MergeTree](../mergetree-family/mergetree);
- the [tags](#tags-table) table uses [AggregatingMergeTree](../mergetree-family/aggregatingmergetree) because the same data is often inserted multiple times to this table so we need a way
to remove duplicates, and also because it's required to do aggregation for columns `min_time` and `max_time`;
- the [metrics](#metrics-table) table uses [ReplacingMergeTree](../mergetree-family/replacingmergetree) because the same data is often inserted multiple times to this table so we need a way
to remove duplicates.

Other table engines also can be used for inner target tables if it's specified so:

```sql
CREATE TABLE my_table ENGINE=TimeSeries
SAMPLES ENGINE=ReplicatedMergeTree
TAGS ENGINE=ReplicatedAggregatingMergeTree
METRICS ENGINE=ReplicatedReplacingMergeTree
```

## External target tables {#external-target-tables}

It's possible to make a `TimeSeries` table use a manually created table:

```sql
CREATE TABLE samples_for_my_table
(
    `id` UUID,
    `timestamp` DateTime64(3),
    `value` Float64
)
ENGINE = MergeTree
ORDER BY (id, timestamp);

CREATE TABLE tags_for_my_table ...

CREATE TABLE metrics_for_my_table ...

CREATE TABLE my_table ENGINE=TimeSeries SAMPLES samples_for_my_table TAGS tags_for_my_table METRICS metrics_for_my_table;
```

The external tables' column types (`id`, `timestamp`, `value`, and the `<tag_value_column>`s listed in [`tags_to_columns`](#settings)) must match what the `TimeSeries` table would otherwise generate internally (see [Samples table](#samples-table), [Tags table](#tags-table), and [Metrics table](#metrics-table) for the type constraints). Type mismatches are reported at `CREATE` time.

The id-generator expression for an external tags target is resolved at INSERT time in the following order: the [`id_generator`](#settings) setting (if set), then the `DEFAULT` declared on the external table's `id` column (if any), then the canonical generator derived from the `id` type. The setting therefore overrides whatever `DEFAULT` is declared on the external table — see [The `id` column](#id-column) for details.

## Altering settings {#altering-settings}

Two settings can be changed after `CREATE`:

- `id_generator`
- `filter_by_min_time_and_max_time`

```sql
ALTER TABLE my_table MODIFY SETTING id_generator = 'sipHash64(metric_name, all_tags)';
ALTER TABLE my_table MODIFY SETTING filter_by_min_time_and_max_time = 0;
```

Note that changing `id_generator` while data is already in the tags table can produce different IDs for the same metric+tag combination — old rows keep their old IDs, new rows use the new generator.

The other settings can't be changed with `ALTER ... MODIFY SETTING` because they are baked into the schema of the inner tables at `CREATE` time.

## Settings {#settings}

Here is a list of settings which can be specified while defining a `TimeSeries` table:

| Name | Type | Default | Description |
|---|---|---|---|
| `id_generator` | Expression | depends on `id` type | Expression that computes the identifier (fingerprint) of a time series from its tags. If unset, the default expression for the `id` column is used. If the default expression for the `id` column is also unset then the expression is chosen automatically |
| `tags_to_columns` | Map | {} | Map specifying which tags should be put to separate columns in the [tags](#tags-table) table. Syntax: `{'tag1': 'column1', 'tag2' : column2, ...}` |
| `use_all_tags_column_to_generate_id` | Bool | true | When generating an expression to calculate an identifier of a time series, this flag enables using the `all_tags` column in that calculation |
| `store_min_time_and_max_time` | Bool | true | If set to true then the table will store `min_time` and `max_time` for each time series |
| `aggregate_min_time_and_max_time` | Bool | true | When creating an inner target `tags` table, this flag enables using `SimpleAggregateFunction(min, Nullable(DateTime64(3)))` instead of just `Nullable(DateTime64(3))` as the type of the `min_time` column, and the same for the `max_time` column |
| `filter_by_min_time_and_max_time` | Bool | true | If set to true then the table will use the `min_time` and `max_time` columns for filtering time series |

# Functions {#functions}

Here is a list of functions supporting a `TimeSeries` table as an argument:
- [timeSeriesSamples](../../../sql-reference/table-functions/timeSeriesSamples.md)
- [timeSeriesTags](../../../sql-reference/table-functions/timeSeriesTags.md)
- [timeSeriesMetrics](../../../sql-reference/table-functions/timeSeriesMetrics.md)
","ENGINE = TimeSeries()","","","[]"
"26.6.2.81","HDFS",1,0,0,1,0,0,0,0,"
import CloudNotSupportedBadge from '@theme/badges/CloudNotSupportedBadge';

# HDFS table engine

<CloudNotSupportedBadge/>

This engine provides integration with the [Apache Hadoop](https://en.wikipedia.org/wiki/Apache_Hadoop) ecosystem by allowing to manage data on [HDFS](https://hadoop.apache.org/docs/current/hadoop-project-dist/hadoop-hdfs/HdfsDesign.html) via ClickHouse. This engine is similar to the [File](/engines/table-engines/special/file) and [URL](/engines/table-engines/special/url) engines, but provides Hadoop-specific features.

This feature is not supported by ClickHouse engineers, and it is known to have a sketchy quality. In case of any problems, fix them yourself and submit a pull request.

## Usage {#usage}

```sql
ENGINE = HDFS(URI, format)
```

**Engine Parameters**

- `URI` - whole file URI in HDFS. The path part of `URI` may contain globs. In this case the table would be readonly.
- `format` - specifies one of the available file formats. To perform
`SELECT` queries, the format must be supported for input, and to perform
`INSERT` queries – for output. The available formats are listed in the
[Formats](/sql-reference/formats#formats-overview) section.
- [PARTITION BY expr]

### PARTITION BY {#partition-by}

`PARTITION BY` — Optional. In most cases you don't need a partition key, and if it is needed you generally don't need a partition key more granular than by month. Partitioning does not speed up queries (in contrast to the ORDER BY expression). You should never use too granular partitioning. Don't partition your data by client identifiers or names (instead, make client identifier or name the first column in the ORDER BY expression).

For partitioning by month, use the `toYYYYMM(date_column)` expression, where `date_column` is a column with a date of the type [Date](/sql-reference/data-types/date.md). The partition names here have the `""YYYYMM""` format.

**Example:**

**1.** Set up the `hdfs_engine_table` table:

```sql
CREATE TABLE hdfs_engine_table (name String, value UInt32) ENGINE=HDFS('hdfs://hdfs1:9000/other_storage', 'TSV')
```

**2.** Fill file:

```sql
INSERT INTO hdfs_engine_table VALUES ('one', 1), ('two', 2), ('three', 3)
```

**3.** Query the data:

```sql
SELECT * FROM hdfs_engine_table LIMIT 2
```

```text
┌─name─┬─value─┐
│ one  │     1 │
│ two  │     2 │
└──────┴───────┘
```

## Implementation details {#implementation-details}

- Reads and writes can be parallel.
- Not supported:
  - `ALTER` and `SELECT...SAMPLE` operations.
  - Indexes.
  - [Zero-copy](../../../operations/storing-data.md#zero-copy) replication is possible, but not recommended.

:::note Zero-copy replication is not ready for production
Zero-copy replication is disabled by default in ClickHouse version 22.8 and higher.  This feature is not recommended for production use.
:::

**Globs in path**

Multiple path components can have globs. For being processed file should exists and matches to the whole path pattern. Listing of files determines during `SELECT` (not at `CREATE` moment).

- `*` — Substitutes any number of any characters except `/` including empty string.
- `?` — Substitutes any single character.
- `{some_string,another_string,yet_another_one}` — Substitutes any of strings `'some_string', 'another_string', 'yet_another_one'`.
- `{N..M}` — Substitutes any number in range from N to M including both borders.

Constructions with `{}` are similar to the [remote](../../../sql-reference/table-functions/remote.md) table function.

**Example**

1.  Suppose we have several files in TSV format with the following URIs on HDFS:

    - 'hdfs://hdfs1:9000/some_dir/some_file_1'
    - 'hdfs://hdfs1:9000/some_dir/some_file_2'
    - 'hdfs://hdfs1:9000/some_dir/some_file_3'
    - 'hdfs://hdfs1:9000/another_dir/some_file_1'
    - 'hdfs://hdfs1:9000/another_dir/some_file_2'
    - 'hdfs://hdfs1:9000/another_dir/some_file_3'

1.  There are several ways to make a table consisting of all six files:

<!-- -->

```sql
CREATE TABLE table_with_range (name String, value UInt32) ENGINE = HDFS('hdfs://hdfs1:9000/{some,another}_dir/some_file_{1..3}', 'TSV')
```

Another way:

```sql
CREATE TABLE table_with_question_mark (name String, value UInt32) ENGINE = HDFS('hdfs://hdfs1:9000/{some,another}_dir/some_file_?', 'TSV')
```

Table consists of all the files in both directories (all files should satisfy format and schema described in query):

```sql
CREATE TABLE table_with_asterisk (name String, value UInt32) ENGINE = HDFS('hdfs://hdfs1:9000/{some,another}_dir/*', 'TSV')
```

:::note
If the listing of files contains number ranges with leading zeros, use the construction with braces for each digit separately or use `?`.
:::

**Example**

Create table with files named `file000`, `file001`, ... , `file999`:

```sql
CREATE TABLE big_table (name String, value UInt32) ENGINE = HDFS('hdfs://hdfs1:9000/big_dir/file{0..9}{0..9}{0..9}', 'CSV')
```
## Configuration {#configuration}

Similar to GraphiteMergeTree, the HDFS engine supports extended configuration using the ClickHouse config file. There are two configuration keys that you can use: global (`hdfs`) and user-level (`hdfs_*`). The global configuration is applied first, and then the user-level configuration is applied (if it exists).

```xml
<!-- Global configuration options for HDFS engine type -->
<hdfs>
<hadoop_kerberos_keytab>/tmp/keytab/clickhouse.keytab</hadoop_kerberos_keytab>
<hadoop_kerberos_principal>clickuser@TEST.CLICKHOUSE.TECH</hadoop_kerberos_principal>
<hadoop_security_authentication>kerberos</hadoop_security_authentication>
</hdfs>

<!-- Configuration specific for user ""root"" -->
<hdfs_root>
<hadoop_kerberos_principal>root@TEST.CLICKHOUSE.TECH</hadoop_kerberos_principal>
</hdfs_root>
```

### Configuration options {#configuration-options}

#### Supported by libhdfs3 {#supported-by-libhdfs3}

| **parameter**                                         | **default value**       |
| -                                                  | -                    |
| rpc\_client\_connect\_tcpnodelay                      | true                    |
| dfs\_client\_read\_shortcircuit                       | true                    |
| output\_replace-datanode-on-failure                   | true                    |
| input\_notretry-another-node                          | false                   |
| input\_localread\_mappedfile                          | true                    |
| dfs\_client\_use\_legacy\_blockreader\_local          | false                   |
| rpc\_client\_ping\_interval                           | 10  * 1000              |
| rpc\_client\_connect\_timeout                         | 600 * 1000              |
| rpc\_client\_read\_timeout                            | 3600 * 1000             |
| rpc\_client\_write\_timeout                           | 3600 * 1000             |
| rpc\_client\_socket\_linger\_timeout                  | -1                      |
| rpc\_client\_connect\_retry                           | 10                      |
| rpc\_client\_timeout                                  | 3600 * 1000             |
| dfs\_default\_replica                                 | 3                       |
| input\_connect\_timeout                               | 600 * 1000              |
| input\_read\_timeout                                  | 3600 * 1000             |
| input\_write\_timeout                                 | 3600 * 1000             |
| input\_localread\_default\_buffersize                 | 1 * 1024 * 1024         |
| dfs\_prefetchsize                                     | 10                      |
| input\_read\_getblockinfo\_retry                      | 3                       |
| input\_localread\_blockinfo\_cachesize                | 1000                    |
| input\_read\_max\_retry                               | 60                      |
| output\_default\_chunksize                            | 512                     |
| output\_default\_packetsize                           | 64 * 1024               |
| output\_default\_write\_retry                         | 10                      |
| output\_connect\_timeout                              | 600 * 1000              |
| output\_read\_timeout                                 | 3600 * 1000             |
| output\_write\_timeout                                | 3600 * 1000             |
| output\_close\_timeout                                | 3600 * 1000             |
| output\_packetpool\_size                              | 1024                    |
| output\_heartbeat\_interval                          | 10 * 1000               |
| dfs\_client\_failover\_max\_attempts                  | 15                      |
| dfs\_client\_read\_shortcircuit\_streams\_cache\_size | 256                     |
| dfs\_client\_socketcache\_expiryMsec                  | 3000                    |
| dfs\_client\_socketcache\_capacity                    | 16                      |
| dfs\_default\_blocksize                               | 64 * 1024 * 1024        |
| dfs\_default\_uri                                     | ""hdfs://localhost:9000"" |
| hadoop\_security\_authentication                      | ""simple""                |
| hadoop\_security\_kerberos\_ticket\_cache\_path       | """"                      |
| dfs\_client\_log\_severity                            | ""INFO""                  |
| dfs\_domain\_socket\_path                             | """"                      |

[HDFS Configuration Reference](https://hawq.apache.org/docs/userguide/2.3.0.0-incubating/reference/HDFSConfigurationParameterReference.html) might explain some parameters.

#### ClickHouse extras {#clickhouse-extras}

| **parameter**                                         | **default value**       |
| -                                                  | -                    |
|hadoop\_kerberos\_keytab                               | """"                      |
|hadoop\_kerberos\_principal                            | """"                      |
|libhdfs3\_conf                                         | """"                      |

### Limitations {#limitations}
* `hadoop_security_kerberos_ticket_cache_path` and `libhdfs3_conf` can be global only, not user specific

## Kerberos support {#kerberos-support}

If the `hadoop_security_authentication` parameter has the value `kerberos`, ClickHouse authenticates via Kerberos.
Parameters are [here](#clickhouse-extras) and `hadoop_security_kerberos_ticket_cache_path` may be of help.
Note that due to libhdfs3 limitations only old-fashioned approach is supported,
datanode communications are not secured by SASL (`HADOOP_SECURE_DN_USER` is a reliable indicator of such
security approach). Use `tests/integration/test_storage_kerberized_hdfs/hdfs_configs/bootstrap.sh` for reference.

If `hadoop_kerberos_keytab`, `hadoop_kerberos_principal` or `hadoop_security_kerberos_ticket_cache_path` are specified, Kerberos authentication will be used. `hadoop_kerberos_keytab` and `hadoop_kerberos_principal` are mandatory in this case.
## HDFS Namenode HA support {#namenode-ha}

libhdfs3 support HDFS namenode HA.

- Copy `hdfs-site.xml` from an HDFS node to `/etc/clickhouse-server/`.
- Add following piece to ClickHouse config file:

```xml
<hdfs>
    <libhdfs3_conf>/etc/clickhouse-server/hdfs-site.xml</libhdfs3_conf>
</hdfs>
```

- Then use `dfs.nameservices` tag value of `hdfs-site.xml` as the namenode address in the HDFS URI. For example, replace `hdfs://appadmin@192.168.101.11:8020/abc/` with `hdfs://appadmin@my_nameservice/abc/`.

## Virtual columns {#virtual-columns}

- `_path` — Path to the file. Type: `LowCardinality(String)`.
- `_file` — Name of the file. Type: `LowCardinality(String)`.
- `_size` — Size of the file in bytes. Type: `Nullable(UInt64)`. If the size is unknown, the value is `NULL`.
- `_time` — Last modified time of the file. Type: `Nullable(DateTime)`. If the time is unknown, the value is `NULL`.

## Storage settings {#storage-settings}

- [hdfs_truncate_on_insert](/operations/settings/settings.md#hdfs_truncate_on_insert) - allows to truncate file before insert into it. Disabled by default.
- [hdfs_create_new_file_on_insert](/operations/settings/settings.md#hdfs_create_new_file_on_insert) - allows to create a new file on each insert if format has suffix. Disabled by default.
- [hdfs_skip_empty_files](/operations/settings/settings.md#hdfs_skip_empty_files) - allows to skip empty files while reading. Disabled by default.

**See Also**

- [Virtual columns](../../../engines/table-engines/index.md#table_engines-virtual_columns)
","ENGINE = HDFS(uri [, format] [, compression])","","","['S3','AzureBlobStorage']"
"26.6.2.81","EmbeddedRocksDB",1,0,0,1,1,0,0,1,"
import CloudNotSupportedBadge from '@theme/badges/CloudNotSupportedBadge';

# EmbeddedRocksDB table engine

<CloudNotSupportedBadge />

This engine allows integrating ClickHouse with [RocksDB](http://rocksdb.org/).

## Creating a table {#creating-a-table}

```sql
CREATE TABLE [IF NOT EXISTS] [db.]table_name [ON CLUSTER cluster]
(
    name1 [type1] [DEFAULT|MATERIALIZED|ALIAS expr1],
    name2 [type2] [DEFAULT|MATERIALIZED|ALIAS expr2],
    ...
) ENGINE = EmbeddedRocksDB([ttl, rocksdb_dir, read_only]) PRIMARY KEY(primary_key_name)
[ SETTINGS name=value, ... ]
```

Engine parameters:

- `ttl` - time to live for values. TTL is accepted in seconds. If TTL is 0, regular RocksDB instance is used (without TTL).
- `rocksdb_dir` - path to the directory of an existed RocksDB or the destination path of the created RocksDB. Open the table with the specified `rocksdb_dir`.
- `read_only` - when `read_only` is set to true, read-only mode is used. For storage with TTL, compaction will not be triggered (neither manual nor automatic), so no expired entries are removed.
- `primary_key_name` – any column name in the column list.
- `primary key` must be specified, it supports only one column in the primary key. The primary key will be serialized in binary as a `rocksdb key`.
- columns other than the primary key will be serialized in binary as `rocksdb` value in corresponding order.
- queries with key `equals` or `in` filtering will be optimized to multi keys lookup from `rocksdb`.

Engine settings:

- `optimize_for_bulk_insert` – Table is optimized for bulk insertions (insert pipeline will create SST files and import to rocksdb database instead of writing to memtables); default value: `1`.
- `bulk_insert_block_size` - Minimum size of SST files (in term of rows) created by bulk insertion; default value: `1048449`.

Example:

```sql
CREATE TABLE test
(
    `key` String,
    `v1` UInt32,
    `v2` String,
    `v3` Float32
)
ENGINE = EmbeddedRocksDB
PRIMARY KEY key
```

## Metrics {#metrics}

There is also `system.rocksdb` table, that expose rocksdb statistics:

```sql
SELECT
    name,
    value
FROM system.rocksdb

┌─name──────────────────────┬─value─┐
│ no.file.opens             │     1 │
│ number.block.decompressed │     1 │
└───────────────────────────┴───────┘
```

## Configuration {#configuration}

You can also change any [rocksdb options](https://github.com/facebook/rocksdb/wiki/Option-String-and-Option-Map) using config:

```xml
<rocksdb>
    <options>
        <max_background_jobs>8</max_background_jobs>
    </options>
    <column_family_options>
        <num_levels>2</num_levels>
    </column_family_options>
    <tables>
        <table>
            <name>TABLE</name>
            <options>
                <max_background_jobs>8</max_background_jobs>
            </options>
            <column_family_options>
                <num_levels>2</num_levels>
            </column_family_options>
        </table>
    </tables>
</rocksdb>
```

By default trivial approximate count optimization is turned off, which might affect the performance `count()` queries. To enable this
optimization set up `optimize_trivial_approximate_count_query = 1`. Also, this setting affects `system.tables` for EmbeddedRocksDB engine,
turn on the settings to see approximate values for `total_rows` and `total_bytes`.

## Supported operations {#supported-operations}

### Inserts {#inserts}

When new rows are inserted into `EmbeddedRocksDB`, if the key already exists, the value will be updated, otherwise a new key is created.

Example:

```sql
INSERT INTO test VALUES ('some key', 1, 'value', 3.2);
```

### Deletes {#deletes}

Rows can be deleted using `DELETE` query or `TRUNCATE`.

```sql
DELETE FROM test WHERE key LIKE 'some%' AND v1 > 1;
```

```sql
ALTER TABLE test DELETE WHERE key LIKE 'some%' AND v1 > 1;
```

```sql
TRUNCATE TABLE test;
```

### Updates {#updates}

Values can be updated using the `ALTER TABLE` query. The primary key cannot be updated.

```sql
ALTER TABLE test UPDATE v1 = v1 * 10 + 2 WHERE key LIKE 'some%' AND v3 > 3.1;
```

### Joins {#joins}

A special `direct` join with EmbeddedRocksDB tables is supported.
This direct join avoids forming a hash table in memory and accesses
the data directly from the EmbeddedRocksDB.

With large joins you may see much lower memory usage with direct joins
because the hash table is not created.

To enable direct joins:
```sql
SET join_algorithm = 'direct, hash'
```

:::tip
When the `join_algorithm` is set to `direct, hash`, direct joins will be used
when possible, and hash otherwise.
:::

#### Example {#example}

##### Create and populate an EmbeddedRocksDB table {#create-and-populate-an-embeddedrocksdb-table}
```sql
CREATE TABLE rdb
(
    `key` UInt32,
    `value` Array(UInt32),
    `value2` String
)
ENGINE = EmbeddedRocksDB
PRIMARY KEY key
```

```sql
INSERT INTO rdb
    SELECT
        toUInt32(sipHash64(number) % 10) AS key,
        [key, key+1] AS value,
        ('val2' || toString(key)) AS value2
    FROM numbers_mt(10);
```

##### Create and populate a table to join with table `rdb` {#create-and-populate-a-table-to-join-with-table-rdb}

```sql
CREATE TABLE t2
(
    `k` UInt16
)
ENGINE = TinyLog
```

```sql
INSERT INTO t2 SELECT number AS k
FROM numbers_mt(10)
```

##### Set the join algorithm to `direct`{#set-the-join-algorithm-to-direct}

```sql
SET join_algorithm = 'direct'
```

##### An INNER JOIN {#an-inner-join}
```sql
SELECT *
FROM
(
    SELECT k AS key
    FROM t2
) AS t2
INNER JOIN rdb ON rdb.key = t2.key
ORDER BY key ASC
```
```response
┌─key─┬─rdb.key─┬─value──┬─value2─┐
│   0 │       0 │ [0,1]  │ val20  │
│   2 │       2 │ [2,3]  │ val22  │
│   3 │       3 │ [3,4]  │ val23  │
│   6 │       6 │ [6,7]  │ val26  │
│   7 │       7 │ [7,8]  │ val27  │
│   8 │       8 │ [8,9]  │ val28  │
│   9 │       9 │ [9,10] │ val29  │
└─────┴─────────┴────────┴────────┘
```

### More information on Joins {#more-information-on-joins}
- [`join_algorithm` setting](/operations/settings/settings.md#join_algorithm)
- [JOIN clause](/sql-reference/statements/select/join.md)
","ENGINE = EmbeddedRocksDB([ttl, rocksdb_dir, read_only]) PRIMARY KEY(key)","","","['Redis']"
"26.6.2.81","DeltaLakeLocal",1,0,0,0,0,0,0,0,"Provides a read-only integration with existing Delta Lake tables stored on the local filesystem.","ENGINE = DeltaLakeLocal(path)","","","['DeltaLake']"
"26.6.2.81","ReplicatedCollapsingMergeTree",1,1,1,1,1,1,1,1,"Replicated version of the CollapsingMergeTree engine.","ENGINE = ReplicatedCollapsingMergeTree('zoo_path', 'replica_name', sign) ORDER BY expr","","","['CollapsingMergeTree']"
"26.6.2.81","IcebergHDFS",1,0,0,1,0,0,0,0,"Provides a read-only integration with existing Apache Iceberg tables stored in HDFS.","ENGINE = IcebergHDFS(uri)","","","['Iceberg']"
"26.6.2.81","PaimonS3",1,0,0,0,0,0,0,0,"Provides a read-only integration with existing Apache Paimon tables stored in Amazon S3 or S3-compatible object storage. This engine is experimental: enable it with the `allow_experimental_paimon_storage_engine` setting.","ENGINE = PaimonS3(url [, access_key_id, secret_access_key])","","","['Paimon']"
"26.6.2.81","ReplicatedGraphiteMergeTree",1,1,1,1,1,1,1,1,"Replicated version of the GraphiteMergeTree engine.","ENGINE = ReplicatedGraphiteMergeTree('zoo_path', 'replica_name', config_section) ORDER BY expr","","","['GraphiteMergeTree']"
"26.6.2.81","IcebergAzure",1,0,0,1,0,0,0,0,"Provides a read-only integration with existing Apache Iceberg tables stored in Microsoft Azure Blob Storage.","ENGINE = IcebergAzure(connection_string | storage_account_url, container_name, blobpath)","","","['Iceberg']"
"26.6.2.81","DeltaLake",1,0,0,0,0,0,0,0,"
import Tabs from '@theme/Tabs';
import TabItem from '@theme/TabItem';

# DeltaLake table engine

This engine provides an integration with existing [Delta Lake](https://github.com/delta-io/delta) tables in S3, GCP and Azure storage and supports both reads and writes (from v25.10).

## Create a DeltaLake table {#create-table}

To create a DeltaLake table it must already exist in S3, GCP or Azure storage. The commands below do not take DDL parameters to create a new table.

<Tabs>
<TabItem value=""S3"" label=""S3"" default>

**Syntax**

```sql
CREATE TABLE table_name
ENGINE = DeltaLake(url, [aws_access_key_id, aws_secret_access_key,] [extra_credentials])
```

**Engine parameters**

- `url` — Bucket url with path to the existing Delta Lake table.
- `aws_access_key_id`, `aws_secret_access_key` - Long-term credentials for the [AWS](https://aws.amazon.com/) account user.  You can use these to authenticate your requests. Parameter is optional. If credentials are not specified, they are used from the configuration file.
- `extra_credentials` - Optional. Used to pass a `role_arn` for role-based access in ClickHouse Cloud. See [Secure S3](/cloud/data-sources/secure-s3) for configuration steps.

Engine parameters can be specified using [Named Collections](/operations/named-collections.md).

**Example**

```sql
CREATE TABLE deltalake
ENGINE = DeltaLake('http://mars-doc-test.s3.amazonaws.com/clickhouse-bucket-3/test_table/', 'ABC123', 'Abc+123')
```

Using named collections:

```xml
<clickhouse>
    <named_collections>
        <deltalake_conf>
            <url>http://mars-doc-test.s3.amazonaws.com/clickhouse-bucket-3/</url>
            <access_key_id>ABC123</access_key_id>
            <secret_access_key>Abc+123</secret_access_key>
        </deltalake_conf>
    </named_collections>
</clickhouse>
```

```sql
CREATE TABLE deltalake
ENGINE = DeltaLake(deltalake_conf, filename = 'test_table')
```
</TabItem>

<TabItem value=""GCP"" label=""GCP"" default>

**Syntax**

```sql
-- Using HTTPS URL (recommended)
CREATE TABLE table_name
ENGINE = DeltaLake('https://storage.googleapis.com/<bucket>/<path>/', '<access_key_id>', '<secret_access_key>')
```

:::note[Unsupported gsutil URI]
gsutil URI such as `gs://clickhouse-docs-example-bucket` is not supported, please use a URL starting `https://storage.googleapis.com`
:::

**Arguments**

- `url` — GCS bucket URL to the Delta Lake table. Must use `https://storage.googleapis.com/<bucket>/<path>/`
   format (the GCS XML API endpoint), or `gs://<bucket>/<path>/` which is auto-converted.
- `access_key_id` — GCS Access Key. Create via Google Cloud Console → Cloud Storage → Settings → Interoperability.
- `secret_access_key` — GCS secret.

**Named collections**

You can also use named collections.
For example:

```sql
CREATE NAMED COLLECTION gcs_creds AS
access_key_id = '<access_key>',
secret_access_key = '<secret>';

CREATE TABLE gcpDeltaLake
ENGINE = DeltaLake(gcs_creds, url = 'https://storage.googleapis.com/<bucket>/<path>')
```

</TabItem>

<TabItem value=""Azure"" label=""Azure"" default>

**Syntax**

```sql
CREATE TABLE table_name
ENGINE = DeltaLake(connection_string|storage_account_url, container_name, blobpath, [account_name, account_key, format, compression])
```

**Arguments**

- `connection_string` — Azure connection string
- `storage_account_url` — Azure storage account URL (e.g., https://account.blob.core.windows.net)
- `container_name` — Azure container name
- `blobpath` — Path to the Delta Lake table within the container
- `account_name` — Azure storage account name
- `account_key` — Azure storage account key

</TabItem>
</Tabs>

## Write data using a DeltaLake table {#insert-data}

Once you have created a table using the DeltaLake table engine, you can insert data into it with:

```sql
SET allow_experimental_delta_lake_writes = 1;

INSERT INTO deltalake(id, firstname, lastname, gender, age)
VALUES (1, 'John', 'Smith', 'M', 32);
```

:::note
Writing using the table engine is supported only through delta kernel.
Writes to Azure are not yet supported but work for S3 and GCS.
:::

### Data cache {#data-cache}

The `DeltaLake` table engine and table function support data caching, the same as `S3`, `AzureBlobStorage`, `HDFS` storages. See [""S3 table engine""](../../../engines/table-engines/integrations/s3.md#data-cache) for more details.

## See also {#see-also}

- [deltaLake table function](../../../sql-reference/table-functions/deltalake.md)
","ENGINE = DeltaLake(url [, access_key_id, secret_access_key])","","","['DeltaLakeS3','DeltaLakeAzure','DeltaLakeLocal','Iceberg','Hudi']"
"26.6.2.81","ReplicatedMergeTree",1,1,1,1,1,1,1,1,"
:::note
In ClickHouse Cloud replication is managed for you. Please create your tables without adding arguments.  For example, in the text below you would replace:

```sql
ENGINE = ReplicatedMergeTree(
    '/clickhouse/tables/{shard}/table_name',
    '{replica}'
)
```

with:

```sql
ENGINE = ReplicatedMergeTree
```
:::

Replication is only supported for tables in the MergeTree family

- ReplicatedSummingMergeTree
- ReplicatedCoalescingMergeTree
- ReplicatedVersionedCollapsingMergeTree
- ReplicatedCollapsingMergeTree
- ReplicatedGraphiteMergeTree
- ReplicatedMergeTree
- ReplicatedReplacingMergeTree
- ReplicatedAggregatingMergeTree

Replication works at the level of an individual table, not the entire server. A server can store both replicated and non-replicated tables at the same time.

Replication does not depend on sharding. Each shard has its own independent replication.

Compressed data for `INSERT` and `ALTER` queries is replicated (for more information, see the documentation for [ALTER](/sql-reference/statements/alter).

`CREATE`, `DROP`, `ATTACH`, `DETACH` and `RENAME` queries are executed on a single server and are not replicated:

- The `CREATE TABLE` query creates a new replicatable table on the server where the query is run. If this table already exists on other servers, it adds a new replica.
- The `DROP TABLE` query deletes the replica located on the server where the query is run.
- The `RENAME` query renames the table on one of the replicas. In other words, replicated tables can have different names on different replicas.

ClickHouse uses [ClickHouse Keeper](/guides/sre/keeper/index.md) for storing replicas meta information. It is possible to use ZooKeeper version 3.4.5 or newer, but ClickHouse Keeper is recommended.

To use replication, set parameters in the [zookeeper](/operations/server-configuration-parameters/settings#zookeeper) server configuration section.

:::note
Don't neglect the security setting. ClickHouse supports the `digest` [ACL scheme](https://zookeeper.apache.org/doc/current/zookeeperProgrammers.html#sc_ZooKeeperAccessControl) of the ZooKeeper security subsystem.
:::

Example of setting the addresses of the ClickHouse Keeper cluster:

```xml
<zookeeper>
    <node>
        <host>example1</host>
        <port>2181</port>
    </node>
    <node>
        <host>example2</host>
        <port>2181</port>
    </node>
    <node>
        <host>example3</host>
        <port>2181</port>
    </node>
</zookeeper>
```

ClickHouse also supports storing replicas meta information in an auxiliary ZooKeeper cluster. Do this by providing the ZooKeeper cluster name and path as engine arguments.
In other words, it supports storing the metadata of different tables in different ZooKeeper clusters.

Example of setting the addresses of the auxiliary ZooKeeper cluster:

```xml
<auxiliary_zookeepers>
    <zookeeper2>
        <node>
            <host>example_2_1</host>
            <port>2181</port>
        </node>
        <node>
            <host>example_2_2</host>
            <port>2181</port>
        </node>
        <node>
            <host>example_2_3</host>
            <port>2181</port>
        </node>
    </zookeeper2>
    <zookeeper3>
        <node>
            <host>example_3_1</host>
            <port>2181</port>
        </node>
    </zookeeper3>
</auxiliary_zookeepers>
```

To store table metadata in an auxiliary ZooKeeper cluster instead of the default ZooKeeper cluster, we can use SQL to create the table with
ReplicatedMergeTree engine as follows:

```sql
CREATE TABLE table_name (...) ENGINE = ReplicatedMergeTree('zookeeper_name_configured_in_auxiliary_zookeepers:path', 'replica_name') ...
```
You can specify any existing ZooKeeper cluster and the system will use a directory on it for its own data (the directory is specified when creating a replicatable table).

If ZooKeeper is not set in the config file, you can't create replicated tables, and any existing replicated tables will be read-only.

ZooKeeper is not used in `SELECT` queries because replication does not affect the performance of `SELECT` and queries run just as fast as they do for non-replicated tables. When querying distributed replicated tables, ClickHouse behavior is controlled by the settings [max_replica_delay_for_distributed_queries](/operations/settings/settings.md/#max_replica_delay_for_distributed_queries) and [fallback_to_stale_replicas_for_distributed_queries](/operations/settings/settings.md/#fallback_to_stale_replicas_for_distributed_queries).

For each `INSERT` query, approximately ten entries are added to ZooKeeper through several transactions. (To be more precise, this is for each inserted block of data; an INSERT query contains one block or one block per `max_insert_block_size = 1048576` rows.) This leads to slightly longer latencies for `INSERT` compared to non-replicated tables. But if you follow the recommendations to insert data in batches of no more than one `INSERT` per second, it does not create any problems. The entire ClickHouse cluster used for coordinating one ZooKeeper cluster has a total of several hundred `INSERTs` per second. The throughput on data inserts (the number of rows per second) is just as high as for non-replicated data.

For very large clusters, you can use different ZooKeeper clusters for different shards. However, from our experience this has not proven necessary based on production clusters with approximately 300 servers.

Replication is asynchronous and multi-master. `INSERT` queries (as well as `ALTER`) can be sent to any available server. Data is inserted on the server where the query is run, and then it is copied to the other servers. Because it is asynchronous, recently inserted data appears on the other replicas with some latency. If part of the replicas are not available, the data is written when they become available. If a replica is available, the latency is the amount of time it takes to transfer the block of compressed data over the network. The number of threads performing background tasks for replicated tables can be set by [background_schedule_pool_size](/operations/server-configuration-parameters/settings.md/#background_schedule_pool_size) setting.

`ReplicatedMergeTree` engine uses a separate thread pool for replicated fetches. Size of the pool is limited by the [background_fetches_pool_size](/operations/server-configuration-parameters/settings#background_fetches_pool_size) setting which can be tuned with a server restart.

By default, an INSERT query waits for confirmation of writing the data from only one replica. If the data was successfully written to only one replica and the server with this replica ceases to exist, the stored data will be lost. To enable getting confirmation of data writes from multiple replicas, use the `insert_quorum` option.

Each block of data is written atomically. The INSERT query is divided into blocks up to `max_insert_block_size = 1048576` rows. In other words, if the `INSERT` query has less than 1048576 rows, it is made atomically.

Data blocks are deduplicated. For multiple writes of the same data block (data blocks of the same size containing the same rows in the same order), the block is only written once. The reason for this is in case of network failures when the client application does not know if the data was written to the DB, so the `INSERT` query can simply be repeated. It does not matter which replica INSERTs were sent to with identical data. `INSERTs` are idempotent. Deduplication parameters are controlled by [merge_tree](/operations/server-configuration-parameters/settings.md/#merge_tree) server settings.

During replication, only the source data to insert is transferred over the network. Further data transformation (merging) is coordinated and performed on all the replicas in the same way. This minimizes network usage, which means that replication works well when replicas reside in different datacenters. (Note that duplicating data in different datacenters is the main goal of replication.)

You can have any number of replicas of the same data. Based on our experiences, a relatively reliable and convenient solution could use double replication in production, with each server using RAID-5 or RAID-6 (and RAID-10 in some cases).

The system monitors data synchronicity on replicas and is able to recover after a failure. Failover is automatic (for small differences in data) or semi-automatic (when data differs too much, which may indicate a configuration error).

## Creating replicated tables {#creating-replicated-tables}

:::note
In ClickHouse Cloud, replication is handled automatically.

Create tables using [`MergeTree`](/engines/table-engines/mergetree-family/mergetree) without replication arguments. The system internally rewrites [`MergeTree`](/engines/table-engines/mergetree-family/mergetree) to [`SharedMergeTree`](/cloud/reference/shared-merge-tree) for replication and data distribution.

Avoid using `ReplicatedMergeTree` or specifying replication parameters, as replication is managed by the platform.

:::

### Replicated\*MergeTree parameters {#replicatedmergetree-parameters}

| Parameter       | Description                                                                  |
|-----------------|------------------------------------------------------------------------------|
| `zoo_path`      | The path to the table in ClickHouse Keeper.                                  |
| `replica_name`  | The replica name in ClickHouse Keeper.                                       |
| `other_parameters` | Parameters of an engine used for creating the replicated version, for example, version in `ReplacingMergeTree`. |

Example:

```sql
CREATE TABLE table_name
(
    EventDate DateTime,
    CounterID UInt32,
    UserID UInt32,
    ver UInt16
)
ENGINE = ReplicatedReplacingMergeTree('/clickhouse/tables/{layer}-{shard}/table_name', '{replica}', ver)
PARTITION BY toYYYYMM(EventDate)
ORDER BY (CounterID, EventDate, intHash32(UserID))
SAMPLE BY intHash32(UserID);
```

<details markdown=""1"">

<summary>Example in deprecated syntax</summary>

```sql
CREATE TABLE table_name
(
    EventDate DateTime,
    CounterID UInt32,
    UserID UInt32
) ENGINE = ReplicatedMergeTree('/clickhouse/tables/{shard}/table_name', '{replica}', EventDate, intHash32(UserID), (CounterID, EventDate, intHash32(UserID), EventTime), 8192);
```

</details>

As the example shows, these parameters can contain substitutions in `{}`. The substituted values are taken from the [macros](/operations/server-configuration-parameters/settings.md/#macros) section of the configuration file.

Example:

```xml
<macros>
    <shard>02</shard>
    <replica>example05-02-1</replica>
</macros>
```

The path to the table in ClickHouse Keeper should be unique for each replicated table. Tables on different shards should have different paths.
In this case, the path consists of the following parts:

`/clickhouse/tables/` is the common prefix. We recommend using exactly this one.

`{shard}` will be expanded to the shard identifier.

`table_name` is the name of the node for the table in ClickHouse Keeper. It is a good idea to make it the same as the table name. It is defined explicitly, because in contrast to the table name, it does not change after a RENAME query.
*HINT*: you could add a database name in front of `table_name` as well. E.g. `db_name.table_name`

The two built-in substitutions `{database}` and `{table}` can be used, they expand into the table name and the database name respectively (unless these macros are defined in the `macros` section). So the zookeeper path can be specified as `'/clickhouse/tables/{shard}/{database}/{table}'`.
Be careful with table renames when using these built-in substitutions. The path in ClickHouse Keeper cannot be changed, and when the table is renamed, the macros will expand into a different path, the table will refer to a path that does not exist in ClickHouse Keeper, and will go into read-only mode.

The replica name identifies different replicas of the same table. You can use the server name for this, as in the example. The name only needs to be unique within each shard.

You can define the parameters explicitly instead of using substitutions. This might be convenient for testing and for configuring small clusters. However, you can't use distributed DDL queries (`ON CLUSTER`) in this case.

When working with large clusters, we recommend using substitutions because they reduce the probability of error.

You can specify default arguments for `Replicated` table engine in the server configuration file. For instance:

```xml
<default_replica_path>/clickhouse/tables/{shard}/{database}/{table}</default_replica_path>
<default_replica_name>{replica}</default_replica_name>
```

In this case, you can omit arguments when creating tables:

```sql
CREATE TABLE table_name (
    x UInt32
) ENGINE = ReplicatedMergeTree
ORDER BY x;
```

It is equivalent to:

```sql
CREATE TABLE table_name (
    x UInt32
) ENGINE = ReplicatedMergeTree('/clickhouse/tables/{shard}/{database}/table_name', '{replica}')
ORDER BY x;
```

Run the `CREATE TABLE` query on each replica. This query creates a new replicated table, or adds a new replica to an existing one.

If you add a new replica after the table already contains some data on other replicas, the data will be copied from the other replicas to the new one after running the query. In other words, the new replica syncs itself with the others.

To delete a replica, run `DROP TABLE`. However, only one replica is deleted – the one that resides on the server where you run the query.

## Recovery after failures {#recovery-after-failures}

If ClickHouse Keeper is unavailable when a server starts, replicated tables switch to read-only mode. The system periodically attempts to connect to ClickHouse Keeper.

If ClickHouse Keeper is unavailable during an `INSERT`, or an error occurs when interacting with ClickHouse Keeper, an exception is thrown.

After connecting to ClickHouse Keeper, the system checks whether the set of data in the local file system matches the expected set of data (ClickHouse Keeper stores this information). If there are minor inconsistencies, the system resolves them by syncing data with the replicas.

If the system detects broken data parts (with the wrong size of files) or unrecognized parts (parts written to the file system but not recorded in ClickHouse Keeper), it moves them to the `detached` subdirectory (they are not deleted). Any missing parts are copied from the replicas.

Note that ClickHouse does not perform any destructive actions such as automatically deleting a large amount of data.

When the server starts (or establishes a new session with ClickHouse Keeper), it only checks the quantity and sizes of all files. If the file sizes match but bytes have been changed somewhere in the middle, this is not detected immediately, but only when attempting to read the data for a `SELECT` query. The query throws an exception about a non-matching checksum or size of a compressed block. In this case, data parts are added to the verification queue and copied from the replicas if necessary.

If the local set of data differs too much from the expected one, a safety mechanism is triggered. The server enters this in the log and refuses to launch. The reason for this is that this case may indicate a configuration error, such as if a replica on a shard was accidentally configured like a replica on a different shard. However, the thresholds for this mechanism are set fairly low, and this situation might occur during normal failure recovery. In this case, data is restored semi-automatically - by ""pushing a button"".

To start recovery, create the node `/path_to_table/replica_name/flags/force_restore_data` in ClickHouse Keeper with any content, or run the command to restore all replicated tables:

```bash
sudo -u clickhouse touch /var/lib/clickhouse/flags/force_restore_data
```

Then restart the server. On start, the server deletes these flags and starts recovery.

## Recovery after complete data loss {#recovery-after-complete-data-loss}

If all data and metadata disappeared from one of the servers, follow these steps for recovery:

1.  Install ClickHouse on the server. Define substitutions correctly in the config file that contains the shard identifier and replicas, if you use them.
2.  If you had unreplicated tables that must be manually duplicated on the servers, copy their data from a replica (in the directory `/var/lib/clickhouse/data/db_name/table_name/`).
3.  Copy table definitions located in `/var/lib/clickhouse/metadata/` from a replica. If a shard or replica identifier is defined explicitly in the table definitions, correct it so that it corresponds to this replica. (Alternatively, start the server and make all the `ATTACH TABLE` queries that should have been in the .sql files in `/var/lib/clickhouse/metadata/`.)
4.  To start recovery, create the ClickHouse Keeper node `/path_to_table/replica_name/flags/force_restore_data` with any content, or run the command to restore all replicated tables: `sudo -u clickhouse touch /var/lib/clickhouse/flags/force_restore_data`

Then start the server (restart, if it is already running). Data will be downloaded from replicas.

An alternative recovery option is to delete information about the lost replica from ClickHouse Keeper (`/path_to_table/replica_name`), then create the replica again as described in ""[Creating replicated tables](#creating-replicated-tables)"".

There is no restriction on network bandwidth during recovery. Keep this in mind if you are restoring many replicas at once.

## Converting from MergeTree to ReplicatedMergeTree {#converting-from-mergetree-to-replicatedmergetree}

We use the term `MergeTree` to refer to all table engines in the `MergeTree family`, the same as for `ReplicatedMergeTree`.

If you had a `MergeTree` table that was manually replicated, you can convert it to a replicated table. You might need to do this if you have already collected a large amount of data in a `MergeTree` table and now you want to enable replication.

[ATTACH TABLE ... AS REPLICATED](/sql-reference/statements/attach.md#attach-mergetree-table-as-replicatedmergetree) statement allows to attach detached `MergeTree` table as `ReplicatedMergeTree`.

`MergeTree` table can be automatically converted on server restart if `convert_to_replicated` flag is set at the table's data directory (`/store/xxx/xxxyyyyy-yyyy-yyyy-yyyy-yyyyyyyyyyyy/` for `Atomic` database).
Create empty `convert_to_replicated` file and the table will be loaded as replicated on next server restart.

This query can be used to get the table's data path. If table has many data paths, you have to use the first one.

```sql
SELECT data_paths FROM system.tables WHERE table = 'table_name' AND database = 'database_name';
```

Note that ReplicatedMergeTree table will be created with values of `default_replica_path` and `default_replica_name` settings.
To create a converted table on other replicas, you will need to explicitly specify its path in the first argument of the `ReplicatedMergeTree` engine. The following query can be used to get its path.

```sql
SELECT zookeeper_path FROM system.replicas WHERE table = 'table_name';
```

There is also a manual way to do this.

If the data differs on various replicas, first sync it, or delete this data on all the replicas except one.

Rename the existing MergeTree table, then create a `ReplicatedMergeTree` table with the old name.
Move the data from the old table to the `detached` subdirectory inside the directory with the new table data (`/var/lib/clickhouse/data/db_name/table_name/`).
Then run `ALTER TABLE ATTACH PARTITION` on one of the replicas to add these data parts to the working set.

## Converting from ReplicatedMergeTree to MergeTree {#converting-from-replicatedmergetree-to-mergetree}

Use [ATTACH TABLE ... AS NOT REPLICATED](/sql-reference/statements/attach.md#attach-mergetree-table-as-replicatedmergetree) statement to attach detached `ReplicatedMergeTree` table as `MergeTree` on a single server.

Another way to do this involves server restart. Create a MergeTree table with a different name. Move all the data from the directory with the `ReplicatedMergeTree` table data to the new table's data directory. Then delete the `ReplicatedMergeTree` table and restart the server.

If you want to get rid of a `ReplicatedMergeTree` table without launching the server:

- Delete the corresponding `.sql` file in the metadata directory (`/var/lib/clickhouse/metadata/`).
- Delete the corresponding path in ClickHouse Keeper (`/path_to_table/replica_name`).

After this, you can launch the server, create a `MergeTree` table, move the data to its directory, and then restart the server.

## Recovery when metadata in the ClickHouse Keeper cluster is lost or damaged {#recovery-when-metadata-in-the-zookeeper-cluster-is-lost-or-damaged}

If the data in ClickHouse Keeper was lost or damaged, you can save data by moving it to an unreplicated table as described above.

**See Also**

- [background_schedule_pool_size](/operations/server-configuration-parameters/settings.md/#background_schedule_pool_size)
- [background_fetches_pool_size](/operations/server-configuration-parameters/settings.md/#background_fetches_pool_size)
- [execute_merges_on_single_replica_time_threshold](/operations/settings/merge-tree-settings#execute_merges_on_single_replica_time_threshold)
- [max_replicated_fetches_network_bandwidth](/operations/settings/merge-tree-settings.md/#max_replicated_fetches_network_bandwidth)
- [max_replicated_sends_network_bandwidth](/operations/settings/merge-tree-settings.md/#max_replicated_sends_network_bandwidth)
","ENGINE = ReplicatedMergeTree('zoo_path', 'replica_name') ORDER BY expr","","","['MergeTree']"
"26.6.2.81","JDBC",0,0,0,0,0,0,0,0,"
import CloudNotSupportedBadge from '@theme/badges/CloudNotSupportedBadge';

# JDBC table engine

<CloudNotSupportedBadge/>

:::note
clickhouse-jdbc-bridge contains experimental codes and is no longer supported. It may contain reliability issues and security vulnerabilities. Use it at your own risk.
ClickHouse recommend using built-in table functions in ClickHouse which provide a better alternative for ad-hoc querying scenarios (Postgres, MySQL, MongoDB, etc).
:::

Allows ClickHouse to connect to external databases via [JDBC](https://en.wikipedia.org/wiki/Java_Database_Connectivity).

To implement the JDBC connection, ClickHouse uses the separate program [clickhouse-jdbc-bridge](https://github.com/ClickHouse/clickhouse-jdbc-bridge) that should run as a daemon.

This engine supports the [Nullable](../../../sql-reference/data-types/nullable.md) data type.

## Creating a table {#creating-a-table}

```sql
CREATE TABLE [IF NOT EXISTS] [db.]table_name
(
    columns list...
)
ENGINE = JDBC(datasource, external_database, external_table)
```

**Engine Parameters**

- `datasource` — URI or name of an external DBMS.

    URI Format: `jdbc:<driver_name>://<host_name>:<port>/?user=<username>&password=<password>`.
    Example for MySQL: `jdbc:mysql://localhost:3306/?user=root&password=root`.

- `external_database` — Name of a database in an external DBMS, or, instead, an explicitly defined table schema (see examples).

- `external_table` — Name of the table in an external database or a select query like `select * from table1 where column1=1`.

- These parameters can also be passed using [named collections](operations/named-collections.md).

## Usage example {#usage-example}

Creating a table in MySQL server by connecting directly with it's console client:

```text
mysql> CREATE TABLE `test`.`test` (
    ->   `int_id` INT NOT NULL AUTO_INCREMENT,
    ->   `int_nullable` INT NULL DEFAULT NULL,
    ->   `float` FLOAT NOT NULL,
    ->   `float_nullable` FLOAT NULL DEFAULT NULL,
    ->   PRIMARY KEY (`int_id`));
Query OK, 0 rows affected (0,09 sec)

mysql> insert into test (`int_id`, `float`) VALUES (1,2);
Query OK, 1 row affected (0,00 sec)

mysql> select * from test;
+------+----------+-----+----------+
| int_id | int_nullable | float | float_nullable |
+------+----------+-----+----------+
|      1 |         NULL |     2 |           NULL |
+------+----------+-----+----------+
1 row in set (0,00 sec)
```

Creating a table in ClickHouse server and selecting data from it:

```sql
CREATE TABLE jdbc_table
(
    `int_id` Int32,
    `int_nullable` Nullable(Int32),
    `float` Float32,
    `float_nullable` Nullable(Float32)
)
ENGINE JDBC('jdbc:mysql://localhost:3306/?user=root&password=root', 'test', 'test')
```

```sql
SELECT *
FROM jdbc_table
```

```text
┌─int_id─┬─int_nullable─┬─float─┬─float_nullable─┐
│      1 │         ᴺᵁᴸᴸ │     2 │           ᴺᵁᴸᴸ │
└────────┴──────────────┴───────┴────────────────┘
```

```sql
INSERT INTO jdbc_table(`int_id`, `float`)
SELECT toInt32(number), toFloat32(number * 1.0)
FROM system.numbers
```

## See also {#see-also}

- [JDBC table function](../../../sql-reference/table-functions/jdbc.md).
","ENGINE = JDBC('datasource', 'external_database', 'external_table')","","","['ODBC']"
"26.6.2.81","SummingMergeTree",1,1,1,1,1,0,0,1,"
The engine inherits from [MergeTree](/engines/table-engines/mergetree-family/mergetree). The difference is that when merging data parts for `SummingMergeTree` tables ClickHouse replaces all the rows with the same primary key (or more accurately, with the same [sorting key](../../../engines/table-engines/mergetree-family/mergetree.md)) with one row which contains summed values for the columns with the numeric data type. If the sorting key is composed in a way that a single key value corresponds to large number of rows, this significantly reduces storage volume and speeds up data selection.

We recommend using the engine together with `MergeTree`. Store complete data in `MergeTree` table, and use `SummingMergeTree` for aggregated data storing, for example, when preparing reports. Such an approach will prevent you from losing valuable data due to an incorrectly composed primary key.

## Creating a table {#creating-a-table}

```sql
CREATE TABLE [IF NOT EXISTS] [db.]table_name [ON CLUSTER cluster]
(
    name1 [type1] [DEFAULT|MATERIALIZED|ALIAS expr1],
    name2 [type2] [DEFAULT|MATERIALIZED|ALIAS expr2],
    ...
) ENGINE = SummingMergeTree([columns])
[PARTITION BY expr]
[ORDER BY expr]
[SAMPLE BY expr]
[SETTINGS name=value, ...]
```

For a description of request parameters, see [request description](../../../sql-reference/statements/create/table.md).

### Parameters of SummingMergeTree {#parameters-of-summingmergetree}

#### Columns {#columns}

`columns` - a tuple with the names of columns where values will be summed. Optional parameter.
    The columns must be of a numeric type and must not be in the partition or sorting key.

If `columns` is not specified, ClickHouse summarizes the values in all columns with a numeric data type that are not in the sorting key.

### Query clauses {#query-clauses}

When creating a `SummingMergeTree` table the same [clauses](../../../engines/table-engines/mergetree-family/mergetree.md) are required, as when creating a `MergeTree` table.

<details markdown=""1"">

<summary>Deprecated Method for Creating a Table</summary>

:::note
Do not use this method in new projects and, if possible, switch the old projects to the method described above.
:::

```sql
CREATE TABLE [IF NOT EXISTS] [db.]table_name [ON CLUSTER cluster]
(
    name1 [type1] [DEFAULT|MATERIALIZED|ALIAS expr1],
    name2 [type2] [DEFAULT|MATERIALIZED|ALIAS expr2],
    ...
) ENGINE [=] SummingMergeTree(date-column [, sampling_expression], (primary, key), index_granularity, [columns])
```

All of the parameters excepting `columns` have the same meaning as in `MergeTree`.

- `columns` — tuple with names of columns values of which will be summed. Optional parameter. For a description, see the text above.

</details>

## Usage example {#usage-example}

Consider the following table:

```sql
CREATE TABLE summtt
(
    key UInt32,
    value UInt32
)
ENGINE = SummingMergeTree()
ORDER BY key
```

Insert data to it:

```sql
INSERT INTO summtt VALUES(1,1),(1,2),(2,1)
```

ClickHouse may sum all the rows not completely ([see below](#data-processing)), so we use an aggregate function `sum` and `GROUP BY` clause in the query.

```sql
SELECT key, sum(value) FROM summtt GROUP BY key
```

```text
┌─key─┬─sum(value)─┐
│   2 │          1 │
│   1 │          3 │
└─────┴────────────┘
```

## Data processing {#data-processing}

When data are inserted into a table, they are saved as-is. ClickHouse merges the inserted parts of data periodically and this is when rows with the same primary key are summed and replaced with one for each resulting part of data.

ClickHouse can merge the data parts so that different resulting parts of data can consist rows with the same primary key, i.e. the summation will be incomplete. Therefore (`SELECT`) an aggregate function [sum()](/sql-reference/aggregate-functions/reference/sum) and `GROUP BY` clause should be used in a query as described in the example above.

### Common rules for summation {#common-rules-for-summation}

The values in the columns with the numeric data type are summed. The set of columns is defined by the parameter `columns`.

If the values were 0 in all of the columns for summation, the row is deleted.

If column is not in the primary key and is not summed, an arbitrary value is selected from the existing ones.

The values are not summed for columns in the primary key.

### The summation in the AggregateFunction columns {#the-summation-in-the-aggregatefunction-columns}

For columns of [AggregateFunction type](../../../sql-reference/data-types/aggregatefunction.md) ClickHouse behaves as [AggregatingMergeTree](../../../engines/table-engines/mergetree-family/aggregatingmergetree.md) engine aggregating according to the function.

### Nested structures {#nested-structures}

Table can have nested data structures that are processed in a special way.

If the name of a nested table ends with `Map` and it contains at least two columns that meet the following criteria:

- the first column is numeric `(*Int*, Date, DateTime)` or a string `(String, FixedString)`, let's call it `key`,
- the other columns are arithmetic `(*Int*, Float32/64)`, let's call it `(values...)`,

then this nested table is interpreted as a mapping of `key => (values...)`, and when merging its rows, the elements of two data sets are merged by `key` with a summation of the corresponding `(values...)`.

Examples:

```text
DROP TABLE IF EXISTS nested_sum;
CREATE TABLE nested_sum
(
    date Date,
    site UInt32,
    hitsMap Nested(
        browser String,
        imps UInt32,
        clicks UInt32
    )
) ENGINE = SummingMergeTree
PRIMARY KEY (date, site);

INSERT INTO nested_sum VALUES ('2020-01-01', 12, ['Firefox', 'Opera'], [10, 5], [2, 1]);
INSERT INTO nested_sum VALUES ('2020-01-01', 12, ['Chrome', 'Firefox'], [20, 1], [1, 1]);
INSERT INTO nested_sum VALUES ('2020-01-01', 12, ['IE'], [22], [0]);
INSERT INTO nested_sum VALUES ('2020-01-01', 10, ['Chrome'], [4], [3]);

OPTIMIZE TABLE nested_sum FINAL; -- emulate merge

SELECT * FROM nested_sum;
┌───────date─┬─site─┬─hitsMap.browser───────────────────┬─hitsMap.imps─┬─hitsMap.clicks─┐
│ 2020-01-01 │   10 │ ['Chrome']                        │ [4]          │ [3]            │
│ 2020-01-01 │   12 │ ['Chrome','Firefox','IE','Opera'] │ [20,11,22,5] │ [1,3,0,1]      │
└────────────┴──────┴───────────────────────────────────┴──────────────┴────────────────┘

SELECT
    site,
    browser,
    impressions,
    clicks
FROM
(
    SELECT
        site,
        sumMap(hitsMap.browser, hitsMap.imps, hitsMap.clicks) AS imps_map
    FROM nested_sum
    GROUP BY site
)
ARRAY JOIN
    imps_map.1 AS browser,
    imps_map.2 AS impressions,
    imps_map.3 AS clicks;

┌─site─┬─browser─┬─impressions─┬─clicks─┐
│   12 │ Chrome  │          20 │      1 │
│   12 │ Firefox │          11 │      3 │
│   12 │ IE      │          22 │      0 │
│   12 │ Opera   │           5 │      1 │
│   10 │ Chrome  │           4 │      3 │
└──────┴─────────┴─────────────┴────────┘
```

When requesting data, use the [sumMap(key, value)](../../../sql-reference/aggregate-functions/reference/sumMappedArrays.md) function for aggregation of `Map`.

For nested data structure, you do not need to specify its columns in the tuple of columns for summation.

### Tuple element aggregation {#tuple-element-aggregation}

When the `allow_tuple_element_aggregation` setting is enabled, `Tuple` columns are recursively flattened so that each leaf element participates in summation independently. This allows you to store multiple metrics in a single `Tuple` column and have them summed element-wise during merges.

The same rules apply to the flattened sub-columns as to regular columns:

- Only numeric sub-columns are summed.
- Sub-columns that belong to a `Tuple` in the sorting key or partition key are excluded from summation.
- If `columns` is specified, only sub-columns of the listed `Tuple` columns are summed.
- If all numeric sub-columns of a row are zero after summation, the row is deleted.

:::note
This setting is immutable and must be specified at table creation time.
:::

```sql
CREATE TABLE summing_tuples
(
    key UInt32,
    metrics Tuple(
        impressions UInt64,
        clicks UInt64,
        nested Tuple(
            conversions UInt64
        )
    )
) ENGINE = SummingMergeTree()
ORDER BY key
SETTINGS allow_tuple_element_aggregation = 1;

INSERT INTO summing_tuples VALUES (1, (100, 10, (1)));
INSERT INTO summing_tuples VALUES (1, (200, 20, (3)));

OPTIMIZE TABLE summing_tuples FINAL;

SELECT key, metrics.impressions, metrics.clicks, metrics.nested.conversions FROM summing_tuples;
```

```text
┌─key─┬─metrics.impressions─┬─metrics.clicks─┬─metrics.nested.conversions─┐
│   1 │                 300 │             30 │                          4 │
└─────┴─────────────────────┴────────────────┴────────────────────────────┘
```

## Related content {#related-content}

- Blog: [Using Aggregate Combinators in ClickHouse](https://clickhouse.com/blog/aggregate-functions-combinators-in-clickhouse-for-arrays-maps-and-states)
","ENGINE = SummingMergeTree([columns]) ORDER BY expr","","","['MergeTree','AggregatingMergeTree','ReplicatedSummingMergeTree']"
"26.6.2.81","TinyLog",1,0,0,0,0,0,0,0,"
import CloudNotSupportedBadge from '@theme/badges/CloudNotSupportedBadge';

# TinyLog table engine

<CloudNotSupportedBadge/>

The engine belongs to the log engine family. See [Log Engine Family](../../../engines/table-engines/log-family/index.md) for common properties of log engines and their differences.

This table engine is typically used with the write-once method: write data one time, then read it as many times as necessary. For example, you can use `TinyLog`-type tables for intermediary data that is processed in small batches. Note that storing data in a large number of small tables is inefficient.

Queries are executed in a single stream. In other words, this engine is intended for relatively small tables (up to about 1,000,000 rows). It makes sense to use this table engine if you have many small tables, since it's simpler than the [Log](../../../engines/table-engines/log-family/log.md) engine (fewer files need to be opened).

## Characteristics {#characteristics}

- **Simpler Structure**: Unlike the Log engine, TinyLog does not use mark files. This reduces complexity but also limits performance optimizations for large datasets.
- **Single Stream Queries**: Queries on TinyLog tables are executed in a single stream, making it suitable for relatively small tables, typically up to 1,000,000 rows.
- **Efficient for Small Table**: The simplicity of the TinyLog engine makes it advantageous when managing many small tables, as it requires fewer file operations compared to the Log engine.

Unlike the Log engine, TinyLog does not use mark files. This reduces complexity but also limits performance optimizations for larger datasets.

## Creating a table {#table_engines-tinylog-creating-a-table}

```sql
CREATE TABLE [IF NOT EXISTS] [db.]table_name [ON CLUSTER cluster]
(
    column1_name [type1] [DEFAULT|MATERIALIZED|ALIAS expr1],
    column2_name [type2] [DEFAULT|MATERIALIZED|ALIAS expr2],
    ...
) ENGINE = TinyLog
```

See the detailed description of the [CREATE TABLE](/sql-reference/statements/create/table) query.

## Writing the data {#table_engines-tinylog-writing-the-data}

The `TinyLog` engine stores all the columns in one file. For each `INSERT` query, ClickHouse appends the data block to the end of a table file, writing columns one by one.

For each table ClickHouse writes the files:

- `<column>.bin`: A data file for each column, containing the serialized and compressed data.

The `TinyLog` engine does not support the `ALTER UPDATE` and `ALTER DELETE` operations.

## Example of use {#table_engines-tinylog-example-of-use}

Creating a table:

```sql
CREATE TABLE tiny_log_table
(
    timestamp DateTime,
    message_type String,
    message String
)
ENGINE = TinyLog
```

Inserting data:

```sql
INSERT INTO tiny_log_table VALUES (now(),'REGULAR','The first regular message')
INSERT INTO tiny_log_table VALUES (now(),'REGULAR','The second regular message'),(now(),'WARNING','The first warning message')
```

We used two `INSERT` queries to create two data blocks inside the `<column>.bin` files.

ClickHouse uses a single stream selecting data. As a result, the order of blocks of rows in the output matches the order of the same blocks in the input. For example:

```sql
SELECT * FROM tiny_log_table
```

```text
┌───────────timestamp─┬─message_type─┬─message────────────────────┐
│ 2024-12-10 13:11:58 │ REGULAR      │ The first regular message  │
│ 2024-12-10 13:12:12 │ REGULAR      │ The second regular message │
│ 2024-12-10 13:12:12 │ WARNING      │ The first warning message  │
└─────────────────────┴──────────────┴────────────────────────────┘
```
","ENGINE = TinyLog","","","['Log','StripeLog']"
"26.6.2.81","FuzzJSON",0,0,0,0,0,0,0,0,"Generates random JSON strings by mutating a supplied JSON template. Useful for producing fuzzed JSON input for testing. The table must consist solely of columns of type `String`.","ENGINE = FuzzJSON(json_template[, random_seed])","","","['FuzzQuery','GenerateRandom']"
"26.6.2.81","ReplicatedReplacingMergeTree",1,1,1,1,1,1,1,1,"Replicated version of the ReplacingMergeTree engine.","ENGINE = ReplicatedReplacingMergeTree('zoo_path', 'replica_name'[, ver [, is_deleted]]) ORDER BY expr","","","['ReplacingMergeTree']"
"26.6.2.81","WindowView",0,0,0,0,0,0,0,0,"Aggregates data over time windows and emits the results of a `SELECT` query once each window closes. It is an experimental feature that maintains incremental aggregation grouped by time windows and can push the results to a target table. Enable it with the `allow_experimental_window_view` setting.","CREATE WINDOW VIEW name [TO target] AS SELECT ... GROUP BY tumble(...)/hop(...)","","","['MaterializedView']"
"26.6.2.81","Null",0,0,0,0,0,0,0,1,"
When writing data to a `Null` table, data is ignored.
When reading from a `Null` table, the response is empty.

The `Null` table engine is useful for data transformations where you no longer need the original data after it has been transformed.
For this purpose you can create a materialized view on a `Null` table.
The data written to the table will be consumed by the view, but the original raw data will be discarded.
","ENGINE = Null","","","[]"
"26.6.2.81","Paimon",1,0,0,0,0,0,0,0,"
This engine provides a read-only integration with existing Apache [Paimon](https://paimon.apache.org/) tables in Amazon S3, Azure, HDFS and locally stored tables.
It supports snapshot reads, incremental reads, and basic partition pruning provided by the engine.

## Create table {#create-table}

Note that the Paimon table must already exist in the storage, this command does not take DDL parameters to create a new table.
Creating `Paimon*` tables is gated by `allow_experimental_paimon_storage_engine` (disabled by default), so enable it before running `CREATE TABLE`.

```sql
SET allow_experimental_paimon_storage_engine = 1;

CREATE TABLE paimon_table_s3
    ENGINE = PaimonS3(url, [, access_key_id, secret_access_key] [,format] [,compression])

CREATE TABLE paimon_table_azure
    ENGINE = PaimonAzure(connection_string|storage_account_url, container_name, blobpath, [,account_name], [,account_key] [,format] [,compression_method])

CREATE TABLE paimon_table_hdfs
    ENGINE = PaimonHDFS(path_to_table, [,format] [,compression_method])

CREATE TABLE paimon_table_local
    ENGINE = PaimonLocal(path_to_table, [,format] [,compression_method])
```

## Engine arguments {#engine-arguments}

Description of the arguments coincides with description of arguments in engines `S3`, `AzureBlobStorage`, `HDFS` and `File` correspondingly.
`format` stands for the format of data files in the Paimon table.

Engine parameters can be specified using [Named Collections](../../../operations/named-collections.md)

### Example {#example}

```sql
CREATE TABLE paimon_table ENGINE=PaimonS3('http://test.s3.amazonaws.com/clickhouse-bucket/test_table', 'test', 'test')
```

Using named collections:

```xml
<clickhouse>
    <named_collections>
        <paimon_conf>
            <url>http://test.s3.amazonaws.com/clickhouse-bucket/</url>
            <access_key_id>test</access_key_id>
            <secret_access_key>test</secret_access_key>
        </paimon_conf>
    </named_collections>
</clickhouse>
```

```sql
CREATE TABLE paimon_table ENGINE=PaimonS3(paimon_conf, filename = 'test_table')
```

## Capabilities {#capabilities}

- Snapshot reads from the latest table snapshot.
- Incremental reads based on committed snapshot id when enabled.
- Partition pruning when `use_paimon_partition_pruning` is enabled.
- Optional background refresh of metadata when configured.
- Stable table UUID when using Atomic/Replicated databases, enabling `{uuid}` macros in Keeper paths.

## Settings {#settings}

This engine uses the same settings as the corresponding object storage engines and adds Paimon-specific settings:

- `allow_experimental_paimon_storage_engine` — enables creation of `Paimon`, `PaimonS3`, `PaimonAzure`, `PaimonHDFS`, and `PaimonLocal` table engines. Default: `0` (disabled).
- `paimon_incremental_read` — enable incremental read mode.
- `paimon_metadata_refresh_interval_sec` — background metadata refresh interval in seconds. When set to a value greater than 0, a background task periodically pulls the latest snapshot and schema from object storage. Default: 30.
- `paimon_keeper_path` — Keeper path for incremental read state. Must be set and unique per table; supports macros such as `{database}`, `{table}`, `{uuid}`.
- `paimon_replica_name` — Replica name for incremental read state. Must be set and unique per replica; supports macros such as `{replica}`.

## Incremental read examples {#incremental-read-examples}

Incremental read with Keeper state:

```sql
CREATE TABLE paimon_inc
ENGINE = PaimonS3(paimon_conf, filename = 'paimon_all_types')
SETTINGS
    paimon_incremental_read = 1,
    paimon_keeper_path = '/clickhouse/{database}/{uuid}',
    paimon_replica_name = '{replica}';
```

### Query-level settings for incremental read {#query-level-settings-for-incremental-read}

The following settings are **query-level** (passed via `SELECT ... SETTINGS`, not in `CREATE TABLE`). They control per-query behavior of incremental reads:

- `paimon_target_snapshot_id` — read only the delta of the specified snapshot. The committed watermark in Keeper is **not** advanced, so the same snapshot can be re-read any number of times. Default: `-1` (disabled).
- `max_consume_snapshots` — maximum number of snapshots to consume in a single incremental read. When the source has accumulated many unread snapshots, this limits how many are consumed per query to control batch size. `0` means no limit. Default: `0`.

**Targeted snapshot read** — always returns the delta of snapshot 1, regardless of the current watermark:

```sql
SELECT count()
FROM paimon_inc
SETTINGS paimon_target_snapshot_id = 1;
```

**Limiting snapshots per batch** — if three new snapshots are pending, consume at most two per query:

```sql
SELECT count()
FROM paimon_inc
SETTINGS max_consume_snapshots = 2;
```

## Paimon to MergeTree via Refreshable Materialized View {#paimon-to-mergetree-via-refresh-mv}

You can build an end-to-end pipeline that continuously syncs data from a Paimon table into a MergeTree table using a refreshable Materialized View in `APPEND` mode. Each refresh cycle reads only new incremental data from Paimon and appends it to the destination table.

**Step 1 — Create the Paimon source table with incremental read and metadata refresh enabled.**

The example below uses `PaimonLocal`. Replace the engine with `PaimonS3`, `PaimonAzure`, `PaimonHDFS`, or the auto-detecting `Paimon` engine as appropriate for your storage backend:

```sql
SET allow_experimental_paimon_storage_engine = 1;

-- Local storage
CREATE TABLE paimon_mv_source
ENGINE = PaimonLocal('/path/to/paimon/table')
SETTINGS
    paimon_incremental_read = 1,
    paimon_keeper_path = '/clickhouse/tables/{uuid}',
    paimon_replica_name = '{replica}',
    paimon_metadata_refresh_interval_sec = 1;

-- S3 storage (the `Paimon` engine defaults to the S3 implementation when no `disk` is specified)
CREATE TABLE paimon_mv_source
ENGINE = Paimon('http://minio:9000/bucket/path/to/table', 'access_key', 'secret_key')
SETTINGS
    paimon_incremental_read = 1,
    paimon_keeper_path = '/clickhouse/tables/{uuid}',
    paimon_replica_name = '{replica}',
    paimon_metadata_refresh_interval_sec = 1;
```

`paimon_metadata_refresh_interval_sec` sets the background metadata refresh interval in seconds. When greater than 0, a background task periodically pulls the latest snapshot and schema from object storage, so that the MV refresh cycle can see newly committed data without waiting for a query to trigger the metadata update. Default is 30. Use cautiously on many tables to avoid excessive object storage and Keeper I/O.

**Step 2 — Create the MergeTree destination table (schema cloned from the Paimon table):**

```sql
CREATE TABLE paimon_mv_dest AS paimon_mv_source
ENGINE = MergeTree()
ORDER BY tuple();
```

**Step 3 — Create the refreshable Materialized View:**

```sql
CREATE MATERIALIZED VIEW paimon_mv
REFRESH EVERY 10 SECOND
APPEND
TO paimon_mv_dest
AS SELECT * FROM paimon_mv_source;
```

Every 10 seconds the MV fires a `SELECT * FROM paimon_mv_source`, which returns only the rows added since the last committed snapshot, and appends them to `paimon_mv_dest`.

**Cleanup:**

```sql
SYSTEM STOP VIEW paimon_mv;
DROP VIEW IF EXISTS paimon_mv SYNC;
DROP TABLE IF EXISTS paimon_mv_dest SYNC;
DROP TABLE IF EXISTS paimon_mv_source SYNC;
```

:::note
Stop the MV before dropping it to prevent background refresh from blocking DDL operations.
:::

## Limitations {#limitations}

- Incremental read requires Keeper (ZooKeeper) to be configured.
- Incremental read requires `paimon_keeper_path` to be set and unique per table.
- `paimon_replica_name` must be unique per replica within the same Keeper path.
- Incremental read uses at-most-once delivery: the committed snapshot is advanced when data files are collected, before the data is actually consumed. If the query fails after file collection, the skipped snapshots will not be re-read on retry.
- The table engine is read-only; data modification is not supported.
- Incremental read does not handle historical data deletions from the Paimon source. If upstream Paimon data is deleted or updated, the corresponding rows already written to a ClickHouse MergeTree destination table will not be automatically removed. You must manually issue `ALTER TABLE ... DELETE` on the MergeTree table to clean up stale data.

## Aliases {#aliases}

The `Paimon` table engine auto-detects the storage backend from the `disk` setting and dispatches to `PaimonS3`, `PaimonAzure`, or `PaimonLocal` accordingly. When no `disk` is specified, it defaults to the `PaimonS3` implementation.

## Virtual Columns {#virtual-columns}

- `_path` — Path to the file. Type: `LowCardinality(String)`.
- `_file` — Name of the file. Type: `LowCardinality(String)`.
- `_size` — Size of the file in bytes. Type: `Nullable(UInt64)`. If the file size is unknown, the value is `NULL`.
- `_time` — Last modified time of the file. Type: `Nullable(DateTime)`. If the time is unknown, the value is `NULL`.
- `_etag` — The etag of the file. Type: `LowCardinality(String)`. If the etag is unknown, the value is `NULL`.

## Data Types supported {#data-types-supported}

| Paimon Data Type | ClickHouse Data Type |
|-------|--------|
|BOOLEAN     |Int8      |
|TINYINT     |Int8      |
|SMALLINT     |Int16      |
|INTEGER     |Int32      |
|BIGINT     |Int64      |
|FLOAT     |Float32      |
|DOUBLE     |Float64      |
|STRING,VARCHAR,BYTES,VARBINARY     |String      |
|DATE     |Date      |
|TIME(p),TIME     |Time('UTC')      |
|TIMESTAMP(p) WITH LOCAL TIME ZONE     |DateTime64      |
|TIMESTAMP(p)     |DateTime64('UTC')      |
|CHAR     |FixedString(1)      |
|BINARY(n)     |FixedString(n)      |
|DECIMAL(P,S)     |Decimal(P,S)      |
|ARRAY     |Array      |
|MAP     |Map    |

## Partition supported {#partition-supported}

Data types supported in Paimon partition keys:
* `CHAR`
* `VARCHAR`
* `BOOLEAN`
* `DECIMAL`
* `TINYINT`
* `SMALLINT`
* `INTEGER`
* `DATE`
* `TIME`
* `TIMESTAMP`
* `TIMESTAMP WITH LOCAL TIME ZONE`
* `BIGINT`
* `FLOAT`
* `DOUBLE`
","ENGINE = Paimon(url [, access_key_id, secret_access_key])","","","['PaimonS3','PaimonAzure','PaimonHDFS','PaimonLocal','Iceberg','DeltaLake']"
"26.6.2.81","CoalescingMergeTree",1,1,1,1,1,0,0,1,"
:::note Available from version 25.6
This table engine is available from version 25.6 and higher in both OSS and Cloud.
:::

This engine inherits from [MergeTree](/engines/table-engines/mergetree-family/mergetree). The key difference is in how data parts are merged: for `CoalescingMergeTree` tables, ClickHouse replaces all rows with the same primary key (or more precisely, the same [sorting key](../../../engines/table-engines/mergetree-family/mergetree.md)) with a single row that contains the latest non-NULL values for each column.

This enables column-level upserts, meaning you can update only specific columns rather than entire rows.

`CoalescingMergeTree` is intended for use with Nullable types in non-key columns. If the columns are not Nullable, the behavior is the same as with [ReplacingMergeTree](/engines/table-engines/mergetree-family/replacingmergetree).

## Creating a table {#creating-a-table}

```sql
CREATE TABLE [IF NOT EXISTS] [db.]table_name [ON CLUSTER cluster]
(
    name1 [type1] [DEFAULT|MATERIALIZED|ALIAS expr1],
    name2 [type2] [DEFAULT|MATERIALIZED|ALIAS expr2],
    ...
) ENGINE = CoalescingMergeTree([columns])
[PARTITION BY expr]
[ORDER BY expr]
[SAMPLE BY expr]
[SETTINGS name=value, ...]
```

For a description of request parameters, see [request description](../../../sql-reference/statements/create/table.md).

### Parameters of CoalescingMergeTree {#parameters-of-coalescingmergetree}

#### Columns {#columns}

`columns` - Optional. A tuple with the names of columns where values will be united. The provided columns must not be in the partition or sorting key. If `columns` is not specified, ClickHouse unites the values in all columns that are not in the sorting key.

### Query clauses {#query-clauses}

When creating a `CoalescingMergeTree` table the same [clauses](../../../engines/table-engines/mergetree-family/mergetree.md) are required, as when creating a `MergeTree` table.

<details markdown=""1"">

<summary>Deprecated Method for Creating a Table</summary>

:::note
Do not use this method in new projects and, if possible, switch the old projects to the method described above.
:::

```sql
CREATE TABLE [IF NOT EXISTS] [db.]table_name [ON CLUSTER cluster]
(
    name1 [type1] [DEFAULT|MATERIALIZED|ALIAS expr1],
    name2 [type2] [DEFAULT|MATERIALIZED|ALIAS expr2],
    ...
) ENGINE [=] CoalescingMergeTree(date-column [, sampling_expression], (primary, key), index_granularity, [columns])
```

All of the parameters excepting `columns` have the same meaning as in `MergeTree`.

- `columns` — tuple with names of columns values of which will be summed. Optional parameter. For a description, see the text above.

</details>

## Usage example {#usage-example}

Consider the following table:

```sql
CREATE TABLE test_table
(
    key UInt64,
    value_int Nullable(UInt32),
    value_string Nullable(String),
    value_date Nullable(Date)
)
ENGINE = CoalescingMergeTree()
ORDER BY key
```

Insert data to it:

```sql
INSERT INTO test_table VALUES(1, NULL, NULL, '2025-01-01'), (2, 10, 'test', NULL);
INSERT INTO test_table VALUES(1, 42, 'win', '2025-02-01');
INSERT INTO test_table(key, value_date) VALUES(2, '2025-02-01');
```

The result will looks like this:

```sql
SELECT * FROM test_table ORDER BY key;
```

```text
┌─key─┬─value_int─┬─value_string─┬─value_date─┐
│   1 │        42 │ win          │ 2025-02-01 │
│   1 │      ᴺᵁᴸᴸ │ ᴺᵁᴸᴸ         │ 2025-01-01 │
│   2 │      ᴺᵁᴸᴸ │ ᴺᵁᴸᴸ         │ 2025-02-01 │
│   2 │        10 │ test         │       ᴺᵁᴸᴸ │
└─────┴───────────┴──────────────┴────────────┘
```

Recommended query for correct and final result:

```sql
SELECT * FROM test_table FINAL ORDER BY key;
```

```text
┌─key─┬─value_int─┬─value_string─┬─value_date─┐
│   1 │        42 │ win          │ 2025-02-01 │
│   2 │        10 │ test         │ 2025-02-01 │
└─────┴───────────┴──────────────┴────────────┘
```

Using the `FINAL` modifier forces ClickHouse to apply merge logic at query time, ensuring you get the correct, coalesced ""latest"" value for each column. This is the safest and most accurate method when querying from a CoalescingMergeTree table.

:::note

An approach with `GROUP BY` may return incorrect results if the underlying parts have not been fully merged.

```sql
SELECT key, last_value(value_int), last_value(value_string), last_value(value_date)  FROM test_table GROUP BY key; -- Not recommended.
```

:::

## Tuple element aggregation {#tuple-element-aggregation}

When the `allow_tuple_element_aggregation` setting is enabled, `Tuple` columns are recursively flattened so that each leaf element participates in coalescing independently. This allows you to store multiple fields in a single `Tuple` column and have them coalesced element-wise during merges — each `Nullable` sub-column retains the latest non-NULL value independently.

The same rules apply to the flattened sub-columns as to regular columns:

- Sub-columns that belong to a `Tuple` in the sorting key or partition key are excluded from coalescing.
- If `columns` is specified, only sub-columns of the listed `Tuple` columns are coalesced.

:::note
This setting is immutable and must be specified at table creation time.
:::

```sql
CREATE TABLE coalescing_tuples
(
    key UInt64,
    data Tuple(
        value_a Nullable(UInt64),
        value_b Nullable(String),
        nested Tuple(
            value_c Nullable(UInt64)
        )
    )
) ENGINE = CoalescingMergeTree()
ORDER BY key
SETTINGS allow_tuple_element_aggregation = 1;

INSERT INTO coalescing_tuples VALUES (1, (100, NULL, (NULL)));
INSERT INTO coalescing_tuples VALUES (1, (NULL, 'hello', (42)));

SELECT key, data.value_a, data.value_b, data.nested.value_c FROM coalescing_tuples FINAL;
```

```text
┌─key─┬─data.value_a─┬─data.value_b─┬─data.nested.value_c─┐
│   1 │          100 │ hello        │                  42 │
└─────┴──────────────┴──────────────┴─────────────────────┘
```
","ENGINE = CoalescingMergeTree([columns]) ORDER BY expr","","","['MergeTree','SummingMergeTree','AggregatingMergeTree','ReplicatedCoalescingMergeTree']"
"26.6.2.81","PaimonHDFS",1,0,0,0,0,0,0,0,"Provides a read-only integration with existing Apache Paimon tables stored in HDFS. This engine is experimental: enable it with the `allow_experimental_paimon_storage_engine` setting.","ENGINE = PaimonHDFS(uri)","","","['Paimon']"
"26.6.2.81","GenerateRandom",0,0,0,0,0,0,0,0,"
The GenerateRandom table engine produces random data for given table schema.

Usage examples:

- Use in test to populate reproducible large table.
- Generate random input for fuzzing tests.

## Usage in ClickHouse Server {#usage-in-clickhouse-server}

```sql
ENGINE = GenerateRandom([random_seed [,max_string_length [,max_array_length]]])
```

The `max_array_length` and `max_string_length` parameters specify maximum length of all
array or map columns and strings correspondingly in generated data.

Generate table engine supports only `SELECT` queries.

It supports all [DataTypes](../../../sql-reference/data-types/index.md) that can be stored in a table except `AggregateFunction`.

## Example {#example}

**1.** Set up the `generate_engine_table` table:

```sql
CREATE TABLE generate_engine_table (name String, value UInt32) ENGINE = GenerateRandom(1, 5, 3)
```

**2.** Query the data:

```sql
SELECT * FROM generate_engine_table LIMIT 3
```

```text
┌─name─┬──────value─┐
│ c4xJ │ 1412771199 │
│ r    │ 1791099446 │
│ 7#$  │  124312908 │
└──────┴────────────┘
```

## Details of Implementation {#details-of-implementation}

- Not supported:
  - `ALTER`
  - `SELECT ... SAMPLE`
  - `INSERT`
  - Indices
  - Replication
","ENGINE = GenerateRandom([random_seed[, max_string_length[, max_array_length]]])","","","['FuzzJSON','FuzzQuery']"
"26.6.2.81","MergeTree",1,1,1,1,1,0,0,1,"
import ExperimentalBadge from '@theme/badges/ExperimentalBadge';
import CloudNotSupportedBadge from '@theme/badges/CloudNotSupportedBadge';

# MergeTree table engine

The `MergeTree` engine and other engines of the `MergeTree` family (e.g. `ReplacingMergeTree`, `AggregatingMergeTree`) are the most commonly used and most robust table engines in ClickHouse.

`MergeTree`-family table engines are designed for high data ingest rates and huge data volumes.
Insert operations create table parts which are merged by a background process with other table parts.

Main features of `MergeTree`-family table engines.

- The table's primary key determines the sort order within each table part (clustered index). The primary key also does not reference individual rows but blocks of 8192 rows called granules. This makes primary keys of huge data sets small enough to remain loaded in main memory, while still providing fast access to on-disk data.

- Tables can be partitioned using an arbitrary partition expression. Partition pruning ensures partitions are omitted from reading when the query allows it.

- Data can be replicated across multiple cluster nodes for high availability, failover, and zero downtime upgrades. See [Data replication](/engines/table-engines/mergetree-family/replication.md).

- `MergeTree` table engines support various statistics kinds and sampling methods to help query optimization.

:::note
Despite a similar name, the [Merge](/engines/table-engines/special/merge) engine is different from `*MergeTree` engines.
:::

## Creating tables {#table_engine-mergetree-creating-a-table}

```sql
CREATE TABLE [IF NOT EXISTS] [db.]table_name [ON CLUSTER cluster]
(
    name1 [type1] [[NOT] NULL] [DEFAULT|MATERIALIZED|ALIAS|EPHEMERAL expr1] [COMMENT ...] [CODEC(codec1)] [STATISTICS(stat1)] [TTL expr1] [PRIMARY KEY] [SETTINGS (name = value, ...)],
    name2 [type2] [[NOT] NULL] [DEFAULT|MATERIALIZED|ALIAS|EPHEMERAL expr2] [COMMENT ...] [CODEC(codec2)] [STATISTICS(stat2)] [TTL expr2] [PRIMARY KEY] [SETTINGS (name = value, ...)],
    ...
    INDEX index_name1 expr1 TYPE type1(...) [GRANULARITY value1],
    INDEX index_name2 expr2 TYPE type2(...) [GRANULARITY value2],
    ...
    PROJECTION projection_name_1 (SELECT <COLUMN LIST EXPR> [GROUP BY] [ORDER BY]),
    PROJECTION projection_name_2 (SELECT <COLUMN LIST EXPR> [GROUP BY] [ORDER BY])
) ENGINE = MergeTree()
ORDER BY expr
[PARTITION BY expr]
[PRIMARY KEY expr]
[SAMPLE BY expr]
[TTL expr
    [DELETE|TO DISK 'xxx'|TO VOLUME 'xxx' [, ...] ]
    [WHERE conditions]
    [GROUP BY key_expr [SET v1 = aggr_func(v1) [, v2 = aggr_func(v2) ...]] ] ]
[SETTINGS name = value, ...]
```

For a detailed description of the parameters, see the [CREATE TABLE](/sql-reference/statements/create/table.md) statement

### Query clauses {#mergetree-query-clauses}

#### ENGINE {#engine}

`ENGINE` — Name and parameters of the engine. `ENGINE = MergeTree()`. The `MergeTree` engine has no parameters.

#### ORDER BY {#order_by}

`ORDER BY` — The sorting key.

A tuple of column names or arbitrary expressions. Example: `ORDER BY (CounterID + 1, EventDate)`.

If no primary key is defined (i.e. `PRIMARY KEY` was not specified), ClickHouse uses the the sorting key as primary key.

If no sorting is required, you can use syntax `ORDER BY tuple()`.
Alternatively, if setting `create_table_empty_primary_key_by_default` is enabled, `ORDER BY ()` is implicitly added to `CREATE TABLE` statements. See [Selecting a Primary Key](#selecting-a-primary-key).

#### PARTITION BY {#partition-by}

`PARTITION BY` — The [partitioning key](/engines/table-engines/mergetree-family/custom-partitioning-key.md). Optional. In most cases, you don't need a partition key, and if you do need to partition, generally you do not need a partition key more granular than by month. Partitioning does not speed up queries (in contrast to the ORDER BY expression). You should never use too granular partitioning. Don't partition your data by client identifiers or names (instead, make client identifier or name the first column in the ORDER BY expression).

For partitioning by month, use the `toYYYYMM(date_column)` expression, where `date_column` is a column with a date of the type [Date](/sql-reference/data-types/date.md). The partition names here have the `""YYYYMM""` format.

#### PRIMARY KEY {#primary-key}

`PRIMARY KEY` — The primary key if it [differs from the sorting key](#choosing-a-primary-key-that-differs-from-the-sorting-key). Optional.

Specifying a sorting key (using `ORDER BY` clause) implicitly specifies a primary key.
It is usually not necessary to specify the primary key in addition to the sorting key.

#### SAMPLE BY {#sample-by}

`SAMPLE BY` — A sampling expression. Optional.

If specified, it must be contained in the primary key.
The sampling expression must result in an unsigned integer.

Example: `SAMPLE BY intHash32(UserID) ORDER BY (CounterID, EventDate, intHash32(UserID))`.

####  TTL {#ttl}

`TTL` — A list of rules that specify the storage duration of rows and the logic of automatic parts movement [between disks and volumes](#table_engine-mergetree-multiple-volumes). Optional.

Expression must result in a `Date` or `DateTime`, e.g. `TTL date + INTERVAL 1 DAY`.

Type of the rule `DELETE|TO DISK 'xxx'|TO VOLUME 'xxx'|GROUP BY` specifies an action to be done with the part if the expression is satisfied (reaches current time): removal of expired rows, moving a part (if expression is satisfied for all rows in a part) to specified disk (`TO DISK 'xxx'`) or to volume (`TO VOLUME 'xxx'`), or aggregating values in expired rows. Default type of the rule is removal (`DELETE`). List of multiple rules can be specified, but there should be no more than one `DELETE` rule.

For more details, see [TTL for columns and tables](#table_engine-mergetree-ttl)

#### SETTINGS {#settings}

See [MergeTree Settings](../../../operations/settings/merge-tree-settings.md).

**Example of Sections Setting**

```sql
ENGINE MergeTree() PARTITION BY toYYYYMM(EventDate) ORDER BY (CounterID, EventDate, intHash32(UserID)) SAMPLE BY intHash32(UserID) SETTINGS index_granularity=8192
```

In the example, we set partitioning by month.

We also set an expression for sampling as a hash by the user ID. This allows you to pseudorandomize the data in the table for each `CounterID` and `EventDate`. If you define a [SAMPLE](/sql-reference/statements/select/sample) clause when selecting the data, ClickHouse will return an evenly pseudorandom data sample for a subset of users.

The `index_granularity` setting can be omitted because 8192 is the default value.

<details markdown=""1"">

<summary>Deprecated Method for Creating a Table</summary>

:::note
Do not use this method in new projects. If possible, switch old projects to the method described above.
:::

```sql
CREATE TABLE [IF NOT EXISTS] [db.]table_name [ON CLUSTER cluster]
(
    name1 [type1] [DEFAULT|MATERIALIZED|ALIAS expr1],
    name2 [type2] [DEFAULT|MATERIALIZED|ALIAS expr2],
    ...
) ENGINE [=] MergeTree(date-column [, sampling_expression], (primary, key), index_granularity)
```

**MergeTree() Parameters**

- `date-column` — The name of a column of the [Date](/sql-reference/data-types/date.md) type. ClickHouse automatically creates partitions by month based on this column. The partition names are in the `""YYYYMM""` format.
- `sampling_expression` — An expression for sampling.
- `(primary, key)` — Primary key. Type: [Tuple()](/sql-reference/data-types/tuple.md)
- `index_granularity` — The granularity of an index. The number of data rows between the ""marks"" of an index. The value 8192 is appropriate for most tasks.

**Example**

```sql
MergeTree(EventDate, intHash32(UserID), (CounterID, EventDate, intHash32(UserID)), 8192)
```

The `MergeTree` engine is configured in the same way as in the example above for the main engine configuration method.
</details>

## Data storage {#mergetree-data-storage}

A table consists of data parts sorted by primary key.

When data is inserted in a table, separate data parts are created and each of them is lexicographically sorted by primary key. For example, if the primary key is `(CounterID, Date)`, the data in the part is sorted by `CounterID`, and within each `CounterID`, it is ordered by `Date`.

Data belonging to different partitions are separated into different parts. In the background, ClickHouse merges data parts for more efficient storage. Parts belonging to different partitions are not merged. The merge mechanism does not guarantee that all rows with the same primary key will be in the same data part.

Data parts can be stored in `Wide` or `Compact` format. In `Wide` format each column is stored in a separate file in a filesystem, in `Compact` format all columns are stored in one file. `Compact` format can be used to increase performance of small and frequent inserts.

Data storing format is controlled by the `min_bytes_for_wide_part` and `min_rows_for_wide_part` settings of the table engine. If the number of bytes or rows in a data part is less then the corresponding setting's value, the part is stored in `Compact` format. Otherwise it is stored in `Wide` format. If none of these settings is set, data parts are stored in `Wide` format.

Each data part is logically divided into granules. A granule is the smallest indivisible data set that ClickHouse reads when selecting data. ClickHouse does not split rows or values, so each granule always contains an integer number of rows. The first row of a granule is marked with the value of the primary key for the row. For each data part, ClickHouse creates an index file that stores the marks. For each column, whether it's in the primary key or not, ClickHouse also stores the same marks. These marks let you find data directly in column files.

The granule size is restricted by the `index_granularity` and `index_granularity_bytes` settings of the table engine. The number of rows in a granule lays in the `[1, index_granularity]` range, depending on the size of the rows. The size of a granule can exceed `index_granularity_bytes` if the size of a single row is greater than the value of the setting. In this case, the size of the granule equals the size of the row.

## Primary Keys and Indexes in Queries {#primary-keys-and-indexes-in-queries}

Take the `(CounterID, Date)` primary key as an example. In this case, the sorting and index can be illustrated as follows:

```text
Whole data:     [---------------------------------------------]
CounterID:      [aaaaaaaaaaaaaaaaaabbbbcdeeeeeeeeeeeeefgggggggghhhhhhhhhiiiiiiiiikllllllll]
Date:           [1111111222222233331233211111222222333211111112122222223111112223311122333]
Marks:           |      |      |      |      |      |      |      |      |      |      |
                a,1    a,2    a,3    b,3    e,2    e,3    g,1    h,2    i,1    i,3    l,3
Marks numbers:   0      1      2      3      4      5      6      7      8      9      10
```

If the data query specifies:

- `CounterID in ('a', 'h')`, the server reads the data in the ranges of marks `[0, 3)` and `[6, 8)`.
- `CounterID IN ('a', 'h') AND Date = 3`, the server reads the data in the ranges of marks `[1, 3)` and `[7, 8)`.
- `Date = 3`, the server reads the data in the range of marks `[1, 10]`.

The examples above show that it is always more effective to use an index than a full scan.

A sparse index allows extra data to be read. When reading a single range of the primary key, up to `index_granularity * 2` extra rows in each data block can be read.

Sparse indexes allow you to work with a very large number of table rows, because in most cases, such indexes fit in the computer's RAM.

ClickHouse does not require a unique primary key. You can insert multiple rows with the same primary key.

You can use `Nullable`-typed expressions in the `PRIMARY KEY` and `ORDER BY` clauses but it is strongly discouraged. To allow this feature, turn on the [allow_nullable_key](/operations/settings/merge-tree-settings/#allow_nullable_key) setting. The [NULLS_LAST](/sql-reference/statements/select/order-by.md/#sorting-of-special-values) principle applies for `NULL` values in the `ORDER BY` clause.

### Selecting a primary key {#selecting-a-primary-key}

The number of columns in the primary key is not explicitly limited. Depending on the data structure, you can include more or fewer columns in the primary key. This may:

- Improve the performance of an index.

    If the primary key is `(a, b)`, then adding another column `c` will improve the performance if the following conditions are met:

  - There are queries with a condition on column `c`.
  - Long data ranges (several times longer than the `index_granularity`) with identical values for `(a, b)` are common. In other words, when adding another column allows you to skip quite long data ranges.

- Improve data compression.

    ClickHouse sorts data by primary key, so the higher the consistency, the better the compression.

- Provide additional logic when merging data parts in the [CollapsingMergeTree](/engines/table-engines/mergetree-family/collapsingmergetree) and [SummingMergeTree](/engines/table-engines/mergetree-family/summingmergetree.md) engines.

    In this case it makes sense to specify the *sorting key* that is different from the primary key.

A long primary key will negatively affect the insert performance and memory consumption, but extra columns in the primary key do not affect ClickHouse performance during `SELECT` queries.

You can create a table without a primary key using the `ORDER BY tuple()` syntax. In this case, ClickHouse stores data in the order of inserting. If you want to save data order when inserting data by `INSERT ... SELECT` queries, set [max_insert_threads = 1](/operations/settings/settings#max_insert_threads).

To select data in the initial order, use [single-threaded](/operations/settings/settings.md/#max_threads) `SELECT` queries.

### Choosing a primary key that differs from the sorting key {#choosing-a-primary-key-that-differs-from-the-sorting-key}

It is possible to specify a primary key (an expression with values that are written in the index file for each mark) that is different from the sorting key (an expression for sorting the rows in data parts). In this case the primary key expression tuple must be a prefix of the sorting key expression tuple.

This feature is helpful when using the [SummingMergeTree](/engines/table-engines/mergetree-family/summingmergetree.md) and
[AggregatingMergeTree](/engines/table-engines/mergetree-family/aggregatingmergetree.md) table engines. In a common case when using these engines, the table has two types of columns: *dimensions* and *measures*. Typical queries aggregate values of measure columns with arbitrary `GROUP BY` and filtering by dimensions. Because SummingMergeTree and AggregatingMergeTree aggregate rows with the same value of the sorting key, it is natural to add all dimensions to it. As a result, the key expression consists of a long list of columns and this list must be frequently updated with newly added dimensions.

In this case it makes sense to leave only a few columns in the primary key that will provide efficient range scans and add the remaining dimension columns to the sorting key tuple.

[ALTER](/sql-reference/statements/alter/index.md) of the sorting key is a lightweight operation because when a new column is simultaneously added to the table and to the sorting key, existing data parts do not need to be changed. Since the old sorting key is a prefix of the new sorting key and there is no data in the newly added column, the data is sorted by both the old and new sorting keys at the moment of table modification.

### Use of indexes and partitions in queries {#use-of-indexes-and-partitions-in-queries}

For `SELECT` queries, ClickHouse analyzes whether an index can be used. An index can be used if the `WHERE/PREWHERE` clause has an expression (as one of the conjunction elements, or entirely) that represents an equality or inequality comparison operation, or if it has `IN` or `LIKE` with a fixed prefix on columns or expressions that are in the primary key or partitioning key, or on certain partially repetitive functions of these columns, or logical relationships of these expressions.

Thus, it is possible to quickly run queries on one or many ranges of the primary key. In this example, queries will be fast when run for a specific tracking tag, for a specific tag and date range, for a specific tag and date, for multiple tags with a date range, and so on.

Let's look at the engine configured as follows:
```sql
ENGINE MergeTree()
PARTITION BY toYYYYMM(EventDate)
ORDER BY (CounterID, EventDate)
SETTINGS index_granularity=8192
```

In this case, in queries:

```sql
SELECT count() FROM table
WHERE EventDate = toDate(now())
AND CounterID = 34

SELECT count() FROM table
WHERE EventDate = toDate(now())
AND (CounterID = 34 OR CounterID = 42)

SELECT count() FROM table
WHERE ((EventDate >= toDate('2014-01-01')
AND EventDate <= toDate('2014-01-31')) OR EventDate = toDate('2014-05-01'))
AND CounterID IN (101500, 731962, 160656)
AND (CounterID = 101500 OR EventDate != toDate('2014-05-01'))
```

ClickHouse will use the primary key index to trim improper data and the monthly partitioning key to trim partitions that are in improper date ranges.

The queries above show that the index is used even for complex expressions. Reading from the table is organized so that using the index can't be slower than a full scan.

In the example below, the index can't be used.

```sql
SELECT count() FROM table WHERE CounterID = 34 OR URL LIKE '%upyachka%'
```

To check whether ClickHouse can use the index when running a query, use the settings [force_index_by_date](/operations/settings/settings.md/#force_index_by_date) and [force_primary_key](/operations/settings/settings#force_primary_key).

The key for partitioning by month allows reading only those data blocks which contain dates from the proper range. In this case, the data block may contain data for many dates (up to an entire month). Within a block, data is sorted by primary key, which might not contain the date as the first column. Because of this, using a query with only a date condition that does not specify the primary key prefix will cause more data to be read than for a single date.

### Use of index for deterministic expressions in primary keys {#use-of-index-for-deterministic-expressions-in-primary-keys}

The primary key can contain expressions, not only column names. These expressions are not limited to simple function chains: they can be arbitrary expression trees (for example, nested functions and composite expressions), as long as they are deterministic.

An expression is **deterministic** if it always returns the same result for the same input values (for example: `length()`, `toDate()`, `lower()`, `left()`, `cityHash64()`, `toUUID()`; unlike `now()` or `rand()`). If the primary key contains deterministic expressions, ClickHouse can apply them to constant values from the query and use the result to build conditions on the primary key index. This enables data skipping for predicates like `=`, `IN`, and `has`.

A common use case is to keep the primary key compact (e.g. store a hash instead of a long `String`), while still allowing predicates on the original column to use the index.

Example of a deterministic (but non-injective) primary key:
```sql
ENGINE = MergeTree()
ORDER BY length(user_id)
```

Example predicates that can use the index:
```sql
SELECT * FROM table WHERE user_id = 'alice';
SELECT * FROM table WHERE user_id IN ('alice', 'bob');
SELECT * FROM table WHERE has(['alice', 'bob'], user_id);
```

In these cases, ClickHouse computes `length('alice')` (and other constants) once and uses the length values to narrow the ranges in the primary key index. Since length of a string is **not injective**, different `user_id` strings can share the same length, so the index may read extra granules (false positives). The result remains correct because the original predicate (`user_id = ...`, `IN`, etc.) is still applied after reading.

If the deterministic expression is also **injective** (different inputs cannot produce the same output for the argument types used), additionally ClickHouse can effectively use the index for the negated forms: `!=`, `NOT IN`, and `NOT has(...)`. For example, `reverse(p)` and `hex(p)` are injective for `String`.

Example of an injective primary key:
```sql
ENGINE = MergeTree()
ORDER BY hex(p)
```

More complex injective expressions are also supported, for example:
```sql
ENGINE = MergeTree()
ORDER BY reverse(tuple(reverse(p), hex(p)))
```

Example predicates that can use the index:
```sql
SELECT * FROM table WHERE p != 'abc';
SELECT * FROM table WHERE p NOT IN ('abc', '12345');
SELECT * FROM table WHERE NOT has(['abc', '12345'], p);
```

### Use of index for partially-monotonic primary keys {#use-of-index-for-partially-monotonic-primary-keys}

Consider, for example, the days of the month. They form a [monotonic sequence](https://en.wikipedia.org/wiki/Monotonic_function) for one month, but not monotonic for more extended periods. This is a partially-monotonic sequence. If a user creates the table with partially-monotonic primary key, ClickHouse creates a sparse index as usual. When a user selects data from this kind of table, ClickHouse analyzes the query conditions. If the user wants to get data between two marks of the index and both these marks fall within one month, ClickHouse can use the index in this particular case because it can calculate the distance between the parameters of a query and index marks.

ClickHouse cannot use an index if the values of the primary key in the query parameter range do not represent a monotonic sequence. In this case, ClickHouse uses the full scan method.

ClickHouse uses this logic not only for days of the month sequences, but for any primary key that represents a partially-monotonic sequence.

### Data skipping indexes {#table_engine-mergetree-data_skipping-indexes}

The index declaration is in the columns section of the `CREATE` query.

```sql
INDEX index_name expr TYPE type(...) [GRANULARITY granularity_value]
```

For tables from the `*MergeTree` family, data skipping indices can be specified.

These indices aggregate some information about the specified expression on blocks, which consist of `granularity_value` granules (the size of the granule is specified using the `index_granularity` setting in the table engine). Then these aggregates are used in `SELECT` queries for reducing the amount of data to read from the disk by skipping big blocks of data where the `where` query cannot be satisfied.

The `GRANULARITY` clause can be omitted, the default value of `granularity_value` is 1.

**Example**

```sql
CREATE TABLE table_name
(
    u64 UInt64,
    i32 Int32,
    s String,
    ...
    INDEX idx1 u64 TYPE bloom_filter GRANULARITY 3,
    INDEX idx2 u64 * i32 TYPE minmax GRANULARITY 3,
    INDEX idx3 u64 * length(s) TYPE set(1000) GRANULARITY 4
) ENGINE = MergeTree()
...
```

Indices from the example can be used by ClickHouse to reduce the amount of data to read from disk in the following queries:

```sql
SELECT count() FROM table WHERE u64 == 10;
SELECT count() FROM table WHERE u64 * i32 >= 1234
SELECT count() FROM table WHERE u64 * length(s) == 1234
```

Data skipping indexes can also be created on composite columns:

```sql
-- on columns of type Map:
INDEX map_key_index mapKeys(map_column) TYPE bloom_filter
INDEX map_value_index mapValues(map_column) TYPE bloom_filter

-- on columns of type JSON:
INDEX json_paths_index JSONAllPaths(json_column) TYPE bloom_filter

-- on columns of type Tuple:
INDEX tuple_1_index tuple_column.1 TYPE bloom_filter
INDEX tuple_2_index tuple_column.2 TYPE bloom_filter

-- on columns of type Nested:
INDEX nested_1_index col.nested_col1 TYPE bloom_filter
INDEX nested_2_index col.nested_col2 TYPE bloom_filter
```

### Skip Index Types {#skip-index-types}

The `MergeTree` table engine supports the following types of skip indexes.
For more information on how skip indexes can be used for performance optimization
see [""Understanding ClickHouse data skipping indexes""](/optimize/skipping-indexes).

- [`MinMax`](#minmax) index
- [`Set`](#set) index
- [`bloom_filter`](#bloom-filter) index
- [`ngrambf_v1`](#n-gram-bloom-filter) index *(Deprecated)*
- [`tokenbf_v1`](#token-bloom-filter) index *(Deprecated)*
- [`text`](#text) index
- [`vector_similarity`](#vector-similarity) index

#### MinMax skip index {#minmax}

For each index granule, the minimum and maximum values of an expression are stored.
(If the expression is of type `tuple`, it stores the minimum and maximum for each tuple element.)

```text title=""Syntax""
minmax
```

#### Set {#set}

For each index granule at most `max_rows` many unique values of the specified expression are stored.
`max_rows = 0` means ""store all unique values"".

```text title=""Syntax""
set(max_rows)
```

#### Bloom filter {#bloom-filter}

For each index granule stores a [bloom filter](https://en.wikipedia.org/wiki/Bloom_filter) for the specified columns.

```text title=""Syntax""
bloom_filter([false_positive_rate])
```

The `false_positive_rate` parameter can take on a value between 0 and 1 (by default: `0.025`) and specifies the probability of generating a positive (which increases the amount of data to be read).

The following data types are supported:
- `(U)Int*`
- `Float*`
- `Enum`
- `Date`
- `DateTime`
- `String`
- `FixedString`
- `Array`
- `LowCardinality`
- `Nullable`
- `UUID`
- `Map`

:::note Map data type: specifying index creation with keys or values
For the `Map` data type, the client can specify if the index should be created for keys or for values using the [`mapKeys`](/sql-reference/functions/tuple-map-functions.md/#mapKeys) or [`mapValues`](/sql-reference/functions/tuple-map-functions.md/#mapValues) functions.
:::

:::note JSON data type: indexing JSON paths
For the [`JSON`](/sql-reference/data-types/newjson) data type, a bloom filter index can be created on the set of paths using the [`JSONAllPaths`](/sql-reference/functions/json-functions#JSONAllPaths) function. This allows skipping granules where a queried JSON path is absent. See [Data skipping indexes for JSON](/sql-reference/data-types/newjson#data-skipping-indexes-for-json) for details.
:::

#### N-gram bloom filter *(Deprecated)* {#n-gram-bloom-filter}

:::note
With general availability (GA) of the `text` index starting from ClickHouse version 26.2, the `ngrambf_v1` index is no longer recommended for full text search.

See page [""Full-text search with text indexes""](./textindexes.md) for details.
:::

For each index granule stores a [bloom filter](https://en.wikipedia.org/wiki/Bloom_filter) for the [n-grams](https://en.wikipedia.org/wiki/N-gram) of the specified columns.

```text title=""Syntax""
ngrambf_v1(n, size_of_bloom_filter_in_bytes, number_of_hash_functions, random_seed)
```

| Parameter                       | Description |
|---------------------------------|-------------|
| `n`                             | ngram size  |
| `size_of_bloom_filter_in_bytes` | Bloom filter size in bytes. You can use a large value here, for example, `256` or `512`, because it can be compressed well).|
|`number_of_hash_functions`       |The number of hash functions used in the bloom filter.|
|`random_seed` |Seed for the bloom filter hash functions.|

This index only works with the following data types:
- [`String`](/sql-reference/data-types/string.md)
- [`FixedString`](/sql-reference/data-types/fixedstring.md)
- [`Map`](/sql-reference/data-types/map.md)

To estimate the parameters of `ngrambf_v1`, you can use the following [User Defined Functions (UDFs)](/sql-reference/statements/create/function.md).

```sql title=""UDFs for ngrambf_v1""
CREATE FUNCTION bfEstimateFunctions [ON CLUSTER cluster]
AS
(total_number_of_all_grams, size_of_bloom_filter_in_bits) -> round((size_of_bloom_filter_in_bits / total_number_of_all_grams) * log(2));

CREATE FUNCTION bfEstimateBmSize [ON CLUSTER cluster]
AS
(total_number_of_all_grams, probability_of_false_positives) -> ceil((total_number_of_all_grams * log(probability_of_false_positives)) / log(1 / pow(2, log(2))));

CREATE FUNCTION bfEstimateFalsePositive [ON CLUSTER cluster]
AS
(total_number_of_all_grams, number_of_hash_functions, size_of_bloom_filter_in_bytes) -> pow(1 - exp(-number_of_hash_functions/ (size_of_bloom_filter_in_bytes / total_number_of_all_grams)), number_of_hash_functions);

CREATE FUNCTION bfEstimateGramNumber [ON CLUSTER cluster]
AS
(number_of_hash_functions, probability_of_false_positives, size_of_bloom_filter_in_bytes) -> ceil(size_of_bloom_filter_in_bytes / (-number_of_hash_functions / log(1 - exp(log(probability_of_false_positives) / number_of_hash_functions))))
```

To use these functions, you need to specify at least two parameters:
- `total_number_of_all_grams`
- `probability_of_false_positives`

For example, there are `4300` ngrams in the granule and you expect false positives to be less than `0.0001`.
The other parameters can then be estimated by executing the following queries:

```sql
--- estimate number of bits in the filter
SELECT bfEstimateBmSize(4300, 0.0001) / 8 AS size_of_bloom_filter_in_bytes;

┌─size_of_bloom_filter_in_bytes─┐
│                         10304 │
└───────────────────────────────┘

--- estimate number of hash functions
SELECT bfEstimateFunctions(4300, bfEstimateBmSize(4300, 0.0001)) as number_of_hash_functions

┌─number_of_hash_functions─┐
│                       13 │
└──────────────────────────┘
```

Of course, you can also use those functions to estimate parameters for other conditions.
The functions above refer to the bloom filter calculator [here](https://hur.st/bloomfilter).

#### Token bloom filter {#token-bloom-filter}

:::note
With general availability (GA) of the `text` index starting from ClickHouse version 26.2, the `tokenbf_v1` index is no longer recommended for full text search.

See page [""Full-text search with text indexes""](./textindexes.md) for details.
:::

```text title=""Syntax""
tokenbf_v1(size_of_bloom_filter_in_bytes, number_of_hash_functions, random_seed)
```

#### Sparse grams bloom filter {#sparse-grams-bloom-filter}

The sparse grams bloom filter is similar to `ngrambf_v1` but uses [sparse grams tokens](/sql-reference/functions/string-functions.md/#sparseGrams) instead of ngrams.

```text title=""Syntax""
sparse_grams(min_ngram_length, max_ngram_length, min_cutoff_length, size_of_bloom_filter_in_bytes, number_of_hash_functions, random_seed)
```

### Text index {#text}

Builds an inverted index over tokenized string data, enabling efficient and deterministic full-text search. See [here](textindexes.md) for details.

#### Vector similarity {#vector-similarity}

Supports approximate nearest neighbor search, see [here](annindexes.md) for details.

### Functions support {#functions-support}

Conditions in the `WHERE` clause contains calls of the functions that operate with columns. If the column is a part of an index, ClickHouse tries to use this index when performing the functions. ClickHouse supports different subsets of functions for using indexes.

Indexes of type `set` can be utilized by all functions. The other index types are supported as follows:

| Function (operator) / Index                                                                                                    | primary key | minmax | ngrambf_v1 | tokenbf_v1 | bloom_filter | sparse_grams | text |
|--------------------------------------------------------------------------------------------------------------------------------|-------------|--------|------------|------------|--------------|--------------|------|
| [equals (=, ==)](/sql-reference/functions/comparison-functions.md/#equals)                                                     | ✔           | ✔      | ✔          | ✔          | ✔            | ✔            | ✔    |
| [notEquals(!=, &lt;&gt;)](/sql-reference/functions/comparison-functions.md/#notEquals)                                         | ✔           | ✔      | ✔          | ✔          | ✔            | ✔            | ✗    |
| [like](/sql-reference/functions/string-search-functions.md/#like)                                                              | ✔           | ✔      | ✔          | ✔          | ✗            | ✔            | ✔    |
| [notLike](/sql-reference/functions/string-search-functions.md/#notLike)                                                        | ✔           | ✔      | ✔          | ✔          | ✗            | ✔            | ✗    |
| [match](/sql-reference/functions/string-search-functions.md/#match)                                                            | ✗           | ✗      | ✔          | ✔          | ✗            | ✔            | ✔    |
| [startsWith](/sql-reference/functions/string-functions.md/#startsWith)                                                         | ✔           | ✔      | ✔          | ✔          | ✗            | ✔            | ✔    |
| [endsWith](/sql-reference/functions/string-functions.md/#endsWith)                                                             | ✗           | ✗      | ✔          | ✔          | ✗            | ✔            | ✔    |
| [multiSearchAny](/sql-reference/functions/string-search-functions.md/#multiSearchAny)                                          | ✗           | ✗      | ✔          | ✗          | ✗            | ✗            | ✗    |
| [in](/sql-reference/functions/in-functions)                                                                                    | ✔           | ✔      | ✔          | ✔          | ✔            | ✔            | ✔    |
| [notIn](/sql-reference/functions/in-functions)                                                                                 | ✔           | ✔      | ✔          | ✔          | ✔            | ✔            | ✗    |
| [less (`<`)](/sql-reference/functions/comparison-functions.md/#less)                                                           | ✔           | ✔      | ✗          | ✗          | ✗            | ✗            | ✗    |
| [greater (`>`)](/sql-reference/functions/comparison-functions.md/#greater)                                                     | ✔           | ✔      | ✗          | ✗          | ✗            | ✗            | ✗    |
| [lessOrEquals (`<=`)](/sql-reference/functions/comparison-functions.md/#lessOrEquals)                                          | ✔           | ✔      | ✗          | ✗          | ✗            | ✗            | ✗    |
| [greaterOrEquals (`>=`)](/sql-reference/functions/comparison-functions.md/#greaterOrEquals)                                    | ✔           | ✔      | ✗          | ✗          | ✗            | ✗            | ✗    |
| [empty](/sql-reference/functions/array-functions/#empty)                                                                       | ✔           | ✔      | ✗          | ✗          | ✗            | ✗            | ✗    |
| [notEmpty](/sql-reference/functions/array-functions/#notEmpty)                                                                 | ✗           | ✔      | ✗          | ✗          | ✗            | ✔            | ✗    |
| [has](/sql-reference/functions/array-functions#has)                                                                            | ✔           | ✔      | ✔          | ✔          | ✔            | ✔            | ✔    |
| [hasAny](/sql-reference/functions/array-functions#hasAny)                                                                      | ✗           | ✗      | ✔          | ✔          | ✔            | ✔            | ✗    |
| [hasAll](/sql-reference/functions/array-functions#hasAll)                                                                      | ✗           | ✗      | ✔          | ✔          | ✔            | ✔            | ✗    |
| [hasToken](/sql-reference/functions/string-search-functions.md/#hasToken)                                                      | ✗           | ✗      | ✗          | ✔          | ✗            | ✗            | ✔    |
| [hasTokenOrNull](/sql-reference/functions/string-search-functions.md/#hasTokenOrNull)                                          | ✗           | ✗      | ✗          | ✔          | ✗            | ✗            | ✔    |
| [hasTokenCaseInsensitive (`*`)](/sql-reference/functions/string-search-functions.md/#hasTokenCaseInsensitive)                  | ✗           | ✗      | ✗          | ✔          | ✗            | ✗            | ✗    |
| [hasTokenCaseInsensitiveOrNull (`*`)](/sql-reference/functions/string-search-functions.md/#hasTokenCaseInsensitiveOrNull)      | ✗           | ✗      | ✗          | ✔          | ✗            | ✗            | ✗    |
| [hasAnyTokens](/sql-reference/functions/string-search-functions.md/#hasAnyTokens)                                              | ✗           | ✗      | ✗          | ✗          | ✗            | ✗            | ✔    |
| [hasAllTokens](/sql-reference/functions/string-search-functions.md/#hasAllTokens)                                              | ✗           | ✗      | ✗          | ✗          | ✗            | ✗            | ✔    |
| [pointInPolygon](/sql-reference/functions/geo/coordinates.md#pointinpolygon)                                                   | ✔           | ✔      | ✗          | ✗          | ✗            | ✗            |  ✗    |
| [mapContains (mapContainsKey)](/sql-reference/functions/tuple-map-functions#mapContainsKey)                                    | ✗           | ✗      | ✗          | ✗          | ✗            | ✗            | ✔    |
| [mapContainsKeyLike](/sql-reference/functions/tuple-map-functions#mapContainsKeyLike)                                          | ✗           | ✗      | ✗          | ✗          | ✗            | ✗            | ✔    |
| [mapContainsValue](/sql-reference/functions/tuple-map-functions#mapContainsValue)                                              | ✗           | ✗      | ✗          | ✗          | ✗            | ✗            | ✔    |
| [mapContainsValueLike](/sql-reference/functions/tuple-map-functions#mapContainsValueLike)                                      | ✗           | ✗      | ✗          | ✗          | ✗            | ✗            | ✔    |

Functions with a constant argument that is less than ngram size can't be used by `ngrambf_v1` for query optimization.

(*) For `hasTokenCaseInsensitive` and `hasTokenCaseInsensitiveOrNull` to be effective, the `tokenbf_v1` index must be created on lowercased data, for example `INDEX idx (lower(str_col)) TYPE tokenbf_v1(512, 3, 0)`.

:::note
Bloom filters can have false positive matches, so the `ngrambf_v1`, `tokenbf_v1`, `sparse_grams`, and `bloom_filter` indexes can not be used for optimizing queries where the result of a function is expected to be false.

For example:

- Can be optimized:
  - `s LIKE '%test%'`
  - `NOT s NOT LIKE '%test%'`
  - `s = 1`
  - `NOT s != 1`
  - `startsWith(s, 'test')`
- Can not be optimized:
  - `NOT s LIKE '%test%'`
  - `s NOT LIKE '%test%'`
  - `NOT s = 1`
  - `s != 1`
  - `NOT startsWith(s, 'test')`
:::

## Projections {#projections}
Projections are like [materialized views](/sql-reference/statements/create/view) but defined in part-level. It provides consistency guarantees along with automatic usage in queries.

:::note
When you are implementing projections you should also consider the [force_optimize_projection](/operations/settings/settings#force_optimize_projection) setting.
:::

Projections are not supported in the `SELECT` statements with the [FINAL](/sql-reference/statements/select/from#final-modifier) modifier.

### Projection query {#projection-query}
A projection query is what defines a projection. It implicitly selects data from the parent table.
**Syntax**

```sql
SELECT <column list expr> [GROUP BY] <group keys expr> [ORDER BY] <expr>
```

Projections can be modified or dropped with the [ALTER](/sql-reference/statements/alter/projection.md) statement.

### Projection indexes {#projection-index}

Projection indexes extend the projection subsystem by providing a lightweight and explicit way to define projection-level indexes.
Externally, a projection index is still a projection, but with simplified syntax and clearer intent: it defines an expression which is dedicated to filtering, rather than serving materialized data.
Internally, a projection index does not materialize the original table in permuted row order like a regular projection.
Instead, the permutation is stored in the form of a numeric permutation column `_part_offset`, i.e. `SELECT _part_offset ORDER BY <index_expr>`.

#### Syntax {#projection-index-syntax}

```sql
PROJECTION <name> INDEX <index_expr> TYPE <index_type>
```

Example:

```sql
CREATE TABLE example
(
    id UInt64,
    region String,
    user_id UInt32,
    PROJECTION region_proj INDEX region TYPE basic,
    PROJECTION uid_proj INDEX user_id TYPE basic
)
ENGINE = MergeTree
ORDER BY id;
```

#### Index types {#projection-index-types}

Currently supported:

* **basic**: equivalent to a normal MergeTree index on the expression.

The framework allows adding more index types in the future.

### Projection storage {#projection-storage}
Projections are stored inside the part directory. It's similar to an index but contains a subdirectory that stores an anonymous `MergeTree` table's part. The table is induced by the definition query of the projection. If there is a `GROUP BY` clause, the underlying storage engine becomes [AggregatingMergeTree](aggregatingmergetree.md), and all aggregate functions are converted to `AggregateFunction`. If there is an `ORDER BY` clause, the `MergeTree` table uses it as its primary key expression. During the merge process the projection part is merged via its storage's merge routine. The checksum of the parent table's part is combined with the projection's part. Other maintenance jobs are similar to skip indices.

### Query analysis {#projection-query-analysis}
1. Check if the projection can be used to answer the given query, that is, it generates the same answer as querying the base table.
2. Select the best feasible match, which contains the least granules to read.
3. The query pipeline which uses projections will be different from the one that uses the original parts. If the projection is absent in some parts, we can add the pipeline to ""project"" it on the fly.

## Concurrent data access {#concurrent-data-access}

For concurrent table access, we use multi-versioning. In other words, when a table is simultaneously read and updated, data is read from a set of parts that is current at the time of the query. There are no lengthy locks. Inserts do not get in the way of read operations.

Reading from a table is automatically parallelized.

## TTL for columns and tables {#table_engine-mergetree-ttl}

Determines the lifetime of values.

The `TTL` clause can be set for the whole table and for each individual column. Table-level `TTL` can also specify the logic of automatic moving data between disks and volumes, or recompressing parts where all the data has been expired.

Expressions must evaluate to [Date](/sql-reference/data-types/date.md), [Date32](/sql-reference/data-types/date32.md), [DateTime](/sql-reference/data-types/datetime.md) or [DateTime64](/sql-reference/data-types/datetime64.md) data type.

:::tip[Avoid non-deterministic functions in TTL expressions]
TTL is evaluated during background merges, and not at insert time.
Functions like `rand()`, `now()`, or `now64()` will be re-evaluated on every merge, leading to unpredictable deletion behavior.
ClickHouse blocks expressions with no column dependency at all, but does not currently reject non-deterministic functions mixed with a column reference (e.g. `ts + rand()`). TTL expressions should be based solely on deterministic, column-derived values for predictable results.
:::

**Syntax**

Setting time-to-live for a column:

```sql
TTL time_column
TTL time_column + interval
```

To define `interval`, use [time interval](/sql-reference/operators#operators-for-working-with-dates-and-times) operators, for example:

```sql
TTL date_time + INTERVAL 1 MONTH
TTL date_time + INTERVAL 15 HOUR
```

### Column TTL {#mergetree-column-ttl}

When the values in the column expire, ClickHouse replaces them with the default values for the column data type. If all the column values in the data part expire, ClickHouse deletes this column from the data part in a filesystem.

The `TTL` clause can't be used for key columns.

**Examples**

#### Creating a table with `TTL`: {#creating-a-table-with-ttl}

```sql
CREATE TABLE tab
(
    d DateTime,
    a Int TTL d + INTERVAL 1 MONTH,
    b Int TTL d + INTERVAL 1 MONTH,
    c String
)
ENGINE = MergeTree
PARTITION BY toYYYYMM(d)
ORDER BY d;
```

#### Adding TTL to a column of an existing table {#adding-ttl-to-a-column-of-an-existing-table}

```sql
ALTER TABLE tab
    MODIFY COLUMN
    c String TTL d + INTERVAL 1 DAY;
```

#### Altering TTL of the column {#altering-ttl-of-the-column}

```sql
ALTER TABLE tab
    MODIFY COLUMN
    c String TTL d + INTERVAL 1 MONTH;
```

### Table TTL {#mergetree-table-ttl}

Table can have an expression for removal of expired rows, and multiple expressions for automatic move of parts between [disks or volumes](#table_engine-mergetree-multiple-volumes). When rows in the table expire, ClickHouse deletes all corresponding rows. For parts moving or recompressing, all rows of a part must satisfy the `TTL` expression criteria.

```sql
TTL expr
    [DELETE|RECOMPRESS codec_name1|TO DISK 'xxx'|TO VOLUME 'xxx'][, DELETE|RECOMPRESS codec_name2|TO DISK 'aaa'|TO VOLUME 'bbb'] ...
    [WHERE conditions]
    [GROUP BY key_expr [SET v1 = aggr_func(v1) [, v2 = aggr_func(v2) ...]] ]
```

Type of TTL rule may follow each TTL expression. It affects an action which is to be done once the expression is satisfied (reaches current time):

- `DELETE` - delete expired rows (default action);
- `RECOMPRESS codec_name` - recompress data part with the `codec_name`;
- `TO DISK 'aaa'` - move part to the disk `aaa`;
- `TO VOLUME 'bbb'` - move part to the disk `bbb`;
- `GROUP BY` - aggregate expired rows.

`DELETE` action can be used together with `WHERE` clause to delete only some of the expired rows based on a filtering condition:
```sql
TTL time_column + INTERVAL 1 MONTH DELETE WHERE column = 'value'
```

`GROUP BY` expression must be a prefix of the table primary key.

If a column is not part of the `GROUP BY` expression and is not set explicitly in the `SET` clause, in result row it contains an occasional value from the grouped rows (as if aggregate function `any` is applied to it).

**Examples**

#### Creating a table with `TTL`: {#creating-a-table-with-ttl-1}

```sql
CREATE TABLE tab
(
    d DateTime,
    a Int
)
ENGINE = MergeTree
PARTITION BY toYYYYMM(d)
ORDER BY d
TTL d + INTERVAL 1 MONTH DELETE,
    d + INTERVAL 1 WEEK TO VOLUME 'aaa',
    d + INTERVAL 2 WEEK TO DISK 'bbb';
```

#### Altering `TTL` of the table: {#altering-ttl-of-the-table}

```sql
ALTER TABLE tab
    MODIFY TTL d + INTERVAL 1 DAY;
```

Creating a table, where the rows are expired after one month. The expired rows where dates are Mondays are deleted:

```sql
CREATE TABLE table_with_where
(
    d DateTime,
    a Int
)
ENGINE = MergeTree
PARTITION BY toYYYYMM(d)
ORDER BY d
TTL d + INTERVAL 1 MONTH DELETE WHERE toDayOfWeek(d) = 1;
```

#### Creating a table, where expired rows are recompressed: {#creating-a-table-where-expired-rows-are-recompressed}

```sql
CREATE TABLE table_for_recompression
(
    d DateTime,
    key UInt64,
    value String
) ENGINE MergeTree()
ORDER BY tuple()
PARTITION BY key
TTL d + INTERVAL 1 MONTH RECOMPRESS CODEC(ZSTD(17)), d + INTERVAL 1 YEAR RECOMPRESS CODEC(LZ4HC(10))
SETTINGS min_rows_for_wide_part = 0, min_bytes_for_wide_part = 0;
```

Creating a table, where expired rows are aggregated. In result rows `x` contains the maximum value across the grouped rows, `y` — the minimum value, and `d` — any occasional value from grouped rows.

```sql
CREATE TABLE table_for_aggregation
(
    d DateTime,
    k1 Int,
    k2 Int,
    x Int,
    y Int
)
ENGINE = MergeTree
ORDER BY (k1, k2)
TTL d + INTERVAL 1 MONTH GROUP BY k1, k2 SET x = max(x), y = min(y);
```

### Removing expired data {#mergetree-removing-expired-data}

Data with an expired `TTL` is removed when ClickHouse merges data parts.

When ClickHouse detects that data is expired, it performs an off-schedule merge. To control the frequency of such merges, you can set `merge_with_ttl_timeout`. If the value is too low, it will perform many off-schedule merges that may consume a lot of resources.

If you perform the `SELECT` query between merges, you may get expired data. To avoid it, use the [OPTIMIZE](/sql-reference/statements/optimize.md) query before `SELECT`.

**See Also**

- [ttl_only_drop_parts](/operations/settings/merge-tree-settings#ttl_only_drop_parts) setting

## Disk types {#disk-types}

In addition to local block devices, ClickHouse supports these storage types:
- [`s3` for S3 and MinIO](#table_engine-mergetree-s3)
- [`gcs` for GCS](/integrations/data-ingestion/gcs/index.md/#creating-a-disk)
- [`blob_storage_disk` for Azure Blob Storage](/operations/storing-data#azure-blob-storage)
- [`hdfs` for HDFS](/engines/table-engines/integrations/hdfs)
- [`web` for read-only from web](/operations/storing-data#web-storage)
- [`cache` for local caching](/operations/storing-data#using-local-cache)
- [`s3_plain` for backups to S3](/operations/backup/disk)
- [`s3_plain_rewritable` for immutable, non-replicated tables in S3](/operations/storing-data.md#s3-plain-rewritable-storage)

## Using multiple block devices for data storage {#table_engine-mergetree-multiple-volumes}

### Introduction {#introduction}

`MergeTree` family table engines can store data on multiple block devices. For example, it can be useful when the data of a certain table are implicitly split into ""hot"" and ""cold"". The most recent data is regularly requested but requires only a small amount of space. On the contrary, the fat-tailed historical data is requested rarely. If several disks are available, the ""hot"" data may be located on fast disks (for example, NVMe SSDs or in memory), while the ""cold"" data - on relatively slow ones (for example, HDD).

This applies to all disk types, including S3 and other object storage disks. For example, you can spread data across multiple S3 buckets within a single volume, or create tiered policies that move data from local disks to S3. See [Using S3 disks with multiple volumes](#s3-multiple-volumes) for details.

Data part is the minimum movable unit for `MergeTree`-engine tables. The data belonging to one part are stored on one disk. Data parts can be moved between disks in the background (according to user settings) as well as by means of the [ALTER](/sql-reference/statements/alter/partition) queries.

### Terms {#terms}

- Disk — Block device mounted to the filesystem.
- Default disk — Disk that stores the path specified in the [path](/operations/server-configuration-parameters/settings.md/#path) server setting.
- Volume — Ordered set of equal disks (similar to [JBOD](https://en.wikipedia.org/wiki/Non-RAID_drive_architectures)).
- Storage policy — Set of volumes and the rules for moving data between them.

The names given to the described entities can be found in the system tables, [system.storage_policies](/operations/system-tables/storage_policies) and [system.disks](/operations/system-tables/disks). To apply one of the configured storage policies for a table, use the `storage_policy` setting of `MergeTree`-engine family tables.

### Configuration {#table_engine-mergetree-multiple-volumes_configure}

Disks, volumes and storage policies should be declared inside the `<storage_configuration>` tag either in a file in the `config.d` directory.

:::tip
Disks can also be declared in the `SETTINGS` section of a query.  This is useful
for ad-hoc analysis to temporarily attach a disk that is, for example, hosted at a URL.
See [dynamic storage](/operations/storing-data#dynamic-configuration) for more details.
:::

Configuration structure:

```xml
<storage_configuration>
    <disks>
        <disk_name_1> <!-- disk name -->
            <path>/mnt/fast_ssd/clickhouse/</path>
        </disk_name_1>
        <disk_name_2>
            <path>/mnt/hdd1/clickhouse/</path>
            <keep_free_space_bytes>10485760</keep_free_space_bytes>
        </disk_name_2>
        <disk_name_3>
            <path>/mnt/hdd2/clickhouse/</path>
            <keep_free_space_bytes>10485760</keep_free_space_bytes>
        </disk_name_3>

        ...
    </disks>

    ...
</storage_configuration>
```

Tags:

- `<disk_name_N>` — Disk name. Names must be different for all disks.
- `path` — path under which a server will store data (`data` and `shadow` folders), should be terminated with '/'.
- `keep_free_space_bytes` — the amount of free disk space to be reserved.

The order of the disk definition is not important.

Storage policies configuration markup:

```xml
<storage_configuration>
    ...
    <policies>
        <policy_name_1>
            <volumes>
                <volume_name_1>
                    <disk>disk_name_from_disks_configuration</disk>
                    <max_data_part_size_bytes>1073741824</max_data_part_size_bytes>
                    <load_balancing>round_robin</load_balancing>
                </volume_name_1>
                <volume_name_2>
                    <!-- configuration -->
                </volume_name_2>
                <!-- more volumes -->
            </volumes>
            <move_factor>0.2</move_factor>
        </policy_name_1>
        <policy_name_2>
            <!-- configuration -->
        </policy_name_2>

        <!-- more policies -->
    </policies>
    ...
</storage_configuration>
```

Tags:

- `policy_name_N` — Policy name. Policy names must be unique.
- `volume_name_N` — Volume name. Volume names must be unique.
- `disk` — a disk within a volume.
- `max_data_part_size_bytes` — the maximum size of a part that can be stored on any of the volume's disks. If the a size of a merged part estimated to be bigger than `max_data_part_size_bytes` then this part will be written to a next volume. Basically this feature allows to keep new/small parts on a hot (SSD) volume and move them to a cold (HDD) volume when they reach large size. Do not use this setting if your policy has only one volume.
- `move_factor` — when the amount of available space gets lower than this factor, data automatically starts to move on the next volume if any (by default, 0.1). ClickHouse sorts existing parts by size from largest to smallest (in descending order) and selects parts with the total size that is sufficient to meet the `move_factor` condition. If the total size of all parts is insufficient, all parts will be moved.
- `perform_ttl_move_on_insert` — Disables TTL move on data part INSERT. By default (if enabled) if we insert a data part that already expired by the TTL move rule it immediately goes to a volume/disk declared in move rule. This can significantly slowdown insert in case if destination volume/disk is slow (e.g. S3). If disabled then already expired data part is written into a default volume and then right after moved to TTL volume.
- `load_balancing` - Policy for disk balancing, `round_robin` or `least_used`.
- `least_used_ttl_ms` - Configure timeout (in milliseconds) for the updating available space on all disks (`0` - update always, `-1` - never update, default is `60000`). Note, if the disk can be used by ClickHouse only and is not subject to a online filesystem resize/shrink you can use `-1`, in all other cases it is not recommended, since eventually it will lead to incorrect space distribution.
- `prefer_not_to_merge` — You should not use this setting. Disables merging of data parts on this volume (this is harmful and leads to performance degradation). When this setting is enabled (don't do it), merging data on this volume is not allowed (which is bad). This allows (but you don't need it) controlling (if you want to control something, you're making a mistake) how ClickHouse works with slow disks (but ClickHouse knows better, so please don't use this setting).
- `volume_priority` — Defines the priority (order) in which volumes are filled. Lower value means higher priority. The parameter values should be natural numbers and collectively cover the range from 1 to N (lowest priority given) without skipping any numbers.
  * If _all_ volumes are tagged, they are prioritized in given order.
  * If only _some_ volumes are tagged, those without the tag have the lowest priority, and they are prioritized in the order they are defined in config.
  * If _no_ volumes are tagged, their priority is set correspondingly to their order they are declared in configuration.
  * Two volumes cannot have the same priority value.

Configuration examples:

```xml
<storage_configuration>
    ...
    <policies>
        <hdd_in_order> <!-- policy name -->
            <volumes>
                <single> <!-- volume name -->
                    <disk>disk1</disk>
                    <disk>disk2</disk>
                </single>
            </volumes>
        </hdd_in_order>

        <moving_from_ssd_to_hdd>
            <volumes>
                <hot>
                    <disk>fast_ssd</disk>
                    <max_data_part_size_bytes>1073741824</max_data_part_size_bytes>
                </hot>
                <cold>
                    <disk>disk1</disk>
                </cold>
            </volumes>
            <move_factor>0.2</move_factor>
        </moving_from_ssd_to_hdd>

        <small_jbod_with_external_no_merges>
            <volumes>
                <main>
                    <disk>jbod1</disk>
                </main>
                <external>
                    <disk>external</disk>
                </external>
            </volumes>
        </small_jbod_with_external_no_merges>
    </policies>
    ...
</storage_configuration>
```

In given example, the `hdd_in_order` policy implements the [round-robin](https://en.wikipedia.org/wiki/Round-robin_scheduling) approach. Thus this policy defines only one volume (`single`), the data parts are stored on all its disks in circular order. Such policy can be quite useful if there are several similar disks are mounted to the system, but RAID is not configured. Keep in mind that each individual disk drive is not reliable and you might want to compensate it with replication factor of 3 or more.

If there are different kinds of disks available in the system, `moving_from_ssd_to_hdd` policy can be used instead. The volume `hot` consists of an SSD disk (`fast_ssd`), and the maximum size of a part that can be stored on this volume is 1GB. All the parts with the size larger than 1GB will be stored directly on the `cold` volume, which contains an HDD disk `disk1`.
Also, once the disk `fast_ssd` gets filled by more than 80%, data will be transferred to the `disk1` by a background process.

The order of volume enumeration within a storage policy is important in case at least one of the volumes listed has no explicit `volume_priority` parameter.
Once a volume is overfilled, data are moved to the next one. The order of disk enumeration is important as well because data are stored on them in turns.

When creating a table, one can apply one of the configured storage policies to it:

```sql
CREATE TABLE table_with_non_default_policy (
    EventDate Date,
    OrderID UInt64,
    BannerID UInt64,
    SearchPhrase String
) ENGINE = MergeTree
ORDER BY (OrderID, BannerID)
PARTITION BY toYYYYMM(EventDate)
SETTINGS storage_policy = 'moving_from_ssd_to_hdd'
```

The `default` storage policy implies using only one volume, which consists of only one disk given in `<path>`.
You could change storage policy after table creation with [ALTER TABLE ... MODIFY SETTING] query, new policy should include all old disks and volumes with same names.

The number of threads performing background moves of data parts can be changed by [background_move_pool_size](/operations/server-configuration-parameters/settings.md/#background_move_pool_size) setting.

### Details {#details}

In the case of `MergeTree` tables, data is getting to disk in different ways:

- As a result of an insert (`INSERT` query).
- During background merges and [mutations](/sql-reference/statements/alter#mutations).
- When downloading from another replica.
- As a result of partition freezing [ALTER TABLE ... FREEZE PARTITION](/sql-reference/statements/alter/partition#freeze-partition).

In all these cases except for mutations and partition freezing, a part is stored on a volume and a disk according to the given storage policy:

1.  The first volume (in the order of definition) that has enough disk space for storing a part (`unreserved_space > current_part_size`) and allows for storing parts of a given size (`max_data_part_size_bytes > current_part_size`) is chosen.
2.  Within this volume, that disk is chosen that follows the one, which was used for storing the previous chunk of data, and that has free space more than the part size (`unreserved_space - keep_free_space_bytes > current_part_size`).

Under the hood, mutations and partition freezing make use of [hard links](https://en.wikipedia.org/wiki/Hard_link). Hard links between different disks are not supported, therefore in such cases the resulting parts are stored on the same disks as the initial ones.

In the background, parts are moved between volumes on the basis of the amount of free space (`move_factor` parameter) according to the order the volumes are declared in the configuration file.
Data is never transferred from the last one and into the first one. One may use system tables [system.part_log](/operations/system-tables/part_log) (field `type = MOVE_PART`) and [system.parts](/operations/system-tables/parts.md) (fields `path` and `disk`) to monitor background moves. Also, the detailed information can be found in server logs.

User can force moving a part or a partition from one volume to another using the query [ALTER TABLE ... MOVE PART\|PARTITION ... TO VOLUME\|DISK ...](/sql-reference/statements/alter/partition), all the restrictions for background operations are taken into account. The query initiates a move on its own and does not wait for background operations to be completed. User will get an error message if not enough free space is available or if any of the required conditions are not met.

Moving data does not interfere with data replication. Therefore, different storage policies can be specified for the same table on different replicas.

After the completion of background merges and mutations, old parts are removed only after a certain amount of time (`old_parts_lifetime`).
During this time, they are not moved to other volumes or disks. Therefore, until the parts are finally removed, they are still taken into account for evaluation of the occupied disk space.

User can assign new big parts to different disks of a [JBOD](https://en.wikipedia.org/wiki/Non-RAID_drive_architectures) volume in a balanced way using the [min_bytes_to_rebalance_partition_over_jbod](/operations/settings/merge-tree-settings.md/#min_bytes_to_rebalance_partition_over_jbod) setting.

## Using external storage for data storage {#table_engine-mergetree-s3}

[MergeTree](/engines/table-engines/mergetree-family/mergetree.md) family table engines can store data to `S3`, `AzureBlobStorage`, `HDFS` using a disk with types `s3`, `azure_blob_storage`, `hdfs` accordingly. See [configuring external storage options](/operations/storing-data.md/#configuring-external-storage) for more details.

Example for [S3](https://aws.amazon.com/s3/) as external storage using a disk with type `s3`.

Configuration markup:
```xml
<storage_configuration>
    ...
    <disks>
        <s3>
            <type>s3</type>
            <support_batch_delete>true</support_batch_delete>
            <endpoint>https://clickhouse-public-datasets.s3.amazonaws.com/my-bucket/root-path/</endpoint>
            <access_key_id>your_access_key_id</access_key_id>
            <secret_access_key>your_secret_access_key</secret_access_key>
            <region></region>
            <header>Authorization: Bearer SOME-TOKEN</header>
            <server_side_encryption_customer_key_base64>your_base64_encoded_customer_key</server_side_encryption_customer_key_base64>
            <server_side_encryption_kms_key_id>your_kms_key_id</server_side_encryption_kms_key_id>
            <server_side_encryption_kms_encryption_context>your_kms_encryption_context</server_side_encryption_kms_encryption_context>
            <server_side_encryption_kms_bucket_key_enabled>true</server_side_encryption_kms_bucket_key_enabled>
            <proxy>
                <uri>http://proxy1</uri>
                <uri>http://proxy2</uri>
            </proxy>
            <connect_timeout_ms>10000</connect_timeout_ms>
            <request_timeout_ms>5000</request_timeout_ms>
            <retry_attempts>10</retry_attempts>
            <single_read_retries>4</single_read_retries>
            <min_bytes_for_seek>1000</min_bytes_for_seek>
            <metadata_path>/var/lib/clickhouse/disks/s3/</metadata_path>
            <skip_access_check>false</skip_access_check>
        </s3>
        <s3_cache>
            <type>cache</type>
            <disk>s3</disk>
            <path>/var/lib/clickhouse/disks/s3_cache/</path>
            <max_size>10Gi</max_size>
        </s3_cache>
    </disks>
    ...
</storage_configuration>
```

Also see [configuring external storage options](/operations/storing-data.md/#configuring-external-storage).

### Using S3 disks with multiple volumes {#s3-multiple-volumes}

S3 (and other object storage) disks can be used in multi-disk and multi-volume storage policies the same way as local disks. This allows you to spread data across multiple S3 buckets within a single volume (JBOD-style), or set up tiered storage policies with S3 volumes.

For example, to distribute data across two S3 buckets in a round-robin fashion:

```xml
<storage_configuration>
    <disks>
        <s3_bucket1>
            <type>s3</type>
            <endpoint>https://s3.amazonaws.com/bucket-1/data/</endpoint>
            <access_key_id>your_access_key_id</access_key_id>
            <secret_access_key>your_secret_access_key</secret_access_key>
        </s3_bucket1>
        <s3_bucket2>
            <type>s3</type>
            <endpoint>https://s3.amazonaws.com/bucket-2/data/</endpoint>
            <access_key_id>your_access_key_id</access_key_id>
            <secret_access_key>your_secret_access_key</secret_access_key>
        </s3_bucket2>
    </disks>
    <policies>
        <s3_multi_bucket>
            <volumes>
                <main>
                    <disk>s3_bucket1</disk>
                    <disk>s3_bucket2</disk>
                </main>
            </volumes>
        </s3_multi_bucket>
    </policies>
</storage_configuration>
```

You can also combine local and S3 volumes in a tiered policy, for example moving data from a local SSD to S3 as it ages:

```xml
<storage_configuration>
    <disks>
        <local_ssd>
            <path>/mnt/fast_ssd/clickhouse/</path>
        </local_ssd>
        <s3_cold>
            <type>s3</type>
            <endpoint>https://s3.amazonaws.com/cold-storage/data/</endpoint>
            <access_key_id>your_access_key_id</access_key_id>
            <secret_access_key>your_secret_access_key</secret_access_key>
        </s3_cold>
    </disks>
    <policies>
        <local_to_s3>
            <volumes>
                <hot>
                    <disk>local_ssd</disk>
                    <max_data_part_size_bytes>1073741824</max_data_part_size_bytes>
                </hot>
                <cold>
                    <disk>s3_cold</disk>
                </cold>
            </volumes>
            <move_factor>0.2</move_factor>
        </local_to_s3>
    </policies>
</storage_configuration>
```

:::note
When using `use_environment_credentials` for S3 authentication, the environment credentials (`AWS_ACCESS_KEY_ID`, `AWS_SECRET_ACCESS_KEY`, `AWS_SESSION_TOKEN`) are shared across all S3 disks. It is not possible to use different environment credentials for different disks. If you need different credentials for each S3 disk, use explicit `access_key_id` and `secret_access_key` settings per disk instead.
:::

It is possible to set up non-replicated MergeTree tables with a one-writer, many-readers scenario on shared storage. This is provided by the automatic refresh of the parts list, which can be set up on readers. Note that this requires shared filesystem metadata across replicas (or `table_disk = true` with a table-local disk). See [refresh_parts_interval and table_disk](/operations/storing-data.md/#refresh-parts-interval-and-table-disk).

:::note cache configuration
ClickHouse versions 22.3 through 22.7 use a different cache configuration, see [using local cache](/operations/storing-data.md/#using-local-cache) if you are using one of those versions.
:::

## Virtual columns {#virtual-columns}

- `_part` — Name of a part.
- `_part_index` — Sequential index of the part in the query result.
- `_part_starting_offset` — Cumulative starting row of the part in the query result.
- `_part_offset` — Number of row in the part.
- `_part_granule_offset` — Number of granule in the part.
- `_partition_id` — Name of a partition.
- `_part_uuid` — Unique part identifier (if enabled MergeTree setting `assign_part_uuids`).
- `_part_data_version` — Data version of part (either min block number or mutation version).
- `_partition_value` — Values (a tuple) of a `partition by` expression.
- `_sample_factor` — Sample factor (from the query).
- `_block_number` — Original number of block for row that was assigned at insert, persisted on merges when setting `enable_block_number_column` is enabled.
- `_block_offset` — Original number of row in block that was assigned at insert, persisted on merges when setting `enable_block_offset_column` is enabled.
- `_disk_name` — Disk name used for the storage.

## Column statistics {#column-statistics}

<CloudNotSupportedBadge/>

The statistics declaration is in the columns section of the `CREATE` query for tables from the `*MergeTree*` Family:

```sql
CREATE TABLE tab
(
    a Int64 STATISTICS(TDigest, Uniq),
    b Float64
)
ENGINE = MergeTree
ORDER BY a
```

We can also manipulate statistics with `ALTER` statements:

```sql
ALTER TABLE tab ADD STATISTICS b TYPE TDigest, Uniq;
ALTER TABLE tab DROP STATISTICS a;
```

These lightweight statistics aggregate information about distribution of values in columns. Statistics are stored in every part and updated when every insert comes.
They can be used for prewhere optimization only if we enable `set use_statistics = 1`.

#### Part Pruning with Statistics {#part-pruning-with-statistics}

When `use_statistics_for_part_pruning` is enabled, statistics can be used for part pruning.
Currently, only `MinMax` statistics support part pruning. When MinMax statistics are defined on a column, ClickHouse tracks the minimum and maximum values for that column in each part.
Part pruning allows to skip reading entire data parts when the query filter condition cannot match any rows in that part.

**Example:**

```sql
-- Create a table with MinMax statistics on the 'value' column
CREATE TABLE test_stats
(
    id UInt64,
    value Int64 STATISTICS(MinMax)
)
ENGINE = MergeTree
ORDER BY id;

SYSTEM STOP MERGES test_stats;

-- Insert data in separate inserts to create multiple parts
INSERT INTO test_stats SELECT number, number FROM numbers(1000); -- Part 1: value range [0, 999]
INSERT INTO test_stats SELECT number, number + 10000 FROM numbers(1000); -- Part 2: value range [10000, 10999]

SET use_statistics_for_part_pruning = 1;

-- This query will skip Part 1 entirely because its max value (999) < 5000
SELECT count() FROM test_stats WHERE value > 5000;

-- Use EXPLAIN to see the pruning effect
EXPLAIN indexes = 1 SELECT count() FROM test_stats WHERE value > 5000;
-- The output will show ""Parts: 1/2"" indicating one part was pruned
```

### Available types of column statistics {#available-types-of-column-statistics}

- `MinMax`

    The minimum and maximum column value which allows to estimate the selectivity of range filters on numeric columns.

    Syntax: `minmax`

- `TDigest`

    [TDigest](https://github.com/tdunning/t-digest) sketches which allow to compute approximate percentiles (e.g. the 90th percentile) for numeric columns.

    Syntax: `tdigest`

- `Uniq`

    [HyperLogLog](https://en.wikipedia.org/wiki/HyperLogLog) sketches which provide an estimation how many distinct values a column contains.

    Syntax: `uniq`

- `CountMin`

    [CountMin](https://en.wikipedia.org/wiki/Count%E2%80%93min_sketch) sketches which provide an approximate count of the frequency of each value in a column.

    Syntax `countmin`

### Supported data types {#supported-data-types}

|           | (U)Int*, Float*, Decimal(*), Date*, Boolean, Enum* | String or FixedString |
|-----------|----------------------------------------------------|-----------------------|
| CountMin  | ✔                                                  | ✔                     |
| MinMax    | ✔                                                  | ✗                     |
| TDigest   | ✔                                                  | ✗                     |
| Uniq      | ✔                                                  | ✔                     |

### Supported operations {#supported-operations}

|           | Equality filters (==) | Range filters (`>, >=, <, <=`) |
|-----------|-----------------------|------------------------------|
| CountMin  | ✔                     | ✗                            |
| MinMax    | ✗                     | ✔                            |
| TDigest   | ✗                     | ✔                            |
| Uniq      | ✔                     | ✗                            |

## Column-level settings {#column-level-settings}

Certain MergeTree settings can be overridden at column level:

- `max_compress_block_size` — Maximum size of blocks of uncompressed data before compressing for writing to a table.
- `min_compress_block_size` — Minimum size of blocks of uncompressed data required for compression when writing the next mark.

Example:

```sql
CREATE TABLE tab
(
    id Int64,
    document String SETTINGS (min_compress_block_size = 16777216, max_compress_block_size = 16777216)
)
ENGINE = MergeTree
ORDER BY id
```

Column-level settings can be modified or removed using [ALTER MODIFY COLUMN](/sql-reference/statements/alter/column.md), for example:

- Remove `SETTINGS` from column declaration:

```sql
ALTER TABLE tab MODIFY COLUMN document REMOVE SETTINGS;
```

- Modify a setting:

```sql
ALTER TABLE tab MODIFY COLUMN document MODIFY SETTING min_compress_block_size = 8192;
```

- Reset one or more settings, also removes the setting declaration in the column expression of the table's CREATE query.

```sql
ALTER TABLE tab MODIFY COLUMN document RESET SETTING min_compress_block_size;
```
","ENGINE = MergeTree() ORDER BY expr [PARTITION BY expr] [PRIMARY KEY expr] [SAMPLE BY expr] [TTL expr] [SETTINGS ...]","","","['ReplicatedMergeTree']"
"26.6.2.81","GraphiteMergeTree",1,1,1,1,1,0,0,1,"
This engine is designed for thinning and aggregating/averaging (rollup) [Graphite](http://graphite.readthedocs.io/en/latest/index.html) data. It may be helpful to developers who want to use ClickHouse as a data store for Graphite.

You can use any ClickHouse table engine to store the Graphite data if you do not need rollup, but if you need a rollup use `GraphiteMergeTree`. The engine reduces the volume of storage and increases the efficiency of queries from Graphite.

The engine inherits properties from [MergeTree](../../../engines/table-engines/mergetree-family/mergetree.md).

## Creating a table {#creating-table}

```sql
CREATE TABLE [IF NOT EXISTS] [db.]table_name [ON CLUSTER cluster]
(
    Path String,
    Time DateTime,
    Value Float64,
    Version <Numeric_type>
    ...
) ENGINE = GraphiteMergeTree(config_section)
[PARTITION BY expr]
[ORDER BY expr]
[SAMPLE BY expr]
[SETTINGS name=value, ...]
```

See a detailed description of the [CREATE TABLE](/sql-reference/statements/create/table) query.

A table for the Graphite data should have the following columns for the following data:

- Metric name (Graphite sensor). Data type: `String`.

- Time of measuring the metric. Data type: `DateTime`.

- Value of the metric. Data type: `Float64`.

- Version of the metric. Data type: any numeric (ClickHouse saves the rows with the highest version or the last written if versions are the same. Other rows are deleted during the merge of data parts).

The names of these columns should be set in the rollup configuration.

**GraphiteMergeTree parameters**

- `config_section` — Name of the section in the configuration file, where are the rules of rollup set.

**Query clauses**

When creating a `GraphiteMergeTree` table, the same [clauses](../../../engines/table-engines/mergetree-family/mergetree.md#table_engine-mergetree-creating-a-table) are required, as when creating a `MergeTree` table.

<details markdown=""1"">

<summary>Deprecated Method for Creating a Table</summary>

:::note
Do not use this method in new projects and, if possible, switch old projects to the method described above.
:::

```sql
CREATE TABLE [IF NOT EXISTS] [db.]table_name [ON CLUSTER cluster]
(
    EventDate Date,
    Path String,
    Time DateTime,
    Value Float64,
    Version <Numeric_type>
    ...
) ENGINE [=] GraphiteMergeTree(date-column [, sampling_expression], (primary, key), index_granularity, config_section)
```

All of the parameters excepting `config_section` have the same meaning as in `MergeTree`.

- `config_section` — Name of the section in the configuration file, where are the rules of rollup set.

</details>

## Rollup configuration {#rollup-configuration}

The settings for rollup are defined by the [graphite_rollup](../../../operations/server-configuration-parameters/settings.md#graphite) parameter in the server configuration. The name of the parameter could be any. You can create several configurations and use them for different tables.

Rollup configuration structure:

      required-columns
      patterns

### Required columns {#required-columns}

#### `path_column_name` {#path_column_name}

`path_column_name` — The name of the column storing the metric name (Graphite sensor). Default value: `Path`.

#### `time_column_name` {#time_column_name}
`time_column_name` — The name of the column storing the time of measuring the metric. Default value: `Time`.

#### `value_column_name` {#value_column_name}
`value_column_name` — The name of the column storing the value of the metric at the time set in `time_column_name`. Default value: `Value`.

#### `version_column_name` {#version_column_name}
`version_column_name` — The name of the column storing the version of the metric. Default value: `Timestamp`.

### Patterns {#patterns}

Structure of the `patterns` section:

```text
pattern
    rule_type
    regexp
    function
pattern
    rule_type
    regexp
    age + precision
    ...
pattern
    rule_type
    regexp
    function
    age + precision
    ...
pattern
    ...
default
    function
    age + precision
    ...
```

:::important
Patterns must be strictly ordered:

1. Patterns without `function` or `retention`.
1. Patterns with both `function` and `retention`.
1. Pattern `default`.
:::

When processing a row, ClickHouse checks the rules in the `pattern` sections. Each of `pattern` (including `default`) sections can contain `function` parameter for aggregation, `retention` parameters or both. If the metric name matches the `regexp`, the rules from the `pattern` section (or sections) are applied; otherwise, the rules from the `default` section are used.

Fields for `pattern` and `default` sections:

- `rule_type` - a rule's type. It's applied only to a particular metrics. The engine use it to separate plain and tagged metrics. Optional parameter. Default value: `all`.
It's unnecessary when performance is not critical, or only one metrics type is used, e.g. plain metrics. By default only one type of rules set is created. Otherwise, if any of special types is defined, two different sets are created. One for plain metrics (root.branch.leaf) and one for tagged metrics (root.branch.leaf;tag1=value1).
The default rules are ended up in both sets.
Valid values:
  - `all` (default) - a universal rule, used when `rule_type` is omitted.
  - `plain` - a rule for plain metrics. The field `regexp` is processed as regular expression.
  - `tagged` - a rule for tagged metrics (metrics are stored in DB in the format of `someName?tag1=value1&tag2=value2&tag3=value3`). Regular expression must be sorted by tags' names, first tag must be `__name__` if exists. The field `regexp` is processed as regular expression.
  - `tag_list` - a rule for tagged metrics, a simple DSL for easier metric description in graphite format `someName;tag1=value1;tag2=value2`, `someName`, or `tag1=value1;tag2=value2`. The field `regexp` is translated into a `tagged` rule. The sorting by tags' names is unnecessary, ti will be done automatically. A tag's value (but not a name) can be set as a regular expression, e.g. `env=(dev|staging)`.
- `regexp` – A pattern for the metric name (a regular or DSL).
- `age` – The minimum age of the data in seconds.
- `precision`– How precisely to define the age of the data in seconds. Should be a divisor for 86400 (seconds in a day).
- `function` – The name of the aggregating function to apply to data whose age falls within the range `[age, age + precision]`. Accepted functions: min / max / any / avg. The average is calculated imprecisely, like the average of the averages.

### Configuration Example without rules types {#configuration-example}

```xml
<graphite_rollup>
    <version_column_name>Version</version_column_name>
    <pattern>
        <regexp>click_cost</regexp>
        <function>any</function>
        <retention>
            <age>0</age>
            <precision>5</precision>
        </retention>
        <retention>
            <age>86400</age>
            <precision>60</precision>
        </retention>
    </pattern>
    <default>
        <function>max</function>
        <retention>
            <age>0</age>
            <precision>60</precision>
        </retention>
        <retention>
            <age>3600</age>
            <precision>300</precision>
        </retention>
        <retention>
            <age>86400</age>
            <precision>3600</precision>
        </retention>
    </default>
</graphite_rollup>
```

### Configuration Example with rules types {#configuration-typed-example}

```xml
<graphite_rollup>
    <version_column_name>Version</version_column_name>
    <pattern>
        <rule_type>plain</rule_type>
        <regexp>click_cost</regexp>
        <function>any</function>
        <retention>
            <age>0</age>
            <precision>5</precision>
        </retention>
        <retention>
            <age>86400</age>
            <precision>60</precision>
        </retention>
    </pattern>
    <pattern>
        <rule_type>tagged</rule_type>
        <regexp>^((.*)|.)min\?</regexp>
        <function>min</function>
        <retention>
            <age>0</age>
            <precision>5</precision>
        </retention>
        <retention>
            <age>86400</age>
            <precision>60</precision>
        </retention>
    </pattern>
    <pattern>
        <rule_type>tagged</rule_type>
        <regexp><![CDATA[^someName\?(.*&)*tag1=value1(&|$)]]></regexp>
        <function>min</function>
        <retention>
            <age>0</age>
            <precision>5</precision>
        </retention>
        <retention>
            <age>86400</age>
            <precision>60</precision>
        </retention>
    </pattern>
    <pattern>
        <rule_type>tag_list</rule_type>
        <regexp>someName;tag2=value2</regexp>
        <retention>
            <age>0</age>
            <precision>5</precision>
        </retention>
        <retention>
            <age>86400</age>
            <precision>60</precision>
        </retention>
    </pattern>
    <default>
        <function>max</function>
        <retention>
            <age>0</age>
            <precision>60</precision>
        </retention>
        <retention>
            <age>3600</age>
            <precision>300</precision>
        </retention>
        <retention>
            <age>86400</age>
            <precision>3600</precision>
        </retention>
    </default>
</graphite_rollup>
```

:::note
Data rollup is performed during merges. Usually, for old partitions, merges are not started, so for rollup it is necessary to trigger an unscheduled merge using [optimize](../../../sql-reference/statements/optimize.md). Or use additional tools, for example [graphite-ch-optimizer](https://github.com/innogames/graphite-ch-optimizer).
:::
","ENGINE = GraphiteMergeTree(config_section) ORDER BY expr","","","['MergeTree','ReplicatedGraphiteMergeTree']"
"26.6.2.81","CollapsingMergeTree",1,1,1,1,1,0,0,1,"
## Description {#description}

The `CollapsingMergeTree` engine inherits from [MergeTree](../../../engines/table-engines/mergetree-family/mergetree.md)
and adds logic for collapsing rows during the merge process.
The `CollapsingMergeTree` table engine asynchronously deletes (collapses)
pairs of rows if all the fields in a sorting key (`ORDER BY`) are equivalent except for the special field `Sign`,
which can have values of either `1` or `-1`.
Rows without a pair of opposite valued `Sign` are kept.

For more details, see the [Collapsing](#table_engine-collapsingmergetree-collapsing) section of the document.

:::note
This engine may significantly reduce the volume of storage,
increasing the efficiency of `SELECT` queries as a consequence.
:::

## Parameters {#parameters}

All parameters of this table engine, with the exception of the `Sign` parameter,
have the same meaning as in [`MergeTree`](/engines/table-engines/mergetree-family/mergetree).

- `Sign` — The name given to a column with the type of row where `1` is a ""state"" row and `-1` is a ""cancel"" row. Type: [Int8](/sql-reference/data-types/int-uint).

## Creating a table {#creating-a-table}

```sql
CREATE TABLE [IF NOT EXISTS] [db.]table_name [ON CLUSTER cluster]
(
    name1 [type1] [DEFAULT|MATERIALIZED|ALIAS expr1],
    name2 [type2] [DEFAULT|MATERIALIZED|ALIAS expr2],
    ...
)
ENGINE = CollapsingMergeTree(Sign)
[PARTITION BY expr]
[ORDER BY expr]
[SAMPLE BY expr]
[SETTINGS name=value, ...]
```

<details markdown=""1"">

<summary>Deprecated Method for Creating a Table</summary>

:::note
The method below is not recommended for use in new projects.
We advise, if possible, to update old projects to use the new method.
:::

```sql
CREATE TABLE [IF NOT EXISTS] [db.]table_name [ON CLUSTER cluster]
(
    name1 [type1] [DEFAULT|MATERIALIZED|ALIAS expr1],
    name2 [type2] [DEFAULT|MATERIALIZED|ALIAS expr2],
    ...
)
ENGINE [=] CollapsingMergeTree(date-column [, sampling_expression], (primary, key), index_granularity, Sign)
```

`Sign` — The name given to a column with the type of row where `1` is a ""state"" row and `-1` is a ""cancel"" row. [Int8](/sql-reference/data-types/int-uint).

</details>

- For a description of query parameters, see [query description](../../../sql-reference/statements/create/table.md).
- When creating a `CollapsingMergeTree` table, the same [query clauses](../../../engines/table-engines/mergetree-family/mergetree.md#table_engine-mergetree-creating-a-table) are required, as when creating a `MergeTree` table.

## Collapsing {#table_engine-collapsingmergetree-collapsing}

### Data {#data}

Consider the situation where you need to save continually changing data for some given object.
It may sound logical to have one row per object and update it anytime something changes,
however, update operations are expensive and slow for the DBMS because they require rewriting the data in storage.
If we need to write data quickly, performing large numbers of updates is not an acceptable approach,
but we can always write the changes of an object sequentially.
To do so, we make use of the special column `Sign`.

- If `Sign` = `1` it means that the row is a ""state"" row: _a row containing fields which represent a current valid state_.
- If `Sign` = `-1` it means that the row is a ""cancel"" row: _a row used for the cancellation of state of an object with the same attributes_.

For example, we want to calculate how many pages users checked on some website and how long they visited them for.
At some given moment in time, we write the following row with the state of user activity:

```text
┌──────────────UserID─┬─PageViews─┬─Duration─┬─Sign─┐
│ 4324182021466249494 │         5 │      146 │    1 │
└─────────────────────┴───────────┴──────────┴──────┘
```

At a later moment in time, we register the change of user activity and write it with the following two rows:

```text
┌──────────────UserID─┬─PageViews─┬─Duration─┬─Sign─┐
│ 4324182021466249494 │         5 │      146 │   -1 │
│ 4324182021466249494 │         6 │      185 │    1 │
└─────────────────────┴───────────┴──────────┴──────┘
```

The first row cancels the previous state of the object (representing a user in this case).
It should copy all the sorting key fields for the ""canceled"" row except for `Sign`.
The second row above contains the current state.

As we need only the last state of user activity, the original ""state"" row and the ""cancel""
row that we inserted can be deleted as shown below, collapsing the invalid (old) state of an object:

```text
┌──────────────UserID─┬─PageViews─┬─Duration─┬─Sign─┐
│ 4324182021466249494 │         5 │      146 │    1 │ -- old ""state"" row can be deleted
│ 4324182021466249494 │         5 │      146 │   -1 │ -- ""cancel"" row can be deleted
│ 4324182021466249494 │         6 │      185 │    1 │ -- new ""state"" row remains
└─────────────────────┴───────────┴──────────┴──────┘
```

`CollapsingMergeTree` carries out precisely this _collapsing_ behavior while merging of the data parts takes place.

:::note
The reason for why two rows are needed for each change
is further discussed in the [Algorithm](#table_engine-collapsingmergetree-collapsing-algorithm) paragraph.
:::

**The peculiarities of such an approach**

1.  The program that writes the data should remember the state of an object to be able to cancel it. The ""cancel"" row should contain copies of sorting key fields of the ""state"" and the opposite `Sign`. This increases the initial size of storage but allows us to write the data quickly.
2.  Long growing arrays in columns reduce the efficiency of the engine due to the increased load for writing. The more straightforward the data, the higher the efficiency.
3.  The `SELECT` results depend strongly on the consistency of the object change history. Be accurate when preparing data for inserting. You can get unpredictable results with inconsistent data. For example, negative values for non-negative metrics such as session depth.

### Algorithm {#table_engine-collapsingmergetree-collapsing-algorithm}

When ClickHouse merges data [parts](/concepts/glossary#parts),
each group of consecutive rows with the same sorting key (`ORDER BY`) is reduced to no more than two rows,
the ""state"" row with `Sign` = `1` and the ""cancel"" row with `Sign` = `-1`.
In other words, in ClickHouse entries collapse.

For each resulting data part ClickHouse saves:

|  |                                                                                                                                     |
|--|-------------------------------------------------------------------------------------------------------------------------------------|
|1.| The first ""cancel"" and the last ""state"" rows, if the number of ""state"" and ""cancel"" rows matches and the last row is a ""state"" row. |
|2.| The last ""state"" row, if there are more ""state"" rows than ""cancel"" rows.                                                            |
|3.| The first ""cancel"" row, if there are more ""cancel"" rows than ""state"" rows.                                                          |
|4.| None of the rows, in all other cases.                                                                                               |

Additionally, when there are at least two more ""state"" rows than ""cancel""
rows, or at least two more ""cancel"" rows than ""state"" rows, the merge continues.
ClickHouse, however, treats this situation as a logical error and records it in the server log.
This error can occur if the same data is inserted more than once.
Thus, collapsing should not change the results of calculating statistics.
Changes are gradually collapsed so that in the end only the last state of almost every object is left.

The `Sign` column is required because the merging algorithm does not guarantee
that all the rows with the same sorting key will be in the same resulting data part and even on the same physical server.
ClickHouse processes `SELECT` queries with multiple threads, and it cannot predict the order of rows in the result.

Aggregation is required if there is a need to get completely ""collapsed"" data from the `CollapsingMergeTree` table.
To finalize collapsing, write a query with the `GROUP BY` clause and aggregate functions that account for the sign.
For example, to calculate quantity, use `sum(Sign)` instead of `count()`.
To calculate the sum of something, use `sum(Sign * x)` together `HAVING sum(Sign) > 0` instead of `sum(x)`
as in the [example](#example-of-use) below.

The aggregates `count`, `sum` and `avg` could be calculated this way.
The aggregate `uniq` could be calculated if an object has at least one non-collapsed state.
The aggregates `min` and `max` could not be calculated
because `CollapsingMergeTree` does not save the history of the collapsed states.

:::note
If you need to extract data without aggregation
(for example, to check whether rows whose newest values match certain conditions are present),
you can use the [`FINAL`](../../../sql-reference/statements/select/from.md#final-modifier) modifier for the `FROM` clause. It will merge the data before returning the result.
For CollapsingMergeTree, only the latest state row for each key is returned.
:::

## Examples {#examples}

### Example of use {#example-of-use}

Given the following example data:

```text
┌──────────────UserID─┬─PageViews─┬─Duration─┬─Sign─┐
│ 4324182021466249494 │         5 │      146 │    1 │
│ 4324182021466249494 │         5 │      146 │   -1 │
│ 4324182021466249494 │         6 │      185 │    1 │
└─────────────────────┴───────────┴──────────┴──────┘
```

Let's create a table `UAct` using the `CollapsingMergeTree`:

```sql
CREATE TABLE UAct
(
    UserID UInt64,
    PageViews UInt8,
    Duration UInt8,
    Sign Int8
)
ENGINE = CollapsingMergeTree(Sign)
ORDER BY UserID
```

Next we will insert some data:

```sql
INSERT INTO UAct VALUES (4324182021466249494, 5, 146, 1)
```

```sql
INSERT INTO UAct VALUES (4324182021466249494, 5, 146, -1),(4324182021466249494, 6, 185, 1)
```

We use two `INSERT` queries to create two different data parts.

:::note
If we insert the data with a single query, ClickHouse creates only one data part and will not perform any merge ever.
:::

We can select the data using:

```sql
SELECT * FROM UAct
```

```text
┌──────────────UserID─┬─PageViews─┬─Duration─┬─Sign─┐
│ 4324182021466249494 │         5 │      146 │   -1 │
│ 4324182021466249494 │         6 │      185 │    1 │
└─────────────────────┴───────────┴──────────┴──────┘
┌──────────────UserID─┬─PageViews─┬─Duration─┬─Sign─┐
│ 4324182021466249494 │         5 │      146 │    1 │
└─────────────────────┴───────────┴──────────┴──────┘
```

Let's take a look at the returned data above and see if collapsing occurred...
With two `INSERT` queries, we created two data parts.
The `SELECT` query was performed in two threads, and we got a random order of rows.
However, collapsing **did not occur** because there was no merge of the data parts yet
and ClickHouse merges data parts in the background at an unknown moment which we cannot predict.

We therefore need an aggregation
which we perform with the [`sum`](/sql-reference/aggregate-functions/reference/sum)
aggregate function and the [`HAVING`](/sql-reference/statements/select/having) clause:

```sql
SELECT
    UserID,
    sum(PageViews * Sign) AS PageViews,
    sum(Duration * Sign) AS Duration
FROM UAct
GROUP BY UserID
HAVING sum(Sign) > 0
```

```text
┌──────────────UserID─┬─PageViews─┬─Duration─┐
│ 4324182021466249494 │         6 │      185 │
└─────────────────────┴───────────┴──────────┘
```

If we do not need aggregation and want to force collapsing, we can also use the `FINAL` modifier for `FROM` clause.

```sql
SELECT * FROM UAct FINAL
```

```text
┌──────────────UserID─┬─PageViews─┬─Duration─┬─Sign─┐
│ 4324182021466249494 │         6 │      185 │    1 │
└─────────────────────┴───────────┴──────────┴──────┘
```
:::note
This way of selecting the data is less efficient and is not recommended for use with large amounts of scanned data (millions of rows).
:::

### Example of another approach {#example-of-another-approach}

The idea with this approach is that merges take into account only key fields.
In the ""cancel"" row, we can therefore specify negative values
that equalize the previous version of the row when summing without using the `Sign` column.

For this example, we will make use of the sample data below:

```text
┌──────────────UserID─┬─PageViews─┬─Duration─┬─Sign─┐
│ 4324182021466249494 │         5 │      146 │    1 │
│ 4324182021466249494 │        -5 │     -146 │   -1 │
│ 4324182021466249494 │         6 │      185 │    1 │
└─────────────────────┴───────────┴──────────┴──────┘
```

For this approach, it is necessary to change the data types of `PageViews` and `Duration` to store negative values.
We therefore change the values of these columns from `UInt8` to `Int16` when we create our table `UAct` using the
`collapsingMergeTree`:

```sql
CREATE TABLE UAct
(
    UserID UInt64,
    PageViews Int16,
    Duration Int16,
    Sign Int8
)
ENGINE = CollapsingMergeTree(Sign)
ORDER BY UserID
```

Let's test the approach by inserting data into our table.

For examples or small tables, it is, however, acceptable:

```sql
INSERT INTO UAct VALUES(4324182021466249494,  5,  146,  1);
INSERT INTO UAct VALUES(4324182021466249494, -5, -146, -1);
INSERT INTO UAct VALUES(4324182021466249494,  6,  185,  1);

SELECT * FROM UAct FINAL;
```

```text
┌──────────────UserID─┬─PageViews─┬─Duration─┬─Sign─┐
│ 4324182021466249494 │         6 │      185 │    1 │
└─────────────────────┴───────────┴──────────┴──────┘
```

```sql
SELECT
    UserID,
    sum(PageViews) AS PageViews,
    sum(Duration) AS Duration
FROM UAct
GROUP BY UserID
```

```text
┌──────────────UserID─┬─PageViews─┬─Duration─┐
│ 4324182021466249494 │         6 │      185 │
└─────────────────────┴───────────┴──────────┘
```

```sql
SELECT COUNT() FROM UAct
```

```text
┌─count()─┐
│       3 │
└─────────┘
```

```sql
OPTIMIZE TABLE UAct FINAL;

SELECT * FROM UAct
```

```text
┌──────────────UserID─┬─PageViews─┬─Duration─┬─Sign─┐
│ 4324182021466249494 │         6 │      185 │    1 │
└─────────────────────┴───────────┴──────────┴──────┘
```
","ENGINE = CollapsingMergeTree(sign) ORDER BY expr","","","['MergeTree','VersionedCollapsingMergeTree','ReplicatedCollapsingMergeTree']"
"26.6.2.81","FileLog",1,0,0,0,0,0,0,0,"
This engine allows processing of application log files as a stream of records.

`FileLog` lets you:

- Subscribe to log files.
- Process new records as they are appended to subscribed log files.

## Creating a table {#creating-a-table}

```sql
CREATE TABLE [IF NOT EXISTS] [db.]table_name [ON CLUSTER cluster]
(
    name1 [type1] [DEFAULT|MATERIALIZED|ALIAS expr1],
    name2 [type2] [DEFAULT|MATERIALIZED|ALIAS expr2],
    ...
) ENGINE = FileLog('path_to_logs', 'format_name') SETTINGS
    [poll_timeout_ms = 0,]
    [poll_max_batch_size = 0,]
    [max_block_size = 0,]
    [max_threads = 0,]
    [poll_directory_watch_events_backoff_init = 500,]
    [poll_directory_watch_events_backoff_max = 32000,]
    [poll_directory_watch_events_backoff_factor = 2,]
    [handle_error_mode = 'default']
```

Engine arguments:

- `path_to_logs` – Path to log files to subscribe. It can be path to a directory with log files or to a single log file. Note that ClickHouse allows only paths inside `user_files` directory.
- `format_name` - Record format. Note that FileLog process each line in a file as a separate record and not all data formats are suitable for it.

Optional parameters:

- `poll_timeout_ms` - Timeout for single poll from log file. Default: [stream_poll_timeout_ms](../../../operations/settings/settings.md#stream_poll_timeout_ms).
- `poll_max_batch_size` — Maximum amount of records to be polled in a single poll. Default: [max_block_size](/operations/settings/settings#max_block_size).
- `max_block_size` — The maximum batch size (in records) for poll. Default: [max_insert_block_size](../../../operations/settings/settings.md#max_insert_block_size).
- `max_threads` - Number of max threads to parse files, default is 0, which means the number will be max(1, physical_cpu_cores / 4).
- `poll_directory_watch_events_backoff_init` - The initial sleep value for watch directory thread. Default: `500`.
- `poll_directory_watch_events_backoff_max` - The max sleep value for watch directory thread. Default: `32000`.
- `poll_directory_watch_events_backoff_factor` - The speed of backoff, exponential by default. Default: `2`.
- `handle_error_mode` — How to handle errors for FileLog engine. Possible values: default (the exception will be thrown if we fail to parse a message), stream (the exception message and raw message will be saved in virtual columns `_error` and `_raw_message`).

## Description {#description}

The delivered records are tracked automatically, so each record in a log file is only counted once.

`SELECT` is not particularly useful for reading records (except for debugging), because each record can be read only once. It is more practical to create real-time threads using [materialized views](../../../sql-reference/statements/create/view.md). To do this:

1.  Use the engine to create a FileLog table and consider it a data stream.
2.  Create a table with the desired structure.
3.  Create a materialized view that converts data from the engine and puts it into a previously created table.

When the `MATERIALIZED VIEW` joins the engine, it starts collecting data in the background. This allows you to continually receive records from log files and convert them to the required format using `SELECT`.
One FileLog table can have as many materialized views as you like, they do not read data from the table directly, but receive new records (in blocks), this way you can write to several tables with different detail level (with grouping - aggregation and without).

Example:

```sql
CREATE TABLE logs (
    timestamp UInt64,
    level String,
    message String
  ) ENGINE = FileLog('user_files/my_app/app.log', 'JSONEachRow');

CREATE TABLE daily (
    day Date,
    level String,
    total UInt64
  ) ENGINE = SummingMergeTree(day, (day, level), 8192);

CREATE MATERIALIZED VIEW consumer TO daily
    AS SELECT toDate(toDateTime(timestamp)) AS day, level, count() AS total
    FROM logs GROUP BY day, level;

SELECT level, sum(total) FROM daily GROUP BY level;
```

To stop receiving streams data or to change the conversion logic, detach the materialized view:

```sql
DETACH TABLE consumer;
ATTACH TABLE consumer;
```

If you want to change the target table by using `ALTER`, we recommend disabling the material view to avoid discrepancies between the target table and the data from the view.

## Virtual columns {#virtual-columns}

- `_filename` - Name of the log file. Data type: `LowCardinality(String)`.
- `_offset` - Offset in the log file. Data type: `UInt64`.

Additional virtual columns when `handle_error_mode='stream'`:

- `_raw_record` - Raw record that couldn't be parsed successfully. Data type: `Nullable(String)`.
- `_error` - Exception message happened during failed parsing. Data type: `Nullable(String)`.

Note: `_raw_record` and `_error` virtual columns are filled only in case of exception during parsing, they are always `NULL` when message was parsed successfully.
","ENGINE = FileLog('path_to_logs', 'format') SETTINGS ...","","","['Kafka','RabbitMQ','NATS']"
"26.6.2.81","ReplicatedAggregatingMergeTree",1,1,1,1,1,1,1,1,"Replicated version of the AggregatingMergeTree engine.","ENGINE = ReplicatedAggregatingMergeTree('zoo_path', 'replica_name') ORDER BY expr","","","['AggregatingMergeTree']"
"26.6.2.81","RabbitMQ",1,0,0,0,0,0,0,0,"
This engine allows integrating ClickHouse with [RabbitMQ](https://www.rabbitmq.com).

`RabbitMQ` lets you:

- Publish or subscribe to data flows.
- Process streams as they become available.

## Creating a table {#creating-a-table}

```sql
CREATE TABLE [IF NOT EXISTS] [db.]table_name [ON CLUSTER cluster]
(
    name1 [type1],
    name2 [type2],
    ...
) ENGINE = RabbitMQ SETTINGS
    rabbitmq_host_port = 'host:port' [or rabbitmq_address = 'amqp(s)://guest:guest@localhost/vhost'],
    rabbitmq_exchange_name = 'exchange_name',
    rabbitmq_format = 'data_format'[,]
    [rabbitmq_exchange_type = 'exchange_type',]
    [rabbitmq_routing_key_list = 'key1,key2,...',]
    [rabbitmq_secure = 0,]
    [rabbitmq_schema = '',]
    [rabbitmq_num_consumers = N,]
    [rabbitmq_num_queues = N,]
    [rabbitmq_queue_base = 'queue',]
    [rabbitmq_persistent = 0,]
    [rabbitmq_skip_broken_messages = N,]
    [rabbitmq_max_block_size = N,]
    [rabbitmq_flush_interval_ms = N,]
    [rabbitmq_queue_settings_list = 'x-dead-letter-exchange=my-dlx,x-max-length=10,x-overflow=reject-publish',]
    [rabbitmq_queue_consume = false,]
    [rabbitmq_address = '',]
    [rabbitmq_vhost = '/',]
    [rabbitmq_username = '',]
    [rabbitmq_password = '',]
    [rabbitmq_commit_on_select = false,]
    [rabbitmq_max_rows_per_message = 1,]
    [rabbitmq_handle_error_mode = 'default']
```

Required parameters:

- `rabbitmq_host_port` – host:port (for example, `localhost:5672`).
- `rabbitmq_exchange_name` – RabbitMQ exchange name.
- `rabbitmq_format` – Message format. Uses the same notation as the SQL `FORMAT` function, such as `JSONEachRow`. For more information, see the [Formats](../../../interfaces/formats.md) section.

Optional parameters:

- `rabbitmq_exchange_type` – The type of RabbitMQ exchange: `direct`, `fanout`, `topic`, `headers`, `consistent_hash`. Default: `fanout`.
- `rabbitmq_routing_key_list` – A comma-separated list of routing keys.
- `rabbitmq_schema` – Parameter that must be used if the format requires a schema definition. For example, [Cap'n Proto](https://capnproto.org/) requires the path to the schema file and the name of the root `schema.capnp:Message` object.
- `rabbitmq_num_consumers` – The number of consumers per table. Specify more consumers if the throughput of one consumer is insufficient. Default: `1`
- `rabbitmq_num_queues` – Total number of queues. Increasing this number can significantly improve performance. Default: `1`.
- `rabbitmq_queue_base` - Specify a hint for queue names. Use cases of this setting are described below.
- `rabbitmq_persistent` - If set to 1 (true), in insert query delivery mode will be set to 2 (marks messages as 'persistent'). Default: `0`.
- `rabbitmq_skip_broken_messages` – RabbitMQ message parser tolerance to schema-incompatible messages per block. If `rabbitmq_skip_broken_messages = N` then the engine skips *N* RabbitMQ messages that cannot be parsed (a message equals a row of data). Default: `0`.
- `rabbitmq_max_block_size` - Number of row collected before flushing data from RabbitMQ. Default: [max_insert_block_size](../../../operations/settings/settings.md#max_insert_block_size).
- `rabbitmq_flush_interval_ms` - Timeout for flushing data from RabbitMQ. Default: [stream_flush_interval_ms](/operations/settings/settings#stream_flush_interval_ms).
- `rabbitmq_queue_settings_list` - allows to set RabbitMQ settings when creating a queue. Available settings: `x-max-length`, `x-max-length-bytes`, `x-message-ttl`, `x-expires`, `x-priority`, `x-max-priority`, `x-overflow`, `x-dead-letter-exchange`, `x-queue-type`. The `durable` setting is enabled automatically for the queue.
- `rabbitmq_address` - Address for connection. Use ether this setting or `rabbitmq_host_port`.
- `rabbitmq_vhost` - RabbitMQ vhost. Default: `'/'`.
- `rabbitmq_queue_consume` - Use user-defined queues and do not make any RabbitMQ setup: declaring exchanges, queues, bindings. Default: `false`.
- `rabbitmq_username` - RabbitMQ username.
- `rabbitmq_password` - RabbitMQ password.
- `reject_unhandled_messages` - Reject messages (send RabbitMQ negative acknowledgement) in case of errors. This setting is automatically enabled if there is a `x-dead-letter-exchange` defined in `rabbitmq_queue_settings_list`.
- `rabbitmq_commit_on_select` - Commit messages when select query is made. Default: `false`.
- `rabbitmq_max_rows_per_message` — The maximum number of rows written in one RabbitMQ message for row-based formats. Default : `1`.
- `rabbitmq_empty_queue_backoff_start_ms` — A start backoff point to reschedule read if the rabbitmq queue is empty.
- `rabbitmq_empty_queue_backoff_end_ms` — An end backoff point to reschedule read if the rabbitmq queue is empty.
- `rabbitmq_empty_queue_backoff_step_ms` — A backoff step to reschedule read if the rabbitmq queue is empty.
- `rabbitmq_handle_error_mode` — How to handle errors for RabbitMQ engine. Possible values: default (the exception will be thrown if we fail to parse a message), stream (the exception message and raw message will be saved in virtual columns `_error` and `_raw_message`), dead_letter_queue (error related data will be saved in system.dead_letter_queue).

### SSL connection {#ssl-connection}

Use either `rabbitmq_secure = 1` or `amqps` in connection address: `rabbitmq_address = 'amqps://guest:guest@localhost/vhost'`.
The default behaviour of the used library is not to check if the created TLS connection is sufficiently secure. Whether the certificate is expired, self-signed, missing or invalid: the connection is simply permitted. More strict checking of certificates can possibly be implemented in the future.

Also format settings can be added along with rabbitmq-related settings.

Example:

```sql
CREATE TABLE queue (
    key UInt64,
    value UInt64,
    date DateTime
  ) ENGINE = RabbitMQ SETTINGS rabbitmq_host_port = 'localhost:5672',
                            rabbitmq_exchange_name = 'exchange1',
                            rabbitmq_format = 'JSONEachRow',
                            rabbitmq_num_consumers = 5,
                            date_time_input_format = 'best_effort';
```

The RabbitMQ server configuration should be added using the ClickHouse config file.

Required configuration:

```xml
<rabbitmq>
    <username>root</username>
    <password>clickhouse</password>
</rabbitmq>
```

Additional configuration:

```xml
<rabbitmq>
    <vhost>clickhouse</vhost>
</rabbitmq>
```

## Description {#description}

`SELECT` is not particularly useful for reading messages (except for debugging), because each message can be read only once. It is more practical to create real-time threads using [materialized views](../../../sql-reference/statements/create/view.md). To do this:

1.  Use the engine to create a RabbitMQ consumer and consider it a data stream.
2.  Create a table with the desired structure.
3.  Create a materialized view that converts data from the engine and puts it into a previously created table.

When the `MATERIALIZED VIEW` joins the engine, it starts collecting data in the background. This allows you to continually receive messages from RabbitMQ and convert them to the required format using `SELECT`.
One RabbitMQ table can have as many materialized views as you like.

Data can be channeled based on `rabbitmq_exchange_type` and the specified `rabbitmq_routing_key_list`.
There can be no more than one exchange per table. One exchange can be shared between multiple tables - it enables routing into multiple tables at the same time.

Exchange type options:

- `direct` - Routing is based on the exact matching of keys. Example table key list: `key1,key2,key3,key4,key5`, message key can equal any of them.
- `fanout` - Routing to all tables (where exchange name is the same) regardless of the keys.
- `topic` - Routing is based on patterns with dot-separated keys. Examples: `*.logs`, `records.*.*.2020`, `*.2018,*.2019,*.2020`.
- `headers` - Routing is based on `key=value` matches with a setting `x-match=all` or `x-match=any`. Example table key list: `x-match=all,format=logs,type=report,year=2020`.
- `consistent_hash` - Data is evenly distributed between all bound tables (where the exchange name is the same). Note that this exchange type must be enabled with RabbitMQ plugin: `rabbitmq-plugins enable rabbitmq_consistent_hash_exchange`.

Setting `rabbitmq_queue_base` may be used for the following cases:

- to let different tables share queues, so that multiple consumers could be registered for the same queues, which makes a better performance. If using `rabbitmq_num_consumers` and/or `rabbitmq_num_queues` settings, the exact match of queues is achieved in case these parameters are the same.
- to be able to restore reading from certain durable queues when not all messages were successfully consumed. To resume consumption from one specific queue - set its name in `rabbitmq_queue_base` setting and do not specify `rabbitmq_num_consumers` and `rabbitmq_num_queues` (defaults to 1). To resume consumption from all queues, which were declared for a specific table - just specify the same settings: `rabbitmq_queue_base`, `rabbitmq_num_consumers`, `rabbitmq_num_queues`. By default, queue names will be unique to tables.
- to reuse queues as they are declared durable and not auto-deleted. (Can be deleted via any of RabbitMQ CLI tools.)

To improve performance, received messages are grouped into blocks the size of [max_insert_block_size](/operations/settings/settings#max_insert_block_size). If the block wasn't formed within [stream_flush_interval_ms](../../../operations/server-configuration-parameters/settings.md) milliseconds, the data will be flushed to the table regardless of the completeness of the block.

If `rabbitmq_num_consumers` and/or `rabbitmq_num_queues` settings are specified along with `rabbitmq_exchange_type`, then:

- `rabbitmq-consistent-hash-exchange` plugin must be enabled.
- `message_id` property of the published messages must be specified (unique for each message/batch).

For insert query there is message metadata, which is added for each published message: `messageID` and `republished` flag (true, if published more than once) - can be accessed via message headers.

Do not use the same table for inserts and materialized views.

Example:

```sql
CREATE TABLE queue (
    key UInt64,
    value UInt64
  ) ENGINE = RabbitMQ SETTINGS rabbitmq_host_port = 'localhost:5672',
                            rabbitmq_exchange_name = 'exchange1',
                            rabbitmq_exchange_type = 'headers',
                            rabbitmq_routing_key_list = 'format=logs,type=report,year=2020',
                            rabbitmq_format = 'JSONEachRow',
                            rabbitmq_num_consumers = 5;

CREATE TABLE daily (key UInt64, value UInt64)
    ENGINE = MergeTree() ORDER BY key;

CREATE MATERIALIZED VIEW consumer TO daily
    AS SELECT key, value FROM queue;

SELECT key, value FROM daily ORDER BY key;
```

## Virtual columns {#virtual-columns}

- `_exchange_name` - RabbitMQ exchange name. Data type: `String`.
- `_channel_id` - ChannelID, on which consumer, who received the message, was declared. Data type: `String`.
- `_delivery_tag` - DeliveryTag of the received message. Scoped per channel. Data type: `UInt64`.
- `_redelivered` - `redelivered` flag of the message. Data type: `UInt8`.
- `_message_id` - messageID of the received message; non-empty if was set, when message was published. Data type: `String`.
- `_timestamp` - timestamp of the received message; non-empty if was set, when message was published. Data type: `UInt64`.

Additional virtual columns when `rabbitmq_handle_error_mode='stream'`:

- `_raw_message` - Raw message that couldn't be parsed successfully. Data type: `Nullable(String)`.
- `_error` - Exception message happened during failed parsing. Data type: `Nullable(String)`.

Note: `_raw_message` and `_error` virtual columns are filled only in case of exception during parsing, they are always `NULL` when message was parsed successfully.

## Caveats {#caveats}

Even though you may specify [default column expressions](/sql-reference/statements/create/table.md/#default_values) (such as `DEFAULT`, `MATERIALIZED`, `ALIAS`) in the table definition, these will be ignored. Instead, the columns will be filled with their respective default values for their types.

## Data formats support {#data-formats-support}

RabbitMQ engine supports all [formats](../../../interfaces/formats.md) supported in ClickHouse.
The number of rows in one RabbitMQ message depends on whether the format is row-based or block-based:

- For row-based formats the number of rows in one RabbitMQ message can be controlled by setting `rabbitmq_max_rows_per_message`.
- For block-based formats we cannot divide block into smaller parts, but the number of rows in one block can be controlled by general setting [max_block_size](/operations/settings/settings#max_block_size).
","ENGINE = RabbitMQ() SETTINGS rabbitmq_host_port = 'host:port', rabbitmq_exchange_name = 'exchange', rabbitmq_format = 'format', ...","","","['Kafka','NATS','FileLog']"
"26.6.2.81","Buffer",0,0,0,0,0,0,0,1,"
Buffers the data to write in RAM, periodically flushing it to another table. During the read operation, data is read from the buffer and the other table simultaneously.

:::note
A recommended alternative to the Buffer Table Engine is enabling [asynchronous inserts](/guides/best-practices/asyncinserts.md).
:::

```sql
Buffer(database, table, num_layers, min_time, max_time, min_rows, max_rows, min_bytes, max_bytes [,flush_time [,flush_rows [,flush_bytes]]])
```

### Engine parameters {#engine-parameters}

#### `database` {#database}

`database` – Database name. You can use `currentDatabase()` or another constant expression that returns a string.

#### `table` {#table}

`table` – Table to flush data to.

#### `num_layers` {#num_layers}

`num_layers` – Parallelism layer. Physically, the table will be represented as `num_layers` of independent buffers.

#### `min_time`, `max_time`, `min_rows`, `max_rows`, `min_bytes`, and `max_bytes` {#min_time-max_time-min_rows-max_rows-min_bytes-and-max_bytes}

Conditions for flushing data from the buffer.

### Optional engine parameters {#optional-engine-parameters}

#### `flush_time`, `flush_rows`, and `flush_bytes` {#flush_time-flush_rows-and-flush_bytes}

Conditions for flushing data from the buffer in the background (omitted or zero means no `flush*` parameters).

Data is flushed from the buffer and written to the destination table if all the `min*` conditions or at least one `max*` condition are met.

Also, if at least one `flush*` condition is met, a flush is initiated in the background. This differs from `max*` since `flush*` allows you to configure background flushes separately to avoid adding latency for `INSERT` queries into Buffer tables.

#### `min_time`, `max_time`, and `flush_time` {#min_time-max_time-and-flush_time}

Condition for the time in seconds from the moment of the first write to the buffer.

#### `min_rows`, `max_rows`, and `flush_rows` {#min_rows-max_rows-and-flush_rows}

Condition for the number of rows in the buffer.

#### `min_bytes`, `max_bytes`, and `flush_bytes` {#min_bytes-max_bytes-and-flush_bytes}

Condition for the number of bytes in the buffer.

During the write operation, data is inserted into one or more random buffers (configured with `num_layers`). Or, if the data part to insert is large enough (greater than `max_rows` or `max_bytes`), it is written directly to the destination table, omitting the buffer.

The conditions for flushing the data are calculated separately for each of the `num_layers` buffers. For example, if `num_layers = 16` and `max_bytes = 100000000`, the maximum RAM consumption is 1.6 GB.

Example:

```sql
CREATE TABLE merge.hits_buffer AS merge.hits ENGINE = Buffer(merge, hits, 1, 10, 100, 10000, 1000000, 10000000, 100000000)
```

Creating a `merge.hits_buffer` table with the same structure as `merge.hits` and using the Buffer engine. When writing to this table, data is buffered in RAM and later written to the 'merge.hits' table. A single buffer is created and the data is flushed if either:
- 100 seconds have passed since the last flush (`max_time`) or
- 1 million rows have been written (`max_rows`) or
- 100 MB of data have been written (`max_bytes`) or
- 10 seconds have passed (`min_time`) and 10,000 rows (`min_rows`) and 10 MB (`min_bytes`) of data have been written

For example, if just one row has been written, after 100 seconds, it will be flushed, no matter what. But if many rows have been written, the data will be flushed sooner.

When the server is stopped, with `DROP TABLE` or `DETACH TABLE`, buffered data is also flushed to the destination table.

You can set empty strings in single quotation marks for the database and table name. This indicates the absence of a destination table. In this case, when the data flush conditions are reached, the buffer is simply cleared. This may be useful for keeping a window of data in memory.

When reading from a Buffer table, data is processed both from the buffer and from the destination table (if there is one).
Note that the Buffer table does not support an index. In other words, data in the buffer is fully scanned, which might be slow for large buffers. (For data in a subordinate table, the index that it supports will be used.)

If the set of columns in the Buffer table does not match the set of columns in a subordinate table, a subset of columns that exist in both tables is inserted.

If the types do not match for one of the columns in the Buffer table and a subordinate table, an error message is entered in the server log, and the buffer is cleared.
The same happens if the subordinate table does not exist when the buffer is flushed.

:::note
Running ALTER on the Buffer table in releases made before 26 Oct 2021 will cause a `Block structure mismatch` error (see [#15117](https://github.com/ClickHouse/ClickHouse/issues/15117) and [#30565](https://github.com/ClickHouse/ClickHouse/pull/30565)), so deleting the Buffer table and then recreating is the only option. Check that this error is fixed in your release before trying to run ALTER on the Buffer table.
:::

If the server is restarted abnormally, the data in the buffer is lost.

`FINAL` and `SAMPLE` do not work correctly for Buffer tables. These conditions are passed to the destination table but are not used for processing data in the buffer. If these features are required, we recommend only using the Buffer table for writing while reading from the destination table.

When adding data to a Buffer table, one of the buffers is locked. This causes delays if a read operation is simultaneously being performed from the table.

Data that is inserted into a Buffer table may end up in the subordinate table in a different order and in different blocks. Because of this, a Buffer table is difficult to use for writing to a CollapsingMergeTree correctly. To avoid problems, you can set `num_layers` to 1.

If the destination table is replicated, some expected characteristics of replicated tables are lost when writing to a Buffer table. The random changes to the order of rows and sizes of data parts cause data deduplication to quit working, which means it is not possible to have a reliable 'exactly once' write to replicated tables.

Due to these disadvantages, we can only recommend using a Buffer table in rare cases.

A Buffer table is used when too many INSERTs are received from a large number of servers over a unit of time, and data can't be buffered before insertion, which means the INSERTs can't run fast enough.

Note that it does not make sense to insert data one row at a time, even for Buffer tables. This will only produce a speed of a few thousand rows per second while inserting larger blocks of data can produce over a million rows per second.
","ENGINE = Buffer(database, table, num_buckets, min_time, max_time, min_rows, max_rows, min_bytes, max_bytes[, flush_time, flush_rows, flush_bytes])","","","[]"
"26.6.2.81","AzureQueue",1,0,0,0,0,0,0,0,"
This engine provides an integration with the [Azure Blob Storage](https://azure.microsoft.com/en-us/products/storage/blobs) ecosystem, allowing streaming data import.

## Create table {#creating-a-table}

```sql
CREATE TABLE test (name String, value UInt32)
    ENGINE = AzureQueue(...)
    [SETTINGS]
    [mode = '',]
    [after_processing = 'keep',]
    [keeper_path = '',]
    ...
```

**Engine parameters**

`AzureQueue` parameters are the same as `AzureBlobStorage` table engine supports. See parameters section [here](../../../engines/table-engines/integrations/azureBlobStorage.md).

Similar to the [AzureBlobStorage](/engines/table-engines/integrations/azureBlobStorage) table engine, users can use Azurite emulator for local Azure Storage development. Further details [here](https://learn.microsoft.com/en-us/azure/storage/common/storage-use-azurite?tabs=docker-hub%2Cblob-storage).

**Example**

```sql
CREATE TABLE azure_queue_engine_table
(
    `key` UInt64,
    `data` String
)
ENGINE = AzureQueue('DefaultEndpointsProtocol=http;AccountName=devstoreaccount1;AccountKey=Eby8vdM02xNOcqFlqUwJPLlmEtlCDXJ1OUzFT50uSRZ6IFsuFq2UVErCz4I6tq/K1SZFPTOtr/KBHBeksoGMGw==;BlobEndpoint=http://azurite1:10000/devstoreaccount1/;', 'testcontainer', '*', 'CSV')
SETTINGS mode = 'unordered'
```

## Settings {#settings}

The set of supported settings is mostly the same as for `S3Queue` table engine, but without `s3queue_` prefix. See [full list of settings settings](../../../engines/table-engines/integrations/s3queue.md#settings).
To get a list of settings, configured for the table, use `system.azure_queue_settings` table. Available from `24.10`.

Below are the settings only compatible with AzureQueue and not applicable for S3Queue.

### `after_processing_move_connection_string` {#after_processing_move_connection_string}

Connection string for Azure Blob Storage to move successfully processed files to, if the destination is another Azure container.

Possible values:

- String.

Default value: empty string.

### `after_processing_move_container` {#after_processing_move_container}

Container name to move successfully processed files to, if the destination is another Azure container.

Possible values:

- String.

Default value: empty string.

Example:

```sql
CREATE TABLE azure_queue_engine_table
(
    `key` UInt64,
    `data` String
)
ENGINE = AzureQueue('DefaultEndpointsProtocol=http;AccountName=devstoreaccount1;AccountKey=Eby8vdM02xNOcqFlqUwJPLlmEtlCDXJ1OUzFT50uSRZ6IFsuFq2UVErCz4I6tq/K1SZFPTOtr/KBHBeksoGMGw==;BlobEndpoint=http://azurite1:10000/devstoreaccount1/;', 'testcontainer', '*', 'CSV')
SETTINGS
    mode = 'unordered',
    after_processing = 'move',
    after_processing_move_connection_string = 'DefaultEndpointsProtocol=http;AccountName=devstoreaccount1;AccountKey=Eby8vdM02xNOcqFlqUwJPLlmEtlCDXJ1OUzFT50uSRZ6IFsuFq2UVErCz4I6tq/K1SZFPTOtr/KBHBeksoGMGw==;BlobEndpoint=http://azurite1:10000/devstoreaccount1/;',
    after_processing_move_container = 'dst-container';
```

## SELECT from AzureQueue table engine {#select}

SELECT queries are forbidden by default on AzureQueue tables. This follows the common queue pattern where data is read once and then removed from the queue. SELECT is forbidden to prevent accidental data loss.
However, sometimes it might be useful. To do this, you need to set the setting `stream_like_engine_allow_direct_select` to `True`.
The AzureQueue engine has a special setting for SELECT queries: `commit_on_select`. Set it to `False` to preserve data in the queue after reading, or `True` to remove it.

## Description {#description}

`SELECT` is not particularly useful for streaming import (except for debugging), because each file can be imported only once. It is more practical to create real-time threads using [materialized views](../../../sql-reference/statements/create/view.md). To do this:

1.  Use the engine to create a table for consuming from the specified path in Azure Blob Storage and consider it a data stream.
2.  Create a table with the desired structure.
3.  Create a materialized view that converts data from the engine and puts it into a previously created table.

When the `MATERIALIZED VIEW` joins the engine, it starts collecting data in the background.

The engine arguments have the form `AzureQueue(connection_string, container_name, blobpath, format[, compression])`.

Example:

```sql
CREATE TABLE azure_queue_engine_table (key UInt64, data String)
ENGINE=AzureQueue('DefaultEndpointsProtocol=http;AccountName=devstoreaccount1;AccountKey=Eby8vdM02xNOcqFlqUwJPLlmEtlCDXJ1OUzFT50uSRZ6IFsuFq2UVErCz4I6tq/K1SZFPTOtr/KBHBeksoGMGw==;BlobEndpoint=http://azurite1:10000/devstoreaccount1/;', 'testcontainer', '*', 'CSV')
SETTINGS
      mode = 'unordered';

CREATE TABLE stats (key UInt64, data String)
ENGINE = MergeTree() ORDER BY key;

CREATE MATERIALIZED VIEW consumer TO stats
AS SELECT key, data FROM azure_queue_engine_table;

SELECT * FROM stats ORDER BY key;
```

## Virtual columns {#virtual-columns}

- `_path` — Path to the file.
- `_file` — Name of the file.

For more information about virtual columns see [here](../../../engines/table-engines/index.md#table_engines-virtual_columns).

## Introspection {#introspection}

Enable logging for the table via the table setting `enable_logging_to_queue_log=1`.

Introspection capabilities are the same as the [S3Queue table engine](/engines/table-engines/integrations/s3queue#introspection) with several distinct differences:

1. Use the `system.azure_queue_metadata_cache` for the in-memory state of the queue for server versions >= 25.1. For older versions use the `system.s3queue_metadata_cache` (it would contain information for `azure` tables as well).
2. Enable the `system.azure_queue_log` via the main ClickHouse configuration e.g.

```xml
<azure_queue_log>
    <database>system</database>
    <table>azure_queue_log</table>
</azure_queue_log>
```

This persistent table has the same information as `system.s3queue_metadata_cache`, but for processed and failed files.

The table has the following structure:

```sql

CREATE TABLE system.azure_queue_log
(
    `hostname` LowCardinality(String) COMMENT 'Hostname',
    `event_date` Date COMMENT 'Event date of writing this log row',
    `event_time` DateTime COMMENT 'Event time of writing this log row',
    `database` String COMMENT 'The name of a database where current S3Queue table lives.',
    `table` String COMMENT 'The name of S3Queue table.',
    `uuid` String COMMENT 'The UUID of S3Queue table',
    `file_name` String COMMENT 'File name of the processing file',
    `rows_processed` UInt64 COMMENT 'Number of processed rows',
    `status` Enum8('Processed' = 0, 'Failed' = 1) COMMENT 'Status of the processing file',
    `processing_start_time` Nullable(DateTime) COMMENT 'Time of the start of processing the file',
    `processing_end_time` Nullable(DateTime) COMMENT 'Time of the end of processing the file',
    `exception` String COMMENT 'Exception message if happened'
)
ENGINE = MergeTree
PARTITION BY toYYYYMM(event_date)
ORDER BY (event_date, event_time)
COMMENT 'Contains logging entries with the information files processes by S3Queue engine.'

```

Example:

```sql
SELECT *
FROM system.azure_queue_log
LIMIT 1
FORMAT Vertical

Row 1:
──────
hostname:              clickhouse
event_date:            2024-12-16
event_time:            2024-12-16 13:42:47
database:              default
table:                 azure_queue_engine_table
uuid:                  1bc52858-00c0-420d-8d03-ac3f189f27c8
file_name:             test_1.csv
rows_processed:        3
status:                Processed
processing_start_time: 2024-12-16 13:42:47
processing_end_time:   2024-12-16 13:42:47
exception:

1 row in set. Elapsed: 0.002 sec.

```
","ENGINE = AzureQueue(connection_string | storage_account_url, container_name, blobpath, [account_name, account_key,] format [, compression]) SETTINGS mode = '...', ...","","","['S3Queue','AzureBlobStorage']"
"26.6.2.81","AggregatingMergeTree",1,1,1,1,1,0,0,1,"
The engine inherits from [MergeTree](/engines/table-engines/mergetree-family/mergetree), altering the logic for data parts merging. ClickHouse replaces all rows with the same primary key (or more accurately, with the same [sorting key](../../../engines/table-engines/mergetree-family/mergetree.md)) with a single row (within a single data part) that stores a combination of states of aggregate functions.

You can use `AggregatingMergeTree` tables for incremental data aggregation, including for aggregated materialized views.

You can see an example of how to use the AggregatingMergeTree and Aggregate functions in the below video:
<div class='vimeo-container'>
<iframe width=""1030"" height=""579"" src=""https://www.youtube.com/embed/pryhI4F_zqQ"" title=""Aggregation States in ClickHouse"" frameborder=""0"" allow=""accelerometer; autoplay; clipboard-write; encrypted-media; gyroscope; picture-in-picture; web-share"" referrerpolicy=""strict-origin-when-cross-origin"" allowfullscreen></iframe>
</div>

The engine processes all columns with the following types:

- [`AggregateFunction`](../../../sql-reference/data-types/aggregatefunction.md)
- [`SimpleAggregateFunction`](../../../sql-reference/data-types/simpleaggregatefunction.md)

It is appropriate to use `AggregatingMergeTree` if it reduces the number of rows by orders.

## Creating a table {#creating-a-table}

```sql
CREATE TABLE [IF NOT EXISTS] [db.]table_name [ON CLUSTER cluster]
(
    name1 [type1] [DEFAULT|MATERIALIZED|ALIAS expr1],
    name2 [type2] [DEFAULT|MATERIALIZED|ALIAS expr2],
    ...
) ENGINE = AggregatingMergeTree()
[PARTITION BY expr]
[ORDER BY expr]
[SAMPLE BY expr]
[TTL expr]
[SETTINGS name=value, ...]
```

For a description of request parameters, see [request description](../../../sql-reference/statements/create/table.md).

**Query clauses**

When creating an `AggregatingMergeTree` table, the same [clauses](../../../engines/table-engines/mergetree-family/mergetree.md) are required as when creating a `MergeTree` table.

<details markdown=""1"">

<summary>Deprecated Method for Creating a Table</summary>

:::note
Do not use this method in new projects and, if possible, switch the old projects to the method described above.
:::

```sql
CREATE TABLE [IF NOT EXISTS] [db.]table_name [ON CLUSTER cluster]
(
    name1 [type1] [DEFAULT|MATERIALIZED|ALIAS expr1],
    name2 [type2] [DEFAULT|MATERIALIZED|ALIAS expr2],
    ...
) ENGINE [=] AggregatingMergeTree(date-column [, sampling_expression], (primary, key), index_granularity)
```

All of the parameters have the same meaning as in `MergeTree`.
</details>

## SELECT and INSERT {#select-and-insert}

To insert data, use [INSERT SELECT](../../../sql-reference/statements/insert-into.md) query with aggregate -State- functions.
When selecting data from `AggregatingMergeTree` table, use `GROUP BY` clause and the same aggregate functions as when inserting data, but using the `-Merge` suffix.

In the results of `SELECT` query, the values of `AggregateFunction` type have implementation-specific binary representation for all of the ClickHouse output formats. For example, if you dump data into `TabSeparated` format with a `SELECT` query, then this dump can be loaded back using an `INSERT` query.

## Example of an aggregated materialized view {#example-of-an-aggregated-materialized-view}

The following example assumes that you have a database named `test`. Create it if it doesn't already exist using the command below:

```sql
CREATE DATABASE test;
```

Now create the table `test.visits` that contains the raw data:

```sql
CREATE TABLE test.visits
 (
    StartDate DateTime64 NOT NULL,
    CounterID UInt64,
    Sign Nullable(Int32),
    UserID Nullable(Int32)
) ENGINE = MergeTree ORDER BY (StartDate, CounterID);
```

Next, you need an `AggregatingMergeTree` table that will store `AggregationFunction`s that keep track of the total number of visits and the number of unique users.

Create an `AggregatingMergeTree` materialized view that watches the `test.visits` table, and uses the [`AggregateFunction`](/sql-reference/data-types/aggregatefunction) type:

```sql
CREATE TABLE test.agg_visits (
    StartDate DateTime64 NOT NULL,
    CounterID UInt64,
    Visits AggregateFunction(sum, Nullable(Int32)),
    Users AggregateFunction(uniq, Nullable(Int32))
)
ENGINE = AggregatingMergeTree() ORDER BY (StartDate, CounterID);
```

Create a materialized view that populates `test.agg_visits` from `test.visits`:

```sql
CREATE MATERIALIZED VIEW test.visits_mv TO test.agg_visits
AS SELECT
    StartDate,
    CounterID,
    sumState(Sign) AS Visits,
    uniqState(UserID) AS Users
FROM test.visits
GROUP BY StartDate, CounterID;
```

Insert data into the `test.visits` table:

```sql
INSERT INTO test.visits (StartDate, CounterID, Sign, UserID)
VALUES (1667446031000, 1, 3, 4), (1667446031000, 1, 6, 3);
```

The data is inserted in both `test.visits` and `test.agg_visits`.

To get the aggregated data, execute a query such as `SELECT ... GROUP BY ...` from the materialized view `test.visits_mv`:

```sql
SELECT
    StartDate,
    sumMerge(Visits) AS Visits,
    uniqMerge(Users) AS Users
FROM test.visits_mv
GROUP BY StartDate
ORDER BY StartDate;
```

```text
┌───────────────StartDate─┬─Visits─┬─Users─┐
│ 2022-11-03 03:27:11.000 │      9 │     2 │
└─────────────────────────┴────────┴───────┘
```

Add another couple of records to `test.visits`, but this time try using a different timestamp for one of the records:

```sql
INSERT INTO test.visits (StartDate, CounterID, Sign, UserID)
VALUES (1669446031000, 2, 5, 10), (1667446031000, 3, 7, 5);
```

Run the `SELECT` query again, which will return the following output:

```text
┌───────────────StartDate─┬─Visits─┬─Users─┐
│ 2022-11-03 03:27:11.000 │     16 │     3 │
│ 2022-11-26 07:00:31.000 │      5 │     1 │
└─────────────────────────┴────────┴───────┘
```

In some cases, you might want to avoid pre-aggregating rows at insert time to shift the cost of aggregation from insert time
to merge time. Ordinarily, it is necessary to include the columns which are not part of the aggregation in the `GROUP BY`
clause of the materialized view definition to avoid an error. However, you can make use of the [`initializeAggregation`](/sql-reference/functions/other-functions#initializeAggregation)
function with setting `optimize_on_insert = 0` (it is turned on by default) to achieve this. Use of `GROUP BY`
is no longer required in this case:

```sql
CREATE MATERIALIZED VIEW test.visits_mv TO test.agg_visits
AS SELECT
    StartDate,
    CounterID,
    initializeAggregation('sumState', Sign) AS Visits,
    initializeAggregation('uniqState', UserID) AS Users
FROM test.visits;
```

:::note
When using `initializeAggregation`, an aggregate state is created for each individual row without grouping.
Each source row produces one row in the materialized view, and the actual aggregation happens later when the
`AggregatingMergeTree` merges parts. This is only true if `optimize_on_insert = 0`.
:::

## Tuple element aggregation {#tuple-element-aggregation}

When the `allow_tuple_element_aggregation` setting is enabled, `Tuple` columns are recursively flattened so that each leaf element participates in aggregation independently. This means that `AggregateFunction` or `SimpleAggregateFunction` sub-columns inside a `Tuple` are aggregated according to their respective functions, just as if they were top-level columns.

Sub-columns that belong to a `Tuple` in the sorting key are excluded from aggregation. Non-aggregate sub-columns are treated as ordinary columns (their first value is kept).

:::note
This setting is immutable and must be specified at table creation time.
:::

```sql
CREATE TABLE agg_tuples
(
    key UInt32,
    metrics Tuple(
        total_visits SimpleAggregateFunction(sum, UInt64),
        unique_users SimpleAggregateFunction(max, UInt64)
    )
) ENGINE = AggregatingMergeTree()
ORDER BY key
SETTINGS allow_tuple_element_aggregation = 1;

INSERT INTO agg_tuples VALUES (1, (100, 5));
INSERT INTO agg_tuples VALUES (1, (200, 8));
INSERT INTO agg_tuples VALUES (2, (50, 3));

OPTIMIZE TABLE agg_tuples FINAL;

SELECT key, metrics.total_visits, metrics.unique_users FROM agg_tuples ORDER BY key;
```

```text
┌─key─┬─metrics.total_visits─┬─metrics.unique_users─┐
│   1 │                  300 │                    8 │
│   2 │                   50 │                    3 │
└─────┴──────────────────────┴──────────────────────┘
```

`total_visits` is aggregated with `sum` (100 + 200 = 300), while `unique_users` is aggregated with `max` (max(5, 8) = 8).

## Related content {#related-content}

- Blog: [Using Aggregate Combinators in ClickHouse](https://clickhouse.com/blog/aggregate-functions-combinators-in-clickhouse-for-arrays-maps-and-states)
","ENGINE = AggregatingMergeTree() ORDER BY expr","","","['MergeTree','SummingMergeTree','ReplicatedAggregatingMergeTree']"
"26.6.2.81","StripeLog",1,0,0,0,0,0,0,0,"
import CloudNotSupportedBadge from '@theme/badges/CloudNotSupportedBadge';

# StripeLog table engine

<CloudNotSupportedBadge/>

This engine belongs to the family of log engines. See the common properties of log engines and their differences in the [Log Engine Family](../../../engines/table-engines/log-family/index.md) article.

Use this engine in scenarios when you need to write many tables with a small amount of data (less than 1 million rows). For example, this table can be used to store incoming data batches for transformation where atomic processing of them is required. 100k instances of this table type are viable for a ClickHouse server. This table engine should be preferred over [Log](./log.md) when a high number of tables are required. This is at the expense of read efficiency.

## Creating a table {#table_engines-stripelog-creating-a-table}

```sql
CREATE TABLE [IF NOT EXISTS] [db.]table_name [ON CLUSTER cluster]
(
    column1_name [type1] [DEFAULT|MATERIALIZED|ALIAS expr1],
    column2_name [type2] [DEFAULT|MATERIALIZED|ALIAS expr2],
    ...
) ENGINE = StripeLog
```

See the detailed description of the [CREATE TABLE](/sql-reference/statements/create/table) query.

## Writing the data {#table_engines-stripelog-writing-the-data}

The `StripeLog` engine stores all the columns in one file. For each `INSERT` query, ClickHouse appends the data block to the end of a table file, writing columns one by one.

For each table ClickHouse writes the files:

- `data.bin` — Data file.
- `index.mrk` — File with marks. Marks contain offsets for each column of each data block inserted.

The `StripeLog` engine does not support the `ALTER UPDATE` and `ALTER DELETE` operations.

## Reading the data {#table_engines-stripelog-reading-the-data}

The file with marks allows ClickHouse to parallelize the reading of data. This means that a `SELECT` query returns rows in an unpredictable order. Use the `ORDER BY` clause to sort rows.

## Example of use {#table_engines-stripelog-example-of-use}

Creating a table:

```sql
CREATE TABLE stripe_log_table
(
    timestamp DateTime,
    message_type String,
    message String
)
ENGINE = StripeLog
```

Inserting data:

```sql
INSERT INTO stripe_log_table VALUES (now(),'REGULAR','The first regular message')
INSERT INTO stripe_log_table VALUES (now(),'REGULAR','The second regular message'),(now(),'WARNING','The first warning message')
```

We used two `INSERT` queries to create two data blocks inside the `data.bin` file.

ClickHouse uses multiple threads when selecting data. Each thread reads a separate data block and returns resulting rows independently as it finishes. As a result, the order of blocks of rows in the output does not match the order of the same blocks in the input in most cases. For example:

```sql
SELECT * FROM stripe_log_table
```

```text
┌───────────timestamp─┬─message_type─┬─message────────────────────┐
│ 2019-01-18 14:27:32 │ REGULAR      │ The second regular message │
│ 2019-01-18 14:34:53 │ WARNING      │ The first warning message  │
└─────────────────────┴──────────────┴────────────────────────────┘
┌───────────timestamp─┬─message_type─┬─message───────────────────┐
│ 2019-01-18 14:23:43 │ REGULAR      │ The first regular message │
└─────────────────────┴──────────────┴───────────────────────────┘
```

Sorting the results (ascending order by default):

```sql
SELECT * FROM stripe_log_table ORDER BY timestamp
```

```text
┌───────────timestamp─┬─message_type─┬─message────────────────────┐
│ 2019-01-18 14:23:43 │ REGULAR      │ The first regular message  │
│ 2019-01-18 14:27:32 │ REGULAR      │ The second regular message │
│ 2019-01-18 14:34:53 │ WARNING      │ The first warning message  │
└─────────────────────┴──────────────┴────────────────────────────┘
```
","ENGINE = StripeLog","","","['Log','TinyLog']"
