"ch_version","name","description","allow_readonly"
"26.7.2.59","ytsaurus","
import ExperimentalBadge from ""/snippets/components/ExperimentalBadge/ExperimentalBadge.jsx"";

<ExperimentalBadge/>

The table function allows to read data from the YTsaurus cluster.

## Syntax {#syntax}

```sql
ytsaurus(http_proxy_url, cypress_path, oauth_token, format)
```

<Info>
This is an experimental feature that may change in backwards-incompatible ways in the future releases.
Enable usage of the YTsaurus table function
with [allow_experimental_ytsaurus_table_function](/reference/settings/session-settings#allow_experimental_ytsaurus_table_engine) setting.
Input the command `set allow_experimental_ytsaurus_table_function = 1`.
</Info>

## Arguments {#arguments}

- `http_proxy_url` — URL to the YTsaurus http proxy.
- `cypress_path` — Cypress path to the data source.
- `oauth_token` — OAuth token.
- `format` — The [format](/reference/formats/index) of the data source.

**Returned value**

A table with the specified structure for reading data in the specified ytsaurus cypress path in YTsaurus cluster.

**See Also**

- [ytsaurus engine](/reference/engines/table-engines/integrations/ytsaurus)
",0
"26.7.2.59","hudiCluster","
This is an extension to the [hudi](/reference/functions/table-functions/hudi) table function.

Allows processing files from Apache [Hudi](https://hudi.apache.org/) tables in Amazon S3 in parallel with many nodes in a specified cluster. On initiator it creates a connection to all nodes in the cluster and dispatches each file dynamically. On the worker node it asks the initiator about the next task to process and processes it. This is repeated until all tasks are finished.

## Syntax {#syntax}

```sql
hudiCluster(cluster_name, url [,aws_access_key_id, aws_secret_access_key] [,format] [,structure] [,compression] [,extra_credentials])
```

## Arguments {#arguments}

| Argument                                     | Description                                                                                                                                                                                                                                                                                                                                                                           |
|----------------------------------------------|---------------------------------------------------------------------------------------------------------------------------------------------------------------------------------------------------------------------------------------------------------------------------------------------------------------------------------------------------------------------------------------|
| `cluster_name`                               | Name of a cluster that is used to build a set of addresses and connection parameters to remote and local servers.                                                                                                                                                                                                                                                                     |
| `url`                                        | Bucket url with the path to an existing Hudi table in S3.                                                                                                                                                                                                                                                                                                                             |
| `aws_access_key_id`, `aws_secret_access_key` | Long-term credentials for the [AWS](https://aws.amazon.com/) account user.  You can use these to authenticate your requests. These parameters are optional. If credentials are not specified, they are used from the ClickHouse configuration. For more information see [Using S3 for Data Storage](/reference/engines/table-engines/mergetree-family/mergetree#table_engine-mergetree-s3). |
| `format`                                     | The [format](/reference/formats/index) of the file.                                                                                                                                                                                                                                                                                                                                        |
| `structure`                                  | Structure of the table. Format `'column1_name column1_type, column2_name column2_type, ...'`.                                                                                                                                                                                                                                                                                         |
| `compression`                                | Parameter is optional. Supported values: `none`, `gzip/gz`, `brotli/br`, `xz/LZMA`, `zstd/zst`. By default, compression will be autodetected by the file extension.                                                                                                                                                                                                                   |
| `extra_credentials`                          | Parameter is optional. Used to pass a `role_arn` for role-based access in ClickHouse Cloud. See [Secure S3](/products/cloud/guides/data-sources/accessing-s3-data-securely) for configuration steps.                                                                                                                                                                                                                     |

## Returned value {#returned_value}

A table with the specified structure for reading data from cluster in the specified Hudi table in S3.

## Virtual Columns {#virtual-columns}

- `_path` — Path to the file. Type: `LowCardinality(String)`.
- `_file` — Name of the file. Type: `LowCardinality(String)`.
- `_size` — Size of the file in bytes. Type: `Nullable(UInt64)`. If the file size is unknown, the value is `NULL`.
- `_time` — Last modified time of the file. Type: `Nullable(DateTime)`. If the time is unknown, the value is `NULL`.
- `_etag` — The etag of the file. Type: `LowCardinality(String)`. If the etag is unknown, the value is `NULL`.

## Related {#related}

- [Hudi engine](/reference/engines/table-engines/integrations/hudi)
- [Hudi table function](/reference/functions/table-functions/hudi)
",0
"26.7.2.59","deltaLakeCluster","
This is an extension to the [deltaLake](/reference/functions/table-functions/deltalake) table function.

Allows processing files from [Delta Lake](https://github.com/delta-io/delta) tables in Amazon S3 in parallel from many nodes in a specified cluster. On initiator it creates a connection to all nodes in the cluster and dispatches each file dynamically. On the worker node it asks the initiator about the next task to process and processes it. This is repeated until all tasks are finished.

## Syntax {#syntax}

```sql
deltaLakeCluster(cluster_name, url [,aws_access_key_id, aws_secret_access_key] [,format] [,structure] [,compression] [,extra_credentials])
deltaLakeCluster(cluster_name, named_collection[, option=value [,..]])

deltaLakeS3Cluster(cluster_name, url [,aws_access_key_id, aws_secret_access_key] [,format] [,structure] [,compression] [,extra_credentials])
deltaLakeS3Cluster(cluster_name, named_collection[, option=value [,..]])

deltaLakeAzureCluster(cluster_name, connection_string|storage_account_url, container_name, blobpath, [,account_name], [,account_key] [,format] [,compression_method])
deltaLakeAzureCluster(cluster_name, named_collection[, option=value [,..]])
```
`deltaLakeS3Cluster` is an alias to `deltaLakeCluster`, both are for S3. 

## Arguments {#arguments}

- `cluster_name` — Name of a cluster that is used to build a set of addresses and connection parameters to remote and local servers.
- Description of all other arguments coincides with description of arguments in equivalent [deltaLake](/reference/functions/table-functions/deltalake) table function.
- An optional `extra_credentials` parameter can be used to pass a `role_arn` for role-based access in ClickHouse Cloud. See [Secure S3](/products/cloud/guides/data-sources/accessing-s3-data-securely) for configuration steps.

## Returned value {#returned_value}

A table with the specified structure for reading data from cluster in the specified Delta Lake table in S3.

## Virtual Columns {#virtual-columns}

- `_path` — Path to the file. Type: `LowCardinality(String)`.
- `_file` — Name of the file. Type: `LowCardinality(String)`.
- `_size` — Size of the file in bytes. Type: `Nullable(UInt64)`. If the file size is unknown, the value is `NULL`.
- `_time` — Last modified time of the file. Type: `Nullable(DateTime)`. If the time is unknown, the value is `NULL`.
- `_etag` — The etag of the file. Type: `LowCardinality(String)`. If the etag is unknown, the value is `NULL`.

## Related {#related}

- [deltaLake engine](/reference/engines/table-engines/integrations/deltalake)
- [deltaLake table function](/reference/functions/table-functions/deltalake)
",0
"26.7.2.59","paimonHDFSCluster","The table function can be used to read the Paimon table stored on HDFS virtual filesystem in parallel for many nodes in a specified cluster.",0
"26.7.2.59","paimonAzureCluster","The table function can be used to read the Paimon table stored on Azure object store in parallel for many nodes in a specified cluster.",0
"26.7.2.59","paimonS3Cluster","The table function can be used to read the Paimon table stored on S3 object store in parallel for many nodes in a specified cluster.",0
"26.7.2.59","icebergAzureCluster","The table function can be used to read the Iceberg table stored on Azure object store in parallel for many nodes in a specified cluster.",0
"26.7.2.59","icebergS3Cluster","The table function can be used to read the Iceberg table stored on S3 object store in parallel for many nodes in a specified cluster.",0
"26.7.2.59","deltaLakeAzure","The table function can be used to read the DeltaLake table stored on Azure object store.",0
"26.7.2.59","paimonHDFS","The table function can be used to read the Paimon table stored on HDFS virtual filesystem.",0
"26.7.2.59","paimon","
import ExperimentalBadge from ""/snippets/components/ExperimentalBadge/ExperimentalBadge.jsx"";

<ExperimentalBadge />

Provides a read-only table-like interface to Apache [Paimon](https://paimon.apache.org/) tables in Amazon S3, Azure, HDFS or locally stored.

## Syntax {#syntax}

```sql
paimon(url [,access_key_id, secret_access_key] [,format] [,structure] [,compression] [,extra_credentials])

paimonS3(url [,access_key_id, secret_access_key] [,format] [,structure] [,compression] [,extra_credentials])

paimonAzure(connection_string|storage_account_url, container_name, blobpath, [,account_name], [,account_key] [,format] [,compression_method])

paimonHDFS(path_to_table, [,format] [,compression_method])

paimonLocal(path_to_table, [,format] [,compression_method])
```

## Arguments {#arguments}

Description of the arguments coincides with description of arguments in table functions `s3`, `azureBlobStorage`, `HDFS` and `file` correspondingly.
`format` stands for the format of data files in the Paimon table.

For `paimonS3`, an optional `extra_credentials` parameter can be used to pass a `role_arn` for role-based access in ClickHouse Cloud. See [Secure S3](/products/cloud/guides/data-sources/accessing-s3-data-securely) for configuration steps.

### Returned value {#returned-value}

A table with the specified structure for reading data in the specified Paimon table.

## Defining a named collection {#defining-a-named-collection}

Here is an example of configuring a named collection for storing the URL and credentials:

```xml
<clickhouse>
    <named_collections>
        <paimon_conf>
            <url>http://test.s3.amazonaws.com/clickhouse-bucket/</url>
            <access_key_id>test</access_key_id>
            <secret_access_key>test</secret_access_key>
            <format>auto</format>
            <structure>auto</structure>
        </paimon_conf>
    </named_collections>
</clickhouse>
```

```sql
SELECT * FROM paimonS3(paimon_conf, filename = 'test_table')
DESCRIBE paimonS3(paimon_conf, filename = 'test_table')
```

## Aliases {#aliases}

Table function `paimon` is an alias to `paimonS3` now.

## Virtual Columns {#virtual-columns}

- `_path` — Path to the file. Type: `LowCardinality(String)`.
- `_file` — Name of the file. Type: `LowCardinality(String)`.
- `_size` — Size of the file in bytes. Type: `Nullable(UInt64)`. If the file size is unknown, the value is `NULL`.
- `_time` — Last modified time of the file. Type: `Nullable(DateTime)`. If the time is unknown, the value is `NULL`.
- `_etag` — The etag of the file. Type: `LowCardinality(String)`. If the etag is unknown, the value is `NULL`.

## Data Types supported {#data-types-supported}

| Paimon Data Type | Clickhouse Data Type 
|-------|--------|
|BOOLEAN     |Int8      |
|TINYINT     |Int8      |
|SMALLINT     |Int16      |
|INTEGER     |Int32      |
|BIGINT     |Int64      |
|FLOAT     |Float32      |
|DOUBLE     |Float64      |
|STRING,VARCHAR,BYTES,VARBINARY     |String      |
|DATE     |Date      |
|TIME(p),TIME     |Time('UTC')      |
|TIMESTAMP(p) WITH LOCAL TIME ZONE     |DateTime64      |
|TIMESTAMP(p)     |DateTime64('UTC')      |
|CHAR     |FixedString(1)      |
|BINARY(n)     |FixedString(n)      |
|DECIMAL(P,S)     |Decimal(P,S)      |
|ARRAY     |Array      |
|MAP     |Map    |

## Partition supported {#partition-supported}
Data types supported in Paimon partition keys:
* `CHAR`
* `VARCHAR`
* `BOOLEAN`
* `DECIMAL`
* `TINYINT`
* `SMALLINT`
* `INTEGER`
* `DATE`
* `TIME`
* `TIMESTAMP`
* `TIMESTAMP WITH LOCAL TIME ZONE`
* `BIGINT`
* `FLOAT`
* `DOUBLE`

## See Also {#see-also}

* [Paimon cluster table function](/reference/functions/table-functions/paimonCluster)
",0
"26.7.2.59","icebergLocal","The table function can be used to read the Iceberg table stored locally.",0
"26.7.2.59","icebergCluster","
This is an extension to the [iceberg](/reference/functions/table-functions/iceberg) table function.

Allows processing files from Apache [Iceberg](https://iceberg.apache.org/) in parallel from many nodes in a specified cluster. On initiator it creates a connection to all nodes in the cluster and dispatches each file dynamically. On the worker node it asks the initiator about the next task to process and processes it. This is repeated until all tasks are finished.

## Syntax {#syntax}

```sql
icebergS3Cluster(cluster_name, url [, NOSIGN | access_key_id, secret_access_key, [session_token]] [,format] [,compression_method] [,extra_credentials])
icebergS3Cluster(cluster_name, named_collection[, option=value [,..]])

icebergAzureCluster(cluster_name, connection_string|storage_account_url, container_name, blobpath, [,account_name], [,account_key] [,format] [,compression_method])
icebergAzureCluster(cluster_name, named_collection[, option=value [,..]])

icebergHDFSCluster(cluster_name, path_to_table, [,format] [,compression_method])
icebergHDFSCluster(cluster_name, named_collection[, option=value [,..]])
```

## Arguments {#arguments}

- `cluster_name` — Name of a cluster that is used to build a set of addresses and connection parameters to remote and local servers.
- Description of all other arguments coincides with description of arguments in equivalent [iceberg](/reference/functions/table-functions/iceberg) table function.
- An optional `extra_credentials` parameter can be used to pass a `role_arn` for role-based access in ClickHouse Cloud. See [Secure S3](/products/cloud/guides/data-sources/accessing-s3-data-securely) for configuration steps.

**Returned value**

A table with the specified structure for reading data from cluster in the specified Iceberg table.

**Examples**

```sql
SELECT * FROM icebergS3Cluster('cluster_simple', 'http://test.s3.amazonaws.com/clickhouse-bucket/test_table', 'test', 'test')
```

## Virtual Columns {#virtual-columns}

- `_path` — Path to the file. Type: `LowCardinality(String)`.
- `_file` — Name of the file. Type: `LowCardinality(String)`.
- `_size` — Size of the file in bytes. Type: `Nullable(UInt64)`. If the file size is unknown, the value is `NULL`.
- `_time` — Last modified time of the file. Type: `Nullable(DateTime)`. If the time is unknown, the value is `NULL`.
- `_etag` — The etag of the file. Type: `LowCardinality(String)`. If the etag is unknown, the value is `NULL`.

**See Also**

- [Iceberg engine](/reference/engines/table-engines/integrations/iceberg)
- [Iceberg table function](/reference/functions/table-functions/iceberg)
",0
"26.7.2.59","icebergLocalCluster","The table function can be used to read the Iceberg table stored on shared storage in parallel for many nodes in a specified cluster.",0
"26.7.2.59","icebergAzure","The table function can be used to read the Iceberg table stored on Azure object store.",0
"26.7.2.59","deltaLakeAzureCluster","The table function can be used to read the DeltaLake table stored on Azure object store in parallel for many nodes in a specified cluster.",0
"26.7.2.59","icebergS3","The table function can be used to read the Iceberg table stored on S3 object store.",0
"26.7.2.59","iceberg","
Provides a read-only table-like interface to Apache [Iceberg](https://iceberg.apache.org/) tables in Amazon S3, Azure, HDFS or locally stored.

## Syntax {#syntax}

```sql
icebergS3(url [, NOSIGN | access_key_id, secret_access_key, [session_token]] [,format] [,compression_method] [,extra_credentials])
icebergS3(named_collection[, option=value [,..]])

icebergAzure(connection_string|storage_account_url, container_name, blobpath, [,account_name], [,account_key] [,format] [,compression_method])
icebergAzure(named_collection[, option=value [,..]])

icebergHDFS(path_to_table, [,format] [,compression_method])
icebergHDFS(named_collection[, option=value [,..]])

icebergLocal(path_to_table, [,format] [,compression_method])
icebergLocal(named_collection[, option=value [,..]])
```

## Arguments {#arguments}

Description of the arguments coincides with description of arguments in table functions `s3`, `azureBlobStorage`, `HDFS` and `file` correspondingly.
`format` stands for the format of data files in the Iceberg table.

For `icebergS3`, an optional `extra_credentials` parameter can be used to pass a `role_arn` for role-based access in ClickHouse Cloud. See [Secure S3](/products/cloud/guides/data-sources/accessing-s3-data-securely) for configuration steps.

### Returned value {#returned-value}

A table with the specified structure for reading data in the specified Iceberg table.

### Example {#example}

```sql
SELECT * FROM icebergS3('http://test.s3.amazonaws.com/clickhouse-bucket/test_table', 'test', 'test')
```

<Warning>
ClickHouse currently supports reading v1 and v2 of the Iceberg format via the `icebergS3`, `icebergAzure`, `icebergHDFS` and `icebergLocal` table functions and `IcebergS3`, `icebergAzure`, `IcebergHDFS` and `IcebergLocal` table engines.
</Warning>

## Defining a named collection {#defining-a-named-collection}

Here is an example of configuring a named collection for storing the URL and credentials:

```xml
<clickhouse>
    <named_collections>
        <iceberg_conf>
            <url>http://test.s3.amazonaws.com/clickhouse-bucket/</url>
            <access_key_id>test</access_key_id>
            <secret_access_key>test</secret_access_key>
            <format>auto</format>
            <structure>auto</structure>
        </iceberg_conf>
    </named_collections>
</clickhouse>
```

```sql
SELECT * FROM icebergS3(iceberg_conf, filename = 'test_table')
DESCRIBE icebergS3(iceberg_conf, filename = 'test_table')
```

## Using a data catalog {#iceberg-writes-catalogs}

Iceberg tables can also be used with various data catalogs, such as the [REST Catalog](https://iceberg.apache.org/rest-catalog-spec/), [AWS Glue Data Catalog](https://docs.aws.amazon.com/prescriptive-guidance/latest/serverless-etl-aws-glue/aws-glue-data-catalog.html) and [Unity Catalog](https://www.unitycatalog.io/).

<Warning>
When using a catalog, most users will want to use the `DataLakeCatalog` database engine, which connects ClickHouse to your catalog to discover your tables. You can use this database engine instead of manually creating individual tables with `IcebergS3` table engine.
</Warning>

To use them, create a table with the `IcebergS3` engine and provide the necessary settings.

For example, using REST Catalog with MinIO storage:
```sql
CREATE TABLE `database_name.table_name`
ENGINE = IcebergS3(
  'http://minio:9000/warehouse-rest/table_name/',
  'minio_access_key',
  'minio_secret_key'
)
```

Or, using AWS Glue Data Catalog with S3:
```sql
CREATE TABLE `my_database.my_table`  
ENGINE = IcebergS3(
  's3://my-data-bucket/warehouse/my_database/my_table/',
  'aws_access_key',
  'aws_secret_key'
)
```

## Schema Evolution {#schema-evolution}

At the moment, with the help of CH, you can read iceberg tables, the schema of which has changed over time. We currently support reading tables where columns have been added and removed, and their order has changed. You can also change a column where a value is required to one where NULL is allowed. Additionally, we support permitted type casting for simple types, namely:  

* int -> long
* float -> double
* decimal(P, S) -> decimal(P', S) where P' > P.

Currently, it is not possible to change nested structures or the types of elements within arrays and maps.

## Partition Pruning {#partition-pruning}

ClickHouse supports partition pruning during SELECT queries for Iceberg tables, which helps optimize query performance by skipping irrelevant data files. To enable partition pruning, set `use_iceberg_partition_pruning = 1`. For more information about iceberg partition pruning address https://iceberg.apache.org/spec/#partitioning

## Time Travel {#time-travel}

ClickHouse supports time travel for Iceberg tables, allowing you to query historical data with a specific timestamp or snapshot ID.

## Processing of tables with deleted rows {#deleted-rows}

Currently, only Iceberg tables with [position deletes](https://iceberg.apache.org/spec/#position-delete-files) are supported. 

The following deletion methods are **not supported**:
- [Equality deletes](https://iceberg.apache.org/spec/#equality-delete-files)
- [Deletion vectors](https://iceberg.apache.org/spec/#deletion-vectors) (introduced in v3)

### Basic usage {#basic-usage}

 ```sql
 SELECT * FROM example_table ORDER BY 1 
 SETTINGS iceberg_timestamp_ms = 1714636800000
 ```

 ```sql
 SELECT * FROM example_table ORDER BY 1 
 SETTINGS iceberg_snapshot_id = 3547395809148285433
 ```

Note: You cannot specify both `iceberg_timestamp_ms` and `iceberg_snapshot_id` parameters in the same query.

### Important considerations {#important-considerations}

* **Snapshots** are typically created when:
* New data is written to the table
* Some kind of data compaction is performed

* **Schema changes typically don't create snapshots** - This leads to important behaviors when using time travel with tables that have undergone schema evolution.

### Example scenarios {#example-scenarios}

All scenarios are written in Spark because CH doesn't support writing to Iceberg tables yet.

#### Scenario 1: Schema Changes Without New Snapshots {#scenario-1}

Consider this sequence of operations:

 ```sql
 -- Create a table with two columns
  CREATE TABLE IF NOT EXISTS spark_catalog.db.time_travel_example (
  order_number bigint, 
  product_code string
  ) 
  USING iceberg 
  OPTIONS ('format-version'='2')

- - Insert data into the table
  INSERT INTO spark_catalog.db.time_travel_example VALUES 
    (1, 'Mars')

  ts1 = now() // A piece of pseudo code

- - Alter table to add a new column
  ALTER TABLE spark_catalog.db.time_travel_example ADD COLUMN (price double)
 
  ts2 = now()

- - Insert data into the table
  INSERT INTO spark_catalog.db.time_travel_example VALUES (2, 'Venus', 100)

   ts3 = now()

- - Query the table at each timestamp
  SELECT * FROM spark_catalog.db.time_travel_example TIMESTAMP AS OF ts1;

+------------+------------+
|order_number|product_code|
+------------+------------+
|           1|        Mars|
+------------+------------+
  SELECT * FROM spark_catalog.db.time_travel_example TIMESTAMP AS OF ts2;

+------------+------------+
|order_number|product_code|
+------------+------------+
|           1|        Mars|
+------------+------------+

  SELECT * FROM spark_catalog.db.time_travel_example TIMESTAMP AS OF ts3;

+------------+------------+-----+
|order_number|product_code|price|
+------------+------------+-----+
|           1|        Mars| NULL|
|           2|       Venus|100.0|
+------------+------------+-----+
```

Query results at different timestamps:

* At ts1 & ts2: Only the original two columns appear
* At ts3: All three columns appear, with NULL for the price of the first row

#### Scenario 2:  Historical vs. Current Schema Differences {#scenario-2}

A time travel query at a current moment might show a different schema than the current table:

```sql
-- Create a table
  CREATE TABLE IF NOT EXISTS spark_catalog.db.time_travel_example_2 (
  order_number bigint, 
  product_code string
  ) 
  USING iceberg 
  OPTIONS ('format-version'='2')

-- Insert initial data into the table
  INSERT INTO spark_catalog.db.time_travel_example_2 VALUES (2, 'Venus');

-- Alter table to add a new column
  ALTER TABLE spark_catalog.db.time_travel_example_2 ADD COLUMN (price double);

  ts = now();

-- Query the table at a current moment but using timestamp syntax

  SELECT * FROM spark_catalog.db.time_travel_example_2 TIMESTAMP AS OF ts;

    +------------+------------+
    |order_number|product_code|
    +------------+------------+
    |           2|       Venus|
    +------------+------------+

-- Query the table at a current moment
  SELECT * FROM spark_catalog.db.time_travel_example_2;
    +------------+------------+-----+
    |order_number|product_code|price|
    +------------+------------+-----+
    |           2|       Venus| NULL|
    +------------+------------+-----+
```

This happens because `ALTER TABLE` doesn't create a new snapshot but for the current table Spark takes value of `schema_id` from the latest metadata file, not a snapshot.

#### Scenario 3:  Historical vs. Current Schema Differences {#scenario-3}

The second one is that while doing time travel you can't get state of table before any data was written to it:

```sql
-- Create a table
  CREATE TABLE IF NOT EXISTS spark_catalog.db.time_travel_example_3 (
  order_number bigint, 
  product_code string
  ) 
  USING iceberg 
  OPTIONS ('format-version'='2');

  ts = now();

-- Query the table at a specific timestamp
  SELECT * FROM spark_catalog.db.time_travel_example_3 TIMESTAMP AS OF ts; -- Finises with error: Cannot find a snapshot older than ts.
```

In Clickhouse the behavior is consistent with Spark. You can mentally replace Spark Select queries with Clickhouse Select queries and it will work the same way.

## Metadata File Resolution {#metadata-file-resolution}

When using the `iceberg` table function in ClickHouse, the system needs to locate the correct metadata.json file that describes the Iceberg table structure. Here's how this resolution process works:

### Candidate Search (in Priority Order) {#candidate-search}

1. **Direct Path Specification**:
*If you set `iceberg_metadata_file_path`, the system will use this exact path by combining it with the Iceberg table directory path.
* When this setting is provided, all other resolution settings are ignored.

2. **Table UUID Matching**:
*If `iceberg_metadata_table_uuid` is specified, the system will:
    *Look only at `.metadata.json` files in the `metadata` directory
    *Filter for files containing a `table-uuid` field matching your specified UUID (case-insensitive)

3. **Default Search**:
*If neither of the above settings are provided, all `.metadata.json` files in the `metadata` directory become candidates

### Selecting the Most Recent File {#most-recent-file}

After identifying candidate files using the above rules, the system determines which one is the most recent:

* If `iceberg_recent_metadata_file_by_last_updated_ms_field` is enabled:
* The file with the largest `last-updated-ms` value is selected

* Otherwise:
* The file with the highest version number is selected
* (Version appears as `V` in filenames formatted as `V.metadata.json` or `V-uuid.metadata.json`)

**Note**: All mentioned settings are table function settings (not global or query-level settings) and must be specified as shown below:

```sql
SELECT * FROM iceberg('s3://bucket/path/to/iceberg_table', 
    SETTINGS iceberg_metadata_table_uuid = 'a90eed4c-f74b-4e5b-b630-096fb9d09021');
```

**Note**: While Iceberg Catalogs typically handle metadata resolution, the `iceberg` table function in ClickHouse directly interprets files stored in S3 as Iceberg tables, which is why understanding these resolution rules is important.

## Metadata cache {#metadata-cache}

`Iceberg` table engine and table function support metadata cache storing the information of manifest files, manifest list and metadata json. The cache is stored in memory. This feature is controlled by setting `use_iceberg_metadata_files_cache`, which is enabled by default.

## Aliases {#aliases}

Table function `iceberg` is an alias to `icebergS3` now.

## Virtual Columns {#virtual-columns}

- `_path` — Path to the file. Type: `LowCardinality(String)`.
- `_file` — Name of the file. Type: `LowCardinality(String)`.
- `_size` — Size of the file in bytes. Type: `Nullable(UInt64)`. If the file size is unknown, the value is `NULL`.
- `_time` — Last modified time of the file. Type: `Nullable(DateTime)`. If the time is unknown, the value is `NULL`.
- `_etag` — The etag of the file. Type: `LowCardinality(String)`. If the etag is unknown, the value is `NULL`.

## Writes into iceberg table {#writes-into-iceberg-table}

Starting from version 25.7, ClickHouse supports modifications of user’s Iceberg tables.

Currently, this is an experimental feature, so you first need to enable it:

```sql
SET allow_insert_into_iceberg = 1;
```

### Creating table {#create-iceberg-table}

To create your own empty Iceberg table, use the same commands as for reading, but specify the schema explicitly.
Writes supports all data formats from iceberg specification, such as Parquet, Avro, ORC.

### Example {#example-iceberg-writes-create}

```sql
CREATE TABLE iceberg_writes_example
(
    x Nullable(String),
    y Nullable(Int32)
)
ENGINE = IcebergLocal('/home/scanhex12/iceberg_example/')
```

Note: To create a version hint file, enable the `iceberg_use_version_hint` setting.
If you want to compress the metadata.json file, specify the codec name in the `iceberg_metadata_compression_method` setting.

### INSERT {#writes-inserts}

After creating a new table, you can insert data using the usual ClickHouse syntax.

### Example {#example-iceberg-writes-insert}

```sql
INSERT INTO iceberg_writes_example VALUES ('Pavel', 777), ('Ivanov', 993);

SELECT *
FROM iceberg_writes_example
FORMAT VERTICAL;

Row 1:
──────
x: Pavel
y: 777

Row 2:
──────
x: Ivanov
y: 993
```

### DELETE {#iceberg-writes-delete}

Deleting extra rows in the merge-on-read format is also supported in ClickHouse.
This query will create a new snapshot with position delete files.

### Example {#example-iceberg-writes-delete}

```sql
ALTER TABLE iceberg_writes_example DELETE WHERE x != 'Ivanov';

SELECT *
FROM iceberg_writes_example
FORMAT VERTICAL;

Row 1:
──────
x: Ivanov
y: 993
```

### Schema evolution {#iceberg-writes-schema-evolution}

ClickHouse allows you to add, drop, modify, or rename columns with simple types (non-tuple, non-array, non-map).

### Example {#example-iceberg-writes-evolution}

```sql
ALTER TABLE iceberg_writes_example MODIFY COLUMN y Nullable(Int64);
SHOW CREATE TABLE iceberg_writes_example;

   ┌─statement─────────────────────────────────────────────────┐
1. │ CREATE TABLE default.iceberg_writes_example              ↴│
   │↳(                                                        ↴│
   │↳    `x` Nullable(String),                                ↴│
   │↳    `y` Nullable(Int64)                                  ↴│
   │↳)                                                        ↴│
   │↳ENGINE = IcebergLocal('/home/scanhex12/iceberg_example/') │
   └───────────────────────────────────────────────────────────┘

ALTER TABLE iceberg_writes_example ADD COLUMN z Nullable(Int32);
SHOW CREATE TABLE iceberg_writes_example;

   ┌─statement─────────────────────────────────────────────────┐
1. │ CREATE TABLE default.iceberg_writes_example              ↴│
   │↳(                                                        ↴│
   │↳    `x` Nullable(String),                                ↴│
   │↳    `y` Nullable(Int64),                                 ↴│
   │↳    `z` Nullable(Int32)                                  ↴│
   │↳)                                                        ↴│
   │↳ENGINE = IcebergLocal('/home/scanhex12/iceberg_example/') │
   └───────────────────────────────────────────────────────────┘

SELECT *
FROM iceberg_writes_example
FORMAT VERTICAL;

Row 1:
──────
x: Ivanov
y: 993
z: ᴺᵁᴸᴸ

ALTER TABLE iceberg_writes_example DROP COLUMN z;
SHOW CREATE TABLE iceberg_writes_example;
   ┌─statement─────────────────────────────────────────────────┐
1. │ CREATE TABLE default.iceberg_writes_example              ↴│
   │↳(                                                        ↴│
   │↳    `x` Nullable(String),                                ↴│
   │↳    `y` Nullable(Int64)                                  ↴│
   │↳)                                                        ↴│
   │↳ENGINE = IcebergLocal('/home/scanhex12/iceberg_example/') │
   └───────────────────────────────────────────────────────────┘

SELECT *
FROM iceberg_writes_example
FORMAT VERTICAL;

Row 1:
──────
x: Ivanov
y: 993

ALTER TABLE iceberg_writes_example RENAME COLUMN y TO value;
SHOW CREATE TABLE iceberg_writes_example;

   ┌─statement─────────────────────────────────────────────────┐
1. │ CREATE TABLE default.iceberg_writes_example              ↴│
   │↳(                                                        ↴│
   │↳    `x` Nullable(String),                                ↴│
   │↳    `value` Nullable(Int64)                              ↴│
   │↳)                                                        ↴│
   │↳ENGINE = IcebergLocal('/home/scanhex12/iceberg_example/') │
   └───────────────────────────────────────────────────────────┘

SELECT *
FROM iceberg_writes_example
FORMAT VERTICAL;

Row 1:
──────
x: Ivanov
value: 993
```

### Compaction {#iceberg-writes-compaction}

ClickHouse supports compaction iceberg table. Currently, it can merge position delete files into data files while updating metadata. Previous snapshot IDs and timestamps remain unchanged, so the time-travel feature can still be used with the same values.

How to use it:

```sql
SET allow_experimental_iceberg_compaction = 1

OPTIMIZE TABLE iceberg_writes_example;

SELECT *
FROM iceberg_writes_example
FORMAT VERTICAL;

Row 1:
──────
x: Ivanov
y: 993
```

### Expire Snapshots {#iceberg-expire-snapshots}

Iceberg tables accumulate snapshots with each INSERT, DELETE, or UPDATE operation. Over time, this can lead to a large number of snapshots and associated data files. The `expire_snapshots` command removes old snapshots and cleans up data files that are no longer referenced by any retained snapshot.

**Syntax:**

```sql
ALTER TABLE iceberg_table EXECUTE expire_snapshots(
    ['timestamp']
    [, expire_before = 'timestamp']
    [, retention_period = '3d']
    [, retain_last = 100]
    [, snapshot_ids = [1, 2, 3, 4]]
    [, dry_run = 1]
);
```

By default, which snapshots to keep is determined by the [retention policy](#iceberg-snapshot-retention-policy) (table properties `min-snapshots-to-keep`, `max-snapshot-age-ms`, and per-ref overrides). When `snapshot_ids` is specified, the retention policy is bypassed and only the listed snapshots are considered for expiration.

**Arguments:**

- `'timestamp'` (positional) or `expire_before = 'timestamp'` — a datetime string (e.g., `'2024-06-01 00:00:00'`) interpreted in the **server's timezone**. Acts as a safety fuse: snapshots whose `timestamp-ms` is at or after this value are protected from expiration, even if the retention policy would otherwise expire them. Can be combined with `snapshot_ids`, in which case listed snapshots at or newer than the timestamp are not expired.
- `retention_period = '<duration>'` — overrides the table-level `history.expire.max-snapshot-age-ms` for this invocation only. Snapshots older than this duration (measured from now) become candidates for expiration. The value is a duration string consisting of one or more `{number}{unit}` pairs concatenated together. Supported units: `y` (365 days), `w` (7 days), `d` (24 hours), `h` (60 minutes), `m` (60 seconds), `s` (1 second), `ms` (1 millisecond). Units can be combined, e.g. `'3d'`, `'12h'`, `'1d12h30m'`, `'500ms'`.
- `retain_last = N` — overrides the table-level `history.expire.min-snapshots-to-keep` for this invocation only. At least `N` snapshots are always retained regardless of age.
- `snapshot_ids = [id1, id2, ...]` — expires exactly the listed snapshot IDs (except snapshots referenced by current snapshot, branches, or tags). This mode bypasses the retention policy entirely and cannot be combined with `retention_period` or `retain_last`.
- `dry_run = 1` — computes what would be expired and returns metrics without writing new metadata or deleting files.

<Note>
`retention_period` and `retain_last` override only the **table-level** retention defaults. Per-ref (branch/tag) retention overrides configured in the Iceberg table properties (e.g., `refs.<branch>.min-snapshots-to-keep`) are never overridden — they always take effect as specified in the table metadata.
</Note>

**Example:**

```sql
SET allow_insert_into_iceberg = 1;

-- Create some snapshots by inserting data
INSERT INTO iceberg_table VALUES (1);
INSERT INTO iceberg_table VALUES (2);
INSERT INTO iceberg_table VALUES (3);

-- Expire using retention policy only
ALTER TABLE iceberg_table EXECUTE expire_snapshots();

-- Expire with a safety fuse: protect snapshots newer than the timestamp (positional syntax)
ALTER TABLE iceberg_table EXECUTE expire_snapshots('2025-01-01 00:00:00');

-- Same using the named argument form
ALTER TABLE iceberg_table EXECUTE expire_snapshots(expire_before = '2025-01-01 00:00:00');

-- Override retention parameters for one execution
ALTER TABLE iceberg_table EXECUTE expire_snapshots(retention_period = '3d', retain_last = 10);

-- Expire explicit snapshots
ALTER TABLE iceberg_table EXECUTE expire_snapshots(snapshot_ids = [101, 102, 103]);

-- Dry-run preview (no metadata updates, no file deletes)
ALTER TABLE iceberg_table EXECUTE expire_snapshots(retention_period = '1d', dry_run = 1);
```

**Output:**

The command returns a table with two columns (`metric_name String`, `metric_value Int64`) containing one row per metric. The metric names follow the [Iceberg spec](https://iceberg.apache.org/docs/latest/spark-procedures/#output):

| metric_name | Description |
|---|---|
| `deleted_data_files_count` | Number of data files deleted |
| `deleted_position_delete_files_count` | Number of position delete files deleted |
| `deleted_equality_delete_files_count` | Number of equality delete files deleted |
| `deleted_manifest_files_count` | Number of manifest files deleted |
| `deleted_manifest_lists_count` | Number of manifest list files deleted |
| `deleted_statistics_files_count` | Number of statistics files deleted (always 0 currently) |
| `dry_run` | `1` for dry-run mode, `0` for normal execution |

The command performs the following steps:

1. Evaluates the retention policy (see below) to determine which snapshots must be preserved
2. If a timestamp argument was provided, additionally protects all snapshots at or newer than that timestamp
3. Expires snapshots that are neither retained by the policy nor protected by the timestamp fuse
4. Computes which files are exclusively associated with expired snapshots
5. In normal mode: generates new metadata without the expired snapshots
6. In normal mode: physically deletes unreachable manifest lists, manifest files, and data files
7. In `dry_run = 1` mode: skips steps 5 and 6 and only returns the calculated metrics

#### Snapshot Retention Policy {#iceberg-snapshot-retention-policy}

The `expire_snapshots` command respects the [Iceberg snapshot retention policy](https://iceberg.apache.org/spec/#snapshot-retention-policy). Retention is configured via Iceberg table properties and per-reference overrides:

| Property | Scope | Default | Description |
|---|---|---|---|
| `history.expire.min-snapshots-to-keep` | Table | `iceberg_expire_default_min_snapshots_to_keep` (default `1`) | Minimum number of snapshots to keep in each branch's ancestor chain |
| `history.expire.max-snapshot-age-ms` | Table | `iceberg_expire_default_max_snapshot_age_ms` (default `432000000`, 5 days) | Maximum age (in ms) of snapshots to retain in a branch |
| `history.expire.max-ref-age-ms` | Table | `iceberg_expire_default_max_ref_age_ms` (default `∞`) | Maximum age (in ms) for a snapshot reference (branch or tag) before the reference itself is removed |

Each snapshot reference (`refs` in the Iceberg metadata) can override these with per-ref fields: `min-snapshots-to-keep`, `max-snapshot-age-ms`, and `max-ref-age-ms`.

**Retention evaluation:**

- **For each branch** (including `main`): the ancestor chain is walked starting from the branch head. Snapshots are retained while either of these conditions is true:
  - The snapshot is one of the first `min-snapshots-to-keep` in the chain
  - The snapshot's age is within `max-snapshot-age-ms` (i.e., `now - timestamp-ms <= max-snapshot-age-ms`)
- **For tags**: the tagged snapshot is retained unless the tag has exceeded its `max-ref-age-ms`, in which case the tag reference is removed
- **Non-main references** whose age exceeds `max-ref-age-ms` are removed entirely (the `main` branch is never removed)
- **Dangling references** that point to non-existent snapshots are removed with a warning
- **The current snapshot is always preserved**, regardless of retention settings

**Required privileges:**

The `ALTER TABLE EXECUTE` privilege is required, which is a child of `ALTER TABLE` in the ClickHouse access control hierarchy. You can grant it specifically or via the parent:

```sql
-- Grant only EXECUTE permission
GRANT ALTER TABLE EXECUTE ON my_iceberg_table TO my_user;

-- Or grant all ALTER TABLE permissions (includes ALTER TABLE EXECUTE)
GRANT ALTER TABLE ON my_iceberg_table TO my_user;
```

<Note>
- Only Iceberg format version 2 tables are supported (v1 snapshots do not guarantee `manifest-list`, which is required to safely identify files for cleanup)
- The current snapshot is always preserved, even if it is older than the specified timestamp
- Requires the `allow_insert_into_iceberg` setting to be enabled
- Requires the `allow_experimental_expire_snapshots` setting to be enabled
- The catalog's own authorization (REST catalog auth, AWS Glue IAM, etc.) is enforced independently when ClickHouse updates the metadata
</Note>

### Remove Orphan Files {#iceberg-remove-orphan-files}

Orphan files are files on storage that are not referenced by any snapshot in the Iceberg table metadata. They accumulate from failed writes, partial cleanup after compaction, and interrupted operations, causing unbounded storage growth. The `remove_orphan_files` command identifies and removes these orphan files.

**Syntax:**

```sql
-- Positional form: single unnamed older_than argument
ALTER TABLE iceberg_table EXECUTE remove_orphan_files('timestamp')

-- Named form
ALTER TABLE iceberg_table EXECUTE remove_orphan_files(
    older_than = 'timestamp',
    location = 'path',
    dry_run = 0|1
)

-- No arguments: use all defaults (older_than = 3 days ago)
ALTER TABLE iceberg_table EXECUTE remove_orphan_files()
```

**Parameters:**

| Parameter | Type | Default | Description |
|---|---|---|---|
| `older_than` | `String` (timestamp) | 3 days ago (configurable via `iceberg_orphan_files_older_than_seconds`) | Only consider files with a last-modified time older than this timestamp as orphan candidates. Safety guard against deleting files from in-progress writes. |
| `location` | `String` | Table location | Restrict the scan to a specific subdirectory under the table location (e.g., `'data/'` or `'metadata/'`). |
| `dry_run` | `UInt64` | `0` | When `1`, identify orphan files and return the result summary without actually deleting anything. |

**Examples:**

```sql
-- Remove orphan files older than a specific timestamp
ALTER TABLE iceberg_table EXECUTE remove_orphan_files('2026-03-01 00:00:00');

-- Dry run: preview which files would be deleted
ALTER TABLE iceberg_table EXECUTE remove_orphan_files(dry_run = 1);

-- Scan only the data directory
ALTER TABLE iceberg_table EXECUTE remove_orphan_files(
    older_than = '2026-03-01 00:00:00',
    location = 'data/'
);

-- Combine positional older_than with named arguments
ALTER TABLE iceberg_table EXECUTE remove_orphan_files(
    '2026-03-01 00:00:00',
    dry_run = 1
);
```

**Output:**

The command returns a table with `metric_name` and `metric_value` columns showing the count of deleted (or would-be-deleted in dry_run mode) files by category. File categories are classified using best-effort heuristics based on file naming conventions; files that do not match any specific pattern default to `deleted_data_files_count`:

| metric_name | metric_value |
|---|---|
| deleted_data_files_count | 5 |
| deleted_position_delete_files_count | 2 |
| deleted_equality_delete_files_count | 0 |
| deleted_manifest_files_count | 3 |
| deleted_manifest_lists_count | 1 |
| deleted_metadata_files_count | 0 |
| deleted_statistics_files_count | 0 |
| skipped_missing_metadata_count | 0 |
| failed_deletions_count | 0 |

**Settings:**

| Setting | Type | Default | Description |
|---|---|---|---|
| `allow_iceberg_remove_orphan_files` | `Bool` | `false` | Gate setting to enable the feature (experimental). |
| `iceberg_orphan_files_older_than_seconds` | `UInt64` | `259200` (3 days) | Default `older_than` threshold in seconds when the argument is omitted. |

<Note>
- **Requires Iceberg format version 2 (or higher).** Version 1 tables are rejected because they lack `manifest-list` pointers in snapshots, which are needed to safely determine the reachable file set. Running the command on a v1 table returns a `BAD_ARGUMENTS` error.
- Requires both `allow_insert_into_iceberg` and `allow_iceberg_remove_orphan_files` settings to be enabled
- It is recommended to run `expire_snapshots` before `remove_orphan_files` so that files uniquely referenced by expired snapshots are cleaned up first
- Use `dry_run = 1` to preview orphan files before deletion
- The `older_than` threshold protects against deleting files from in-progress writes — the default 3-day threshold provides a generous safety margin
</Note>

## See Also {#see-also}

* [Iceberg engine](/reference/engines/table-engines/integrations/iceberg)
* [Iceberg cluster table function](/reference/functions/table-functions/icebergCluster)
",0
"26.7.2.59","hdfsCluster","
Allows processing files from HDFS in parallel from many nodes in a specified cluster. On initiator it creates a connection to all nodes in the cluster, discloses asterisks in HDFS file path, and dispatches each file dynamically. On the worker node it asks the initiator about the next task to process and processes it. This is repeated until all tasks are finished.

## Syntax {#syntax}

```sql
hdfsCluster(cluster_name, URI, format, structure)
```

## Arguments {#arguments}

| Argument       | Description                                                                                                                                                                                                                                                                                      |
|----------------|--------------------------------------------------------------------------------------------------------------------------------------------------------------------------------------------------------------------------------------------------------------------------------------------------|
| `cluster_name` | Name of a cluster that is used to build a set of addresses and connection parameters to remote and local servers.                                                                                                                                                                                |
| `URI`          | URI to a file or a bunch of files. Supports following wildcards in readonly mode: `*`, `**`, `?`, `{'abc','def'}` and `{N..M}` where `N`, `M` — numbers, `abc`, `def` — strings. For more information see [Wildcards In Path](/reference/engines/table-engines/integrations/s3#wildcards-in-path). |
| `format`       | The [format](/reference/formats/index) of the file.                                                                                                                                                                                                                                                |
| `structure`    | Structure of the table. Format `'column1_name column1_type, column2_name column2_type, ...'`.                                                                                                                                                                                                    |

## Returned value {#returned_value}

A table with the specified structure for reading data in the specified file.

## Examples {#examples}

1.  Suppose that we have a ClickHouse cluster named `cluster_simple`, and several files with following URIs on HDFS:

- 'hdfs://hdfs1:9000/some_dir/some_file_1'
- 'hdfs://hdfs1:9000/some_dir/some_file_2'
- 'hdfs://hdfs1:9000/some_dir/some_file_3'
- 'hdfs://hdfs1:9000/another_dir/some_file_1'
- 'hdfs://hdfs1:9000/another_dir/some_file_2'
- 'hdfs://hdfs1:9000/another_dir/some_file_3'

2.  Query the amount of rows in these files:

```sql
SELECT count(*)
FROM hdfsCluster('cluster_simple', 'hdfs://hdfs1:9000/{some,another}_dir/some_file_{1..3}', 'TSV', 'name String, value UInt32')
```

3.  Query the amount of rows in all files of these two directories:

```sql
SELECT count(*)
FROM hdfsCluster('cluster_simple', 'hdfs://hdfs1:9000/{some,another}_dir/*', 'TSV', 'name String, value UInt32')
```

<Note>
If your listing of files contains number ranges with leading zeros, use the construction with braces for each digit separately or use `?`.
</Note>

## Related {#related}

- [HDFS engine](/reference/engines/table-engines/integrations/hdfs)
- [HDFS table function](/reference/functions/table-functions/hdfs)
",0
"26.7.2.59","paimonLocal","The table function can be used to read the Paimon table stored locally.",0
"26.7.2.59","azureBlobStorageCluster","
Allows processing files from [Azure Blob Storage](https://azure.microsoft.com/en-us/products/storage/blobs) in parallel with many nodes in a specified cluster. On initiator it creates a connection to all nodes in the cluster, discloses asterisks in S3 file path, and dispatches each file dynamically. On the worker node it asks the initiator about the next task to process and processes it. This is repeated until all tasks are finished.
This table function is similar to the [s3Cluster function](/reference/functions/table-functions/s3Cluster).

## Syntax {#syntax}

```sql
azureBlobStorageCluster(cluster_name, connection_string|storage_account_url, container_name, blobpath, [account_name, account_key, format, compression, structure])
```

## Arguments {#arguments}

| Argument            | Description                                                                                                                                                                                                                                                                                                                                                                                                                                                                                                       |
|---------------------|-------------------------------------------------------------------------------------------------------------------------------------------------------------------------------------------------------------------------------------------------------------------------------------------------------------------------------------------------------------------------------------------------------------------------------------------------------------------------------------------------------------------|
| `cluster_name`      | Name of a cluster that is used to build a set of addresses and connection parameters to remote and local servers.                                                                                                                                                                                                                                                                                                                                                                                                 |
| `connection_string` | storage_account_url` — connection_string includes account name & key ([Create connection string](https://learn.microsoft.com/en-us/azure/storage/common/storage-configure-connection-string?toc=%2Fazure%2Fstorage%2Fblobs%2Ftoc.json&bc=%2Fazure%2Fstorage%2Fblobs%2Fbreadcrumb%2Ftoc.json#configure-a-connection-string-for-an-azure-storage-account)) or you could also provide the storage account url here and account name & account key as separate parameters (see parameters account_name & account_key) | 
| `container_name`    | Container name                                                                                                                                                                                                                                                                                                                                                                                                                                                                                                    |                                                                                                                                                                                                                                                                                                                                                                                                                                                                                                    
| `blobpath`          | file path. Supports following wildcards in readonly mode: `*`, `**`, `?`, `{abc,def}` and `{N..M}` where `N`, `M` — numbers, `'abc'`, `'def'` — strings.                                                                                                                                                                                                                                                                                                                                                          |
| `account_name`      | if storage_account_url is used, then account name can be specified here                                                                                                                                                                                                                                                                                                                                                                                                                                           |
| `account_key`       | if storage_account_url is used, then account key can be specified here                                                                                                                                                                                                                                                                                                                                                                                                                                            |
| `format`            | The [format](/reference/formats/index) of the file.                                                                                                                                                                                                                                                                                                                                                                                                                                                                 |
| `compression`       | Supported values: `none`, `gzip/gz`, `brotli/br`, `xz/LZMA`, `zstd/zst`. By default, it will autodetect compression by file extension. (same as setting to `auto`).                                                                                                                                                                                                                                                                                                                                               |
| `structure`         |  Structure of the table. Format `'column1_name column1_type, column2_name column2_type, ...'`.                                                                                                                                                                                                                                                                                                                                                                                                                    |

## Returned value {#returned_value}

A table with the specified structure for reading or writing data in the specified file.

## Examples {#examples}

Similar to the [AzureBlobStorage](/reference/engines/table-engines/integrations/azureBlobStorage) table engine, users can use Azurite emulator for local Azure Storage development. Further details [here](https://learn.microsoft.com/en-us/azure/storage/common/storage-use-azurite?tabs=docker-hub%2Cblob-storage). Below we assume Azurite is available at the hostname `azurite1`.

Select the count for the file `test_cluster_*.csv`, using all the nodes in the `cluster_simple` cluster:

```sql
SELECT count(*) FROM azureBlobStorageCluster(
        'cluster_simple', 'http://azurite1:10000/devstoreaccount1', 'testcontainer', 'test_cluster_count.csv', 'devstoreaccount1',
        'Eby8vdM02xNOcqFlqUwJPLlmEtlCDXJ1OUzFT50uSRZ6IFsuFq2UVErCz4I6tq/K1SZFPTOtr/KBHBeksoGMGw==', 'CSV',
        'auto', 'key UInt64')
```

## Using Shared Access Signatures (SAS) {#using-shared-access-signatures-sas-sas-tokens}

See [azureBlobStorage](/reference/functions/table-functions/azureBlobStorage#using-shared-access-signatures-sas-sas-tokens) for examples.

## Related {#related}

- [AzureBlobStorage engine](/reference/engines/table-engines/integrations/azureBlobStorage)
- [azureBlobStorage table function](/reference/functions/table-functions/azureBlobStorage)
",0
"26.7.2.59","icebergHDFSCluster","The table function can be used to read the Iceberg table stored on HDFS virtual filesystem in parallel for many nodes in a specified cluster.",0
"26.7.2.59","s3Cluster","
This is an extension to the [s3](/reference/functions/table-functions/s3) table function.

Allows processing files from [Amazon S3](https://aws.amazon.com/s3/) and Google Cloud Storage [Google Cloud Storage](https://cloud.google.com/storage/) in parallel with many nodes in a specified cluster. On initiator it creates a connection to all nodes in the cluster, discloses asterisks in S3 file path, and dispatches each file dynamically. On the worker node it asks the initiator about the next task to process and processes it. This is repeated until all tasks are finished.

## Syntax {#syntax}

```sql
s3Cluster(cluster_name, url[, NOSIGN | access_key_id, secret_access_key,[session_token]][, format][, structure][, compression_method][, headers][, extra_credentials])
s3Cluster(cluster_name, named_collection[, option=value [,..]])
```

## Arguments {#arguments}

| Argument                              | Description                                                                                                                                                                                             |
|---------------------------------------|---------------------------------------------------------------------------------------------------------------------------------------------------------------------------------------------------------|
| `cluster_name`                        | Name of a cluster that is used to build a set of addresses and connection parameters to remote and local servers.                                                                                         |
| `url`                                 | path to a file or a bunch of files. Supports following wildcards in readonly mode: `*`, `**`, `?`, `{'abc','def'}` and `{N..M}` where `N`, `M` — numbers, `abc`, `def` — strings. For more information see [Wildcards In Path](/reference/engines/table-engines/integrations/s3#wildcards-in-path). |
| `NOSIGN`                              | If this keyword is provided in place of credentials, all the requests will not be signed.                                                                                                             |
| `access_key_id` and `secret_access_key` | Keys that specify credentials to use with given endpoint. Optional.                                                                                                                                     |
| `session_token`                       | Session token to use with the given keys. Optional when passing keys.                                                                                                                                 |
| `format`                              | The [format](/reference/formats/index) of the file.                                                                                                                                                         |
| `structure`                           | Structure of the table. Format `'column1_name column1_type, column2_name column2_type, ...'`.                                                                                                          |
| `compression_method`                  | Parameter is optional. Supported values: `none`, `gzip` or `gz`, `brotli` or `br`, `xz` or `LZMA`, `zstd` or `zst`. By default, it will autodetect compression method by file extension.                 |
| `headers`                             | Parameter is optional. Allows headers to be passed in the S3 request. Pass in the format `headers(key=value)` e.g. `headers('x-amz-request-payer' = 'requester')`. See [here](/reference/functions/table-functions/s3#accessing-requester-pays-buckets) for example of use. |
| `extra_credentials`                   | Optional. `roleARN` can be passed via this parameter. See [here](/products/cloud/guides/data-sources/accessing-s3-data-securely#access-your-s3-bucket-with-the-clickhouseaccess-role) for an example.                                          |

Arguments can also be passed using [named collections](/concepts/features/configuration/server-config/named-collections). In this case `url`, `access_key_id`, `secret_access_key`, `format`, `structure`, `compression_method` work in the same way, and some extra parameters are supported:

| Argument                       | Description                                                                                                                                                                                                                       |
|--------------------------------|-----------------------------------------------------------------------------------------------------------------------------------------------------------------------------------------------------------------------------------|
| `filename`                     | appended to the url if specified.                                                                                                                                                                                                 |
| `use_environment_credentials`  | enabled by default, allows passing extra parameters using environment variables `AWS_CONTAINER_CREDENTIALS_RELATIVE_URI`, `AWS_CONTAINER_CREDENTIALS_FULL_URI`, `AWS_CONTAINER_AUTHORIZATION_TOKEN`, `AWS_EC2_METADATA_DISABLED`. |
| `no_sign_request`              | disabled by default.                                                                                                                                                                                                              |
| `expiration_window_seconds`    | default value is 120.                                                                                                                                                                                                             |

## Returned value {#returned_value}

A table with the specified structure for reading or writing data in the specified file.

## Examples {#examples}

Select the data from all the files in the `/root/data/clickhouse` and `/root/data/database/` folders, using all the nodes in the `cluster_simple` cluster:

```sql
SELECT * FROM s3Cluster(
    'cluster_simple',
    'http://minio1:9001/root/data/{clickhouse,database}/*',
    'minio',
    'ClickHouse_Minio_P@ssw0rd',
    'CSV',
    'name String, value UInt32, polygon Array(Array(Tuple(Float64, Float64)))'
) ORDER BY (name, value, polygon);
```

Count the total amount of rows in all files in the cluster `cluster_simple`:

<Tip>
If your listing of files contains number ranges with leading zeros, use the construction with braces for each digit separately or use `?`.
</Tip>

For production use cases, it is recommended to use [named collections](/concepts/features/configuration/server-config/named-collections). Here is the example:
```sql

CREATE NAMED COLLECTION creds AS
        access_key_id = 'minio',
        secret_access_key = 'ClickHouse_Minio_P@ssw0rd';
SELECT count(*) FROM s3Cluster(
    'cluster_simple', creds, url='https://s3-object-url.csv',
    format='CSV', structure='name String, value UInt32, polygon Array(Array(Tuple(Float64, Float64)))'
)
```

## Accessing private and public buckets {#accessing-private-and-public-buckets}

Users can use the same approaches as document for the s3 function [here](/reference/functions/table-functions/s3#accessing-public-buckets).

## Optimizing performance {#optimizing-performance}

For details on optimizing the performance of the s3 function see [our detailed guide](/integrations/connectors/data-ingestion/AWS/performance).

## Related {#related}

- [S3 engine](/reference/engines/table-engines/integrations/s3)
- [s3 table function](/reference/functions/table-functions/s3)
",0
"26.7.2.59","oss","The table function can be used to read the data stored on OSS.",0
"26.7.2.59","gcs","
Provides a table-like interface to `SELECT` and `INSERT` data from [Google Cloud Storage](https://cloud.google.com/storage/). Requires the [`Storage Object User` IAM role](https://cloud.google.com/storage/docs/access-control/iam-roles).

This is an alias of the [s3 table function](/reference/functions/table-functions/s3).

If you have multiple replicas in your cluster, you can use the [s3Cluster function](/reference/functions/table-functions/s3Cluster) (which works with GCS) instead to parallelize inserts.

## Syntax {#syntax}

```sql
gcs(url [, NOSIGN | hmac_key, hmac_secret] [,format] [,structure] [,compression_method] [,partition_strategy])
gcs(named_collection[, option=value [,..]])
```

<Tip>
**GCS**

The GCS Table Function integrates with Google Cloud Storage by using the GCS XML API and HMAC keys. 
See the [Google interoperability docs](https://cloud.google.com/storage/docs/interoperability) for more details about the endpoint and HMAC.
</Tip>

## Arguments {#arguments}

| Argument                     | Description                                                                                                                                                                              |
|------------------------------|------------------------------------------------------------------------------------------------------------------------------------------------------------------------------------------|
| `url`                        | Bucket path to file. Supports following wildcards in readonly mode: `*`, `**`, `?`, `{abc,def}` and `{N..M}` where `N`, `M` — numbers, `'abc'`, `'def'` — strings.                       |
| `NOSIGN`                     | If this keyword is provided in place of credentials, all the requests will not be signed.                                                                                                |
| `hmac_key` and `hmac_secret` | Keys that specify credentials to use with given endpoint. Optional.                                                                                                                      |
| `format`                     | The [format](/reference/formats/index) of the file.                                                                                                                                        |
| `structure`                  | Structure of the table. Format `'column1_name column1_type, column2_name column2_type, ...'`.                                                                                            |
| `compression_method`         | Parameter is optional. Supported values: `none`, `gzip` or `gz`, `brotli` or `br`, `xz` or `LZMA`, `zstd` or `zst`. By default, it will autodetect compression method by file extension. |
| `partition_strategy`         | Optional. Supported values: `wildcard` or `hive`. `wildcard` requires `{_partition_id}` in the path. It is the default when the path contains `{_partition_id}` (the only strategy compatible with such a path), or when `compatibility` is older than `26.6`; otherwise, including when current defaults apply, the default is `hive`. |

<Info>
**GCS**

The GCS path is in this format as the endpoint for the Google XML API is different than the JSON API:

```text
  https://storage.googleapis.com/<bucket>/<folder>/<filename(s)>
```

and not ~~https://storage.cloud.google.com~~.
</Info>

Arguments can also be passed using [named collections](/concepts/features/configuration/server-config/named-collections). In this case `url`, `format`, `structure`, `compression_method`, `partition_strategy` work in the same way, and some extra parameters are supported:

| Parameter                     | Description                                                                                                                                                                                                                       |
|-------------------------------|-----------------------------------------------------------------------------------------------------------------------------------------------------------------------------------------------------------------------------------|
| `access_key_id`               | `hmac_key`, optional.                                                                                                                                                                                                             |
| `secret_access_key`           | `hmac_secret`, optional.                                                                                                                                                                                                          |
| `filename`                    | Appended to the url if specified.                                                                                                                                                                                                 |
| `use_environment_credentials` | Enabled by default, allows passing extra parameters using environment variables `AWS_CONTAINER_CREDENTIALS_RELATIVE_URI`, `AWS_CONTAINER_CREDENTIALS_FULL_URI`, `AWS_CONTAINER_AUTHORIZATION_TOKEN`, `AWS_EC2_METADATA_DISABLED`. |
| `no_sign_request`             | Disabled by default.                                                                                                                                                                                                              |
| `expiration_window_seconds`   | Default value is 120.                                                                                                                                                                                                             |

## Returned value {#returned_value}

A table with the specified structure for reading or writing data in the specified file.

## Examples {#examples}

Selecting the first two rows from the GCS file `https://storage.googleapis.com/clickhouse_public_datasets/my-test-bucket-768/data.csv.gz`. The compression method is detected automatically from the `.gz` file extension:

```sql
SELECT *
FROM gcs('https://storage.googleapis.com/clickhouse_public_datasets/my-test-bucket-768/data.csv.gz', 'CSV', 'column1 UInt32, column2 UInt32, column3 UInt32')
LIMIT 2;
```

```text
┌─column1─┬─column2─┬─column3─┐
│       1 │       2 │       3 │
│       3 │       2 │       1 │
└─────────┴─────────┴─────────┘
```

The same query as above, but with the `gzip` compression method specified explicitly instead of relying on autodetection:

```sql
SELECT *
FROM gcs('https://storage.googleapis.com/clickhouse_public_datasets/my-test-bucket-768/data.csv.gz', 'CSV', 'column1 UInt32, column2 UInt32, column3 UInt32', 'gzip')
LIMIT 2;
```

```text
┌─column1─┬─column2─┬─column3─┐
│       1 │       2 │       3 │
│       3 │       2 │       1 │
└─────────┴─────────┴─────────┘
```

## Usage {#usage}

Suppose that we have several files with following URIs on GCS:

-   'https://storage.googleapis.com/my-test-bucket-768/some_prefix/some_file_1.csv'
-   'https://storage.googleapis.com/my-test-bucket-768/some_prefix/some_file_2.csv'
-   'https://storage.googleapis.com/my-test-bucket-768/some_prefix/some_file_3.csv'
-   'https://storage.googleapis.com/my-test-bucket-768/some_prefix/some_file_4.csv'
-   'https://storage.googleapis.com/my-test-bucket-768/another_prefix/some_file_1.csv'
-   'https://storage.googleapis.com/my-test-bucket-768/another_prefix/some_file_2.csv'
-   'https://storage.googleapis.com/my-test-bucket-768/another_prefix/some_file_3.csv'
-   'https://storage.googleapis.com/my-test-bucket-768/another_prefix/some_file_4.csv'

Count the amount of rows in files ending with numbers from 1 to 3:

```sql
SELECT count(*)
FROM gcs('https://storage.googleapis.com/clickhouse_public_datasets/my-test-bucket-768/{some,another}_prefix/some_file_{1..3}.csv', 'CSV', 'column1 UInt32, column2 UInt32, column3 UInt32')
```

```text
┌─count()─┐
│      18 │
└─────────┘
```

Count the total amount of rows in all files in these two directories:

```sql
SELECT count(*)
FROM gcs('https://storage.googleapis.com/clickhouse_public_datasets/my-test-bucket-768/{some,another}_prefix/*', 'CSV', 'column1 UInt32, column2 UInt32, column3 UInt32')
```

```text
┌─count()─┐
│      24 │
└─────────┘
```

<Warning>
If your listing of files contains number ranges with leading zeros, use the construction with braces for each digit separately or use `?`.
</Warning>

Count the total amount of rows in files named `file-000.csv`, `file-001.csv`, ... , `file-999.csv`:

```sql
SELECT count(*)
FROM gcs('https://storage.googleapis.com/clickhouse_public_datasets/my-test-bucket-768/big_prefix/file-{000..999}.csv', 'CSV', 'name String, value UInt32');
```

```text
┌─count()─┐
│      12 │
└─────────┘
```

Insert data into file `test-data.csv.gz`:

```sql
INSERT INTO FUNCTION gcs('https://storage.googleapis.com/my-test-bucket-768/test-data.csv.gz', 'CSV', 'name String, value UInt32', 'gzip')
VALUES ('test-data', 1), ('test-data-2', 2);
```

Insert data into file `test-data.csv.gz` from existing table:

```sql
INSERT INTO FUNCTION gcs('https://storage.googleapis.com/my-test-bucket-768/test-data.csv.gz', 'CSV', 'name String, value UInt32', 'gzip')
SELECT name, value FROM existing_table;
```

Glob ** can be used for recursive directory traversal. Consider the below example, it will fetch all files from `my-test-bucket-768` directory recursively:

```sql
SELECT * FROM gcs('https://storage.googleapis.com/my-test-bucket-768/**', 'CSV', 'name String, value UInt32', 'gzip');
```

The below get data from all `test-data.csv.gz` files from any folder inside `my-test-bucket` directory recursively:

```sql
SELECT * FROM gcs('https://storage.googleapis.com/my-test-bucket-768/**/test-data.csv.gz', 'CSV', 'name String, value UInt32', 'gzip');
```

For production use cases it is recommended to use [named collections](/concepts/features/configuration/server-config/named-collections). Here is the example:
```sql

CREATE NAMED COLLECTION creds AS
        access_key_id = '***',
        secret_access_key = '***';
SELECT count(*)
FROM gcs(creds, url='https://s3-object-url.csv')
```

## Partitioned Write {#partitioned-write}

If you specify `PARTITION BY` expression when inserting data into `GCS` table, a separate file is created for each partition value. Splitting the data into separate files helps to improve reading operations efficiency.

A path containing `{_partition_id}` implies the `wildcard` partition strategy, so the explicit `partition_strategy='wildcard'` in the examples below is optional. For paths without the placeholder, the default is `hive` when `compatibility` is `26.6` or later (including current defaults); see the `file_like_engine_default_partition_strategy` setting.

**Examples**

1. Using partition ID in a key creates separate files:

```sql
INSERT INTO TABLE FUNCTION
    gcs('http://bucket.amazonaws.com/my_bucket/file_{_partition_id}.csv', 'CSV', 'a String, b UInt32, c UInt32', partition_strategy='wildcard')
    PARTITION BY a VALUES ('x', 2, 3), ('x', 4, 5), ('y', 11, 12), ('y', 13, 14), ('z', 21, 22), ('z', 23, 24);
```
As a result, the data is written into three files: `file_x.csv`, `file_y.csv`, and `file_z.csv`.

2. Using partition ID in a bucket name creates files in different buckets:

```sql
INSERT INTO TABLE FUNCTION
    gcs('http://bucket.amazonaws.com/my_bucket_{_partition_id}/file.csv', 'CSV', 'a UInt32, b UInt32, c UInt32', partition_strategy='wildcard')
    PARTITION BY a VALUES (1, 2, 3), (1, 4, 5), (10, 11, 12), (10, 13, 14), (20, 21, 22), (20, 23, 24);
```
As a result, the data is written into three files in different buckets: `my_bucket_1/file.csv`, `my_bucket_10/file.csv`, and `my_bucket_20/file.csv`.

## Related {#related}
- [S3 table function](/reference/functions/table-functions/s3)
- [S3 engine](/reference/engines/table-engines/integrations/s3)
",0
"26.7.2.59","hudi","
Provides a read-only table-like interface to Apache [Hudi](https://hudi.apache.org/) tables in Amazon S3.

## Syntax {#syntax}

```sql
hudi(url [,aws_access_key_id, aws_secret_access_key] [,format] [,structure] [,compression] [,extra_credentials])
```

## Arguments {#arguments}

| Argument                                     | Description                                                                                                                                                                                                                                                                                                                                                                            |
|----------------------------------------------|----------------------------------------------------------------------------------------------------------------------------------------------------------------------------------------------------------------------------------------------------------------------------------------------------------------------------------------------------------------------------------------|
| `url`                                        | Bucket url with the path to an existing Hudi table in S3.                                                                                                                                                                                                                                                                                                                              |
| `aws_access_key_id`, `aws_secret_access_key` | Long-term credentials for the [AWS](https://aws.amazon.com/) account user.  You can use these to authenticate your requests. These parameters are optional. If credentials are not specified, they are used from the ClickHouse configuration. For more information see [Using S3 for Data Storage](/reference/engines/table-engines/mergetree-family/mergetree#table_engine-mergetree-s3).  |
| `format`                                     | The [format](/reference/formats/index) of the file.                                                                                                                                                                                                                                                                                                                                         |
| `structure`                                  | Structure of the table. Format `'column1_name column1_type, column2_name column2_type, ...'`.                                                                                                                                                                                                                                                                                          |
| `compression`                                | Parameter is optional. Supported values: `none`, `gzip/gz`, `brotli/br`, `xz/LZMA`, `zstd/zst`. By default, compression will be autodetected by the file extension.                                                                                                                                                                                                                    |
| `extra_credentials`                          | Parameter is optional. Used to pass a `role_arn` for role-based access in ClickHouse Cloud. See [Secure S3](/products/cloud/guides/data-sources/accessing-s3-data-securely) for configuration steps.                                                                                                                                                                                                                    |

## Returned value {#returned_value}

A table with the specified structure for reading data in the specified Hudi table in S3.

## Virtual Columns {#virtual-columns}

- `_path` — Path to the file. Type: `LowCardinality(String)`.
- `_file` — Name of the file. Type: `LowCardinality(String)`.
- `_size` — Size of the file in bytes. Type: `Nullable(UInt64)`. If the file size is unknown, the value is `NULL`.
- `_time` — Last modified time of the file. Type: `Nullable(DateTime)`. If the time is unknown, the value is `NULL`.
- `_etag` — The etag of the file. Type: `LowCardinality(String)`. If the etag is unknown, the value is `NULL`.

## Related {#related}

- [Hudi engine](/reference/engines/table-engines/integrations/hudi)
- [Hudi cluster table function](/reference/functions/table-functions/hudiCluster)
",0
"26.7.2.59","cosn","The table function can be used to read the data stored on COSN.",0
"26.7.2.59","s3","
import ExperimentalBadge from ""/snippets/components/ExperimentalBadge/ExperimentalBadge.jsx"";
import CloudNotSupportedBadge from ""/snippets/components/CloudNotSupportedBadge/CloudNotSupportedBadge.jsx"";

Provides a table-like interface to select/insert files in [Amazon S3](https://aws.amazon.com/s3/) and [Google Cloud Storage](https://cloud.google.com/storage/). This table function is similar to the [hdfs function](/reference/functions/table-functions/hdfs), but provides S3-specific features.

If you have multiple replicas in your cluster, you can use the [s3Cluster function](/reference/functions/table-functions/s3Cluster) instead to parallelize inserts.

When using the `s3 table function` with [`INSERT INTO...SELECT`](/reference/statements/insert-into#inserting-the-results-of-select), data is read and inserted in a streaming fashion. Only a few blocks of data reside in memory while the blocks are continuously read from S3 and pushed into the destination table.

## Syntax {#syntax}

```sql
s3(url [, NOSIGN | access_key_id, secret_access_key, [session_token]] [,format] [,structure] [,compression_method],[,headers], [,extra_credentials], [,partition_strategy], [,partition_columns_in_data_file])
s3(named_collection[, option=value [,..]])
```

<Tip>
**GCS**

The S3 Table Function integrates with Google Cloud Storage by using the GCS XML API and HMAC keys.  See the [Google interoperability docs](https://cloud.google.com/storage/docs/interoperability) for more details about the endpoint and HMAC.

For GCS, substitute your HMAC key and HMAC secret where you see `access_key_id` and `secret_access_key`.
</Tip>

**Parameters**

`s3` table function supports the following plain parameters:

| Parameter                               | Description                                                                                                                                                                                                                                                                                                                                                                      |
|-----------------------------------------|----------------------------------------------------------------------------------------------------------------------------------------------------------------------------------------------------------------------------------------------------------------------------------------------------------------------------------------------------------------------------------|
| `url`                                   | Bucket url with path to file. Supports following wildcards in readonly mode: `*`, `**`, `?`, `{abc,def}` and `{N..M}` where `N`, `M` — numbers, `'abc'`, `'def'` — strings. For more information see [here](/reference/engines/table-engines/integrations/s3#wildcards-in-path).                                                                                                   |
| `NOSIGN`                                | If this keyword is provided in place of credentials, all the requests will not be signed.                                                                                                                                                                                                                                                                                        |
| `access_key_id` and `secret_access_key` | Keys that specify credentials to use with given endpoint. Optional.                                                                                                                                                                                                                                                                                                              |
| `session_token`                         | Session token to use with the given keys. Optional when passing keys.                                                                                                                                                                                                                                                                                                            |
| `format`                                | The [format](/reference/formats/index) of the file.                                                                                                                                                                                                                                                                                                                                |
| `structure`                             | Structure of the table. Format `'column1_name column1_type, column2_name column2_type, ...'`.                                                                                                                                                                                                                                                                                    |
| `compression_method`                    | Parameter is optional. Supported values: `none`, `gzip` or `gz`, `brotli` or `br`, `xz` or `LZMA`, `zstd` or `zst`. By default, it will autodetect compression method by file extension.                                                                                                                                                                                         |
| `headers`                               | Parameter is optional. Allows headers to be passed in the S3 request. Pass in the format `headers(key=value)` e.g. `headers('x-amz-request-payer' = 'requester')`.                                                                                                                                                                                                               |
| `partition_strategy`                    | Parameter is optional. Supported values: `wildcard` or `hive`. `wildcard` requires a `{_partition_id}` in the path, which is replaced with the partition key. `hive` does not allow wildcards, assumes the path is the table root, and generates Hive-style partitioned directories with Snowflake IDs as filenames and the file format as the extension. If the path contains a `{_partition_id}` placeholder, defaults to `wildcard` — the only strategy compatible with such a path. Otherwise defaults to the `file_like_engine_default_partition_strategy` setting (`wildcard` under `compatibility` settings older than `26.6`, `hive` otherwise). |
| `partition_columns_in_data_file`        | Parameter is optional. Only used with `hive` partition strategy. Tells ClickHouse whether to expect partition columns to be written in the data file. Defaults `false`.                                                                                                                                                                                                          |
| `extra_credentials`                     | Parameter is optional. Used to pass a `role_arn` for role-based access in ClickHouse Cloud. See [Secure S3](/products/cloud/guides/data-sources/accessing-s3-data-securely) for configuration steps. |
| `storage_class_name`                    | Parameter is optional. Supported values: `STANDARD`, `REDUCED_REDUNDANCY`, `STANDARD_IA`, `ONEZONE_IA`, `INTELLIGENT_TIERING`, `GLACIER_IR`, `EXPRESS_ONEZONE`. Only S3 storage classes that allow immediate retrieval are supported (archival classes such as `GLACIER` and `DEEP_ARCHIVE` are not). Allows to specify [AWS S3 Intelligent Tiering](https://aws.amazon.com/s3/storage-classes/intelligent-tiering/). Defaults to `STANDARD`. |

<Info>
**GCS**

The GCS url is in this format as the endpoint for the Google XML API is different than the JSON API:

```text
  https://storage.googleapis.com/<bucket>/<folder>/<filename(s)>
```

and not ~~https://storage.cloud.google.com~~.
</Info>

Arguments can also be passed using [named collections](/concepts/features/configuration/server-config/named-collections). In this case `url`, `access_key_id`, `secret_access_key`, `format`, `structure`, `compression_method` work in the same way, and some extra parameters are supported:

| Argument                      | Description                                                                                                                                                                       |
|-------------------------------|-----------------------------------------------------------------------------------------------------------------------------------------------------------------------------------|
| `filename`                    | appended to the url if specified.                                                                                                                                                 |
| `use_environment_credentials` | enabled by default, allows passing extra parameters using environment variables `AWS_CONTAINER_CREDENTIALS_RELATIVE_URI`, `AWS_CONTAINER_CREDENTIALS_FULL_URI`, `AWS_CONTAINER_AUTHORIZATION_TOKEN`, `AWS_EC2_METADATA_DISABLED`. |
| `no_sign_request`             | disabled by default.                                                                                                                                                              |
| `expiration_window_seconds`   | default value is 120.                                                                                                                                                             |

## Returned value {#returned_value}

A table with the specified structure for reading or writing data in the specified file.

## Examples {#examples}

Selecting the first 5 rows from the table from S3 file `https://datasets-documentation.s3.eu-west-3.amazonaws.com/aapl_stock.csv`:

```sql
SELECT *
FROM s3(
   'https://datasets-documentation.s3.eu-west-3.amazonaws.com/aapl_stock.csv',
   'CSVWithNames'
)
LIMIT 5;
```

```response
┌───────Date─┬────Open─┬────High─┬─────Low─┬───Close─┬───Volume─┬─OpenInt─┐
│ 1984-09-07 │ 0.42388 │ 0.42902 │ 0.41874 │ 0.42388 │ 23220030 │       0 │
│ 1984-09-10 │ 0.42388 │ 0.42516 │ 0.41366 │ 0.42134 │ 18022532 │       0 │
│ 1984-09-11 │ 0.42516 │ 0.43668 │ 0.42516 │ 0.42902 │ 42498199 │       0 │
│ 1984-09-12 │ 0.42902 │ 0.43157 │ 0.41618 │ 0.41618 │ 37125801 │       0 │
│ 1984-09-13 │ 0.43927 │ 0.44052 │ 0.43927 │ 0.43927 │ 57822062 │       0 │
└────────────┴─────────┴─────────┴─────────┴─────────┴──────────┴─────────┘
```

<Note>
ClickHouse uses filename extensions to determine the format of the data. For example, we could have run the previous command without the `CSVWithNames`:

```sql
SELECT *
FROM s3(
   'https://datasets-documentation.s3.eu-west-3.amazonaws.com/aapl_stock.csv'
)
LIMIT 5;
```

ClickHouse also can determine the compression method of the file. For example, if the file was zipped up with a `.csv.gz` extension, ClickHouse would decompress the file automatically.
</Note>

<Note>
Parquet files with names like `*.parquet.snappy` or `*.parquet.zstd` can confuse ClickHouse and cause `TOO_LARGE_COMPRESSED_BLOCK` or `ZSTD_DECODER_FAILED` errors.
This is because ClickHouse would attempt to read the entire file as Snappy or ZSTD-encoded data when, in fact, Parquet applies compression at the row-group and column level.

Parquet metadata already specifies the per-column compression, and so the file extension is superfluous.
You can just use `compression_method = 'none'` in such cases:

```sql
SELECT *
FROM s3(
  'https://<my-bucket>.s3.<my-region>.amazonaws.com/path/to/my-data.parquet.snappy',
  compression_format = 'none'
);
```
</Note>

## Usage {#usage}

Suppose that we have several files with following URIs on S3:

- 'https://clickhouse-public-datasets.s3.amazonaws.com/my-test-bucket-768/some_prefix/some_file_1.csv'
- 'https://clickhouse-public-datasets.s3.amazonaws.com/my-test-bucket-768/some_prefix/some_file_2.csv'
- 'https://clickhouse-public-datasets.s3.amazonaws.com/my-test-bucket-768/some_prefix/some_file_3.csv'
- 'https://clickhouse-public-datasets.s3.amazonaws.com/my-test-bucket-768/some_prefix/some_file_4.csv'
- 'https://clickhouse-public-datasets.s3.amazonaws.com/my-test-bucket-768/another_prefix/some_file_1.csv'
- 'https://clickhouse-public-datasets.s3.amazonaws.com/my-test-bucket-768/another_prefix/some_file_2.csv'
- 'https://clickhouse-public-datasets.s3.amazonaws.com/my-test-bucket-768/another_prefix/some_file_3.csv'
- 'https://clickhouse-public-datasets.s3.amazonaws.com/my-test-bucket-768/another_prefix/some_file_4.csv'

Count the number of rows in files ending with numbers from 1 to 3:

```sql
SELECT count(*)
FROM s3('https://datasets-documentation.s3.eu-west-3.amazonaws.com/my-test-bucket-768/{some,another}_prefix/some_file_{1..3}.csv', 'CSV', 'column1 UInt32, column2 UInt32, column3 UInt32')
```

```text
┌─count()─┐
│      18 │
└─────────┘
```

Count the total amount of rows in all files in these two directories:

```sql
SELECT count(*)
FROM s3('https://datasets-documentation.s3.eu-west-3.amazonaws.com/my-test-bucket-768/{some,another}_prefix/*', 'CSV', 'column1 UInt32, column2 UInt32, column3 UInt32')
```

```text
┌─count()─┐
│      24 │
└─────────┘
```

<Tip>
If your listing of files contains number ranges with leading zeros, use the construction with braces for each digit separately or use `?`.
</Tip>

Count the total amount of rows in files named `file-000.csv`, `file-001.csv`, ... , `file-999.csv`:

```sql
SELECT count(*)
FROM s3('https://datasets-documentation.s3.eu-west-3.amazonaws.com/my-test-bucket-768/big_prefix/file-{000..999}.csv', 'CSV', 'column1 UInt32, column2 UInt32, column3 UInt32');
```

```text
┌─count()─┐
│      12 │
└─────────┘
```

Insert data into file `test-data.csv.gz`:

```sql
INSERT INTO FUNCTION s3('https://clickhouse-public-datasets.s3.amazonaws.com/my-test-bucket-768/test-data.csv.gz', 'CSV', 'name String, value UInt32', 'gzip')
VALUES ('test-data', 1), ('test-data-2', 2);
```

Insert data into file `test-data.csv.gz` from existing table:

```sql
INSERT INTO FUNCTION s3('https://clickhouse-public-datasets.s3.amazonaws.com/my-test-bucket-768/test-data.csv.gz', 'CSV', 'name String, value UInt32', 'gzip')
SELECT name, value FROM existing_table;
```

Glob ** can be used for recursive directory traversal. Consider the below example, it will fetch all files from `my-test-bucket-768` directory recursively:

```sql
SELECT * FROM s3('https://clickhouse-public-datasets.s3.amazonaws.com/my-test-bucket-768/**', 'CSV', 'name String, value UInt32', 'gzip');
```

The below get data from all `test-data.csv.gz` files from any folder inside `my-test-bucket` directory recursively:

```sql
SELECT * FROM s3('https://clickhouse-public-datasets.s3.amazonaws.com/my-test-bucket-768/**/test-data.csv.gz', 'CSV', 'name String, value UInt32', 'gzip');
```

Note. It is possible to specify custom URL mappers in the server configuration file. Example:
```sql
SELECT * FROM s3('s3://clickhouse-public-datasets/my-test-bucket-768/**/test-data.csv.gz', 'CSV', 'name String, value UInt32', 'gzip');
```
The URL `'s3://clickhouse-public-datasets/my-test-bucket-768/**/test-data.csv.gz'` would be replaced to `'http://clickhouse-public-datasets.s3.amazonaws.com/my-test-bucket-768/**/test-data.csv.gz'`

Custom mapper can be added into `config.xml`:
```xml
<url_scheme_mappers>
   <s3>
      <to>https://{bucket}.s3.amazonaws.com</to>
   </s3>
   <gs>
      <to>https://{bucket}.storage.googleapis.com</to>
   </gs>
   <oss>
      <to>https://{bucket}.oss.aliyuncs.com</to>
   </oss>
</url_scheme_mappers>
```

For production use cases it is recommended to use [named collections](/concepts/features/configuration/server-config/named-collections). Here is the example:
```sql

CREATE NAMED COLLECTION creds AS
        access_key_id = '***',
        secret_access_key = '***';
SELECT count(*)
FROM s3(creds, url='https://s3-object-url.csv')
```

## Partitioned Write {#partitioned-write}

### Partition Strategy {#partition-strategy}

Supported for INSERT queries only.

`wildcard`: Replaces the `{_partition_id}` wildcard in the file path with the actual partition key. Selected by default when the path contains a `{_partition_id}` placeholder (the only strategy compatible with such a path), and otherwise under `compatibility` settings older than `26.6`; in the remaining cases the default is `hive` (see the `file_like_engine_default_partition_strategy` setting).

`hive` implements hive style partitioning for reads & writes. It generates files using the following format: `<prefix>/<key1=val1/key2=val2...>/<snowflakeid>.<toLower(file_format)>`.

**Example of `hive` partition strategy**

```sql
INSERT INTO FUNCTION s3(s3_conn, filename='t_03363_function', format=Parquet, partition_strategy='hive') PARTITION BY (year, country) SELECT 2020 as year, 'Russia' as country, 1 as id;
```

```result
SELECT _path, * FROM s3(s3_conn, filename='t_03363_function/**.parquet');

   ┌─_path──────────────────────────────────────────────────────────────────────┬─id─┬─country─┬─year─┐
1. │ test/t_03363_function/year=2020/country=Russia/7351295896279887872.parquet │  1 │ Russia  │ 2020 │
   └────────────────────────────────────────────────────────────────────────────┴────┴─────────┴──────┘
```

**Examples of `wildcard` partition strategy**

1. Using partition ID in a key creates separate files:

```sql
INSERT INTO TABLE FUNCTION
    s3('http://bucket.amazonaws.com/my_bucket/file_{_partition_id}.csv', 'CSV', 'a String, b UInt32, c UInt32', partition_strategy='wildcard')
    PARTITION BY a VALUES ('x', 2, 3), ('x', 4, 5), ('y', 11, 12), ('y', 13, 14), ('z', 21, 22), ('z', 23, 24);
```
As a result, the data is written into three files: `file_x.csv`, `file_y.csv`, and `file_z.csv`.

2. Using partition ID in a bucket name creates files in different buckets:

```sql
INSERT INTO TABLE FUNCTION
    s3('http://bucket.amazonaws.com/my_bucket_{_partition_id}/file.csv', 'CSV', 'a UInt32, b UInt32, c UInt32', partition_strategy='wildcard')
    PARTITION BY a VALUES (1, 2, 3), (1, 4, 5), (10, 11, 12), (10, 13, 14), (20, 21, 22), (20, 23, 24);
```
As a result, the data is written into three files in different buckets: `my_bucket_1/file.csv`, `my_bucket_10/file.csv`, and `my_bucket_20/file.csv`.

## Accessing public buckets {#accessing-public-buckets}

ClickHouse tries to fetch credentials from many different types of sources.
Sometimes, it can produce problems when accessing some buckets that are public causing the client to return `403` error code.
This issue can be avoided by using `NOSIGN` keyword, forcing the client to ignore all the credentials, and not sign the requests.

```sql
SELECT *
FROM s3(
   'https://datasets-documentation.s3.eu-west-3.amazonaws.com/aapl_stock.csv',
   NOSIGN,
   'CSVWithNames'
)
LIMIT 5;
```

## Using S3 credentials (ClickHouse Cloud) {#using-s3-credentials-clickhouse-cloud}

For non-public buckets, users can pass an `aws_access_key_id` and `aws_secret_access_key` to the function. For example:

```sql
SELECT count() FROM s3('https://datasets-documentation.s3.eu-west-3.amazonaws.com/mta/*.tsv', '<KEY>', '<SECRET>','TSVWithNames')
```

This is appropriate for one-off accesses or in cases where credentials can easily be rotated. However, this is not recommended as a long-term solution for repeated access or where credentials are sensitive. In this case, we recommend users rely on role-based access.

Role-based access for S3 in ClickHouse Cloud is documented [here](/products/cloud/guides/data-sources/accessing-s3-data-securely).

Once configured, a `roleARN` can be passed to the s3 function via an `extra_credentials` parameter. For example:

```sql
SELECT count() FROM s3('https://datasets-documentation.s3.eu-west-3.amazonaws.com/mta/*.tsv','CSVWithNames',extra_credentials(role_arn = 'arn:aws:iam::111111111111:role/ClickHouseAccessRole-001'))
```

An optional `external_id` can also be supplied alongside `role_arn`. It is passed as the `ExternalId` parameter of the AWS STS `AssumeRole` call and lets the role's trust policy require a shared secret, which mitigates the [confused deputy problem](https://docs.aws.amazon.com/IAM/latest/UserGuide/confused-deputy.html). For example:

```sql
SELECT count() FROM s3('https://datasets-documentation.s3.eu-west-3.amazonaws.com/mta/*.tsv','CSVWithNames',extra_credentials(role_arn = 'arn:aws:iam::111111111111:role/ClickHouseAccessRole-001', external_id = 'my-external-id'))
```

Further examples can be found [here](/products/cloud/guides/data-sources/accessing-s3-data-securely#access-your-s3-bucket-with-the-clickhouseaccess-role)

## Working with archives {#working-with-archives}

Suppose that we have several archive files with following URIs on S3:

- 'https://s3-us-west-1.amazonaws.com/umbrella-static/top-1m-2018-01-10.csv.zip'
- 'https://s3-us-west-1.amazonaws.com/umbrella-static/top-1m-2018-01-11.csv.zip'
- 'https://s3-us-west-1.amazonaws.com/umbrella-static/top-1m-2018-01-12.csv.zip'

Extracting data from these archives is possible using ::. Globs can be used both in the url part as well as in the part after :: (responsible for the name of a file inside the archive).

```sql
SELECT *
FROM s3(
   'https://s3-us-west-1.amazonaws.com/umbrella-static/top-1m-2018-01-1{0..2}.csv.zip :: *.csv'
);
```

<Note>
ClickHouse supports three archive formats:
ZIP
TAR
7Z
While ZIP and TAR archives can be accessed from any supported storage location, 7Z archives can only be read from the local filesystem where ClickHouse is installed.
</Note>

## Inserting Data {#inserting-data}

Note that rows can only be inserted into new files. There are no merge cycles or file split operations. Once a file is written, subsequent inserts will fail. See more details [here](/integrations/connectors/data-ingestion/AWS/integrating-s3-with-clickhouse#inserting-data).

## Virtual Columns {#virtual-columns}

- `_path` — Path to the file. Type: `LowCardinality(String)`. In case of archive, shows path in a format: `""{path_to_archive}::{path_to_file_inside_archive}""`
- `_file` — Name of the file. Type: `LowCardinality(String)`. In case of archive shows name of the file inside the archive.
- `_size` — Size of the file in bytes. Type: `Nullable(UInt64)`. If the file size is unknown, the value is `NULL`. In case of archive shows uncompressed file size of the file inside the archive.
- `_time` — Last modified time of the file. Type: `Nullable(DateTime)`. If the time is unknown, the value is `NULL`.

## use_hive_partitioning setting {#hive-style-partitioning}

This is a hint for ClickHouse to parse hive style partitioned files upon reading time. It has no effect on writing. For symmetrical reads and writes, use the `partition_strategy` argument.

When setting `use_hive_partitioning` is set to 1, ClickHouse will detect Hive-style partitioning in the path (`/name=value/`) and will allow to use partition columns as virtual columns in the query. These virtual columns will have the same names as in the partitioned path.

**Example**

```sql
SELECT * FROM s3('s3://data/path/date=*/country=*/code=*/*.parquet') WHERE date > '2020-01-01' AND country = 'Netherlands' AND code = 42;
```

## Accessing requester-pays buckets {#accessing-requester-pays-buckets}

To access a requester-pays bucket, a header `x-amz-request-payer = requester` must be passed in any requests. This is achieved by passing the parameter `headers('x-amz-request-payer' = 'requester')` to the s3 function. For example:

```sql
SELECT
    count() AS num_rows,
    uniqExact(_file) AS num_files
FROM s3('https://coiled-datasets-rp.s3.us-east-1.amazonaws.com/1trc/measurements-100*.parquet', 'AWS_ACCESS_KEY_ID', 'AWS_SECRET_ACCESS_KEY', headers('x-amz-request-payer' = 'requester'))

┌───num_rows─┬─num_files─┐
│ 1110000000 │       111 │
└────────────┴───────────┘

1 row in set. Elapsed: 3.089 sec. Processed 1.09 billion rows, 0.00 B (353.55 million rows/s., 0.00 B/s.)
Peak memory usage: 192.27 KiB.
```

## Storage Settings {#storage-settings}

- [s3_truncate_on_insert](/reference/settings/session-settings#s3_truncate_on_insert) - allows to truncate file before insert into it. Disabled by default.
- [s3_create_new_file_on_insert](/reference/settings/session-settings#s3_create_new_file_on_insert) - allows to create a new file on each insert if format has suffix. Disabled by default.
- [s3_skip_empty_files](/reference/settings/session-settings#s3_skip_empty_files) - allows to skip empty files while reading. Enabled by default.

## Nested Avro Schemas {#nested-avro-schemas}

When reading Avro files that contain **nested records** which diverge across files (for example, some files have an extra field inside a nested object), ClickHouse may return an error such as:

> The number of leaves in record doesn't match the number of elements in tuple...

This happens because ClickHouse expects all nested record structures to match the same schema.  
To handle this scenario, you can:

- Use `schema_inference_mode='union'` to merge different nested record schemas, or  
- Manually align your nested structures and enable  
  `use_structure_from_insertion_table_in_table_functions=1`.

<Info>
**Performance note**

`schema_inference_mode='union'` may take longer on very large S3 datasets because it must scan each file to infer the schema.
</Info>

**Example**
```sql
INSERT INTO data_stage
SELECT
    id,
    data
FROM s3('https://bucket-name/*.avro', 'Avro')
SETTINGS schema_inference_mode='union';

## Related {#related}

- [S3 engine](/reference/engines/table-engines/integrations/s3)
- [Integrating S3 with ClickHouse](/integrations/connectors/data-ingestion/AWS/integrating-s3-with-clickhouse)
",0
"26.7.2.59","azureBlobStorage","
import ExperimentalBadge from ""/snippets/components/ExperimentalBadge/ExperimentalBadge.jsx"";
import CloudNotSupportedBadge from ""/snippets/components/CloudNotSupportedBadge/CloudNotSupportedBadge.jsx"";

Provides a table-like interface to select/insert files in [Azure Blob Storage](https://azure.microsoft.com/en-us/products/storage/blobs). This table function is similar to the [s3 function](/reference/functions/table-functions/s3).

## Syntax {#syntax}

<Tabs>
<Tab title=""Connection string"">

Credentials are embedded in the connection string, so no separate `account_name`/`account_key` is needed:

```sql
azureBlobStorage(connection_string, container_name, blobpath [, format, compression, partition_strategy, structure])
```

</Tab>
<Tab title=""Storage account URL"">

Requires `account_name` and `account_key` as separate arguments:

```sql
azureBlobStorage(storage_account_url, container_name, blobpath, account_name, account_key [, format, compression, partition_strategy, structure])
```

</Tab>
<Tab title=""Named collection"">

See [Named Collections](#named-collections) below for the full list of supported keys:

```sql
azureBlobStorage(named_collection[, option=value [,..]])
```

</Tab>
</Tabs>

## Arguments {#arguments}

| Argument                         | Description                                                                                                                                                                                                                                                                                                                                               |
|----------------------------------|-----------------------------------------------------------------------------------------------------------------------------------------------------------------------------------------------------------------------------------------------------------------------------------------------------------------------------------------------------------|
| `connection_string`              | A connection string that includes embedded credentials (account name + account key or SAS token). When using this form, `account_name` and `account_key` should **not** be passed separately. See [Configure a connection string](https://learn.microsoft.com/en-us/azure/storage/common/storage-configure-connection-string?toc=%2Fazure%2Fstorage%2Fblobs%2Ftoc.json&bc=%2Fazure%2Fstorage%2Fblobs%2Fbreadcrumb%2Ftoc.json#configure-a-connection-string-for-an-azure-storage-account). |
| `storage_account_url`            | The storage account endpoint URL, e.g. `https://myaccount.blob.core.windows.net/`. When using this form, you **must** also pass `account_name` and `account_key`.                                                                                                                                                                                         |
| `container_name`                 | Container name.                                                                                                                                                                                                                                                                                                                                           |
| `blobpath`                       | File path. Supports the following wildcards in read-only mode: `*`, `**`, `?`, `{abc,def}` and `{N..M}` where `N`, `M` — numbers, `'abc'`, `'def'` — strings.                                                                                                                                                                                            |
| `account_name`                   | Storage account name. **Required** when using `storage_account_url` without SAS; must **not** be passed when using `connection_string`.                                                                                                                                                                                                                               |
| `account_key`                    | Storage account key. **Required** when using `storage_account_url` without SAS; must **not** be passed when using `connection_string`.                                                                                                                                                                                                                                |
| `format`                         | The [format](/reference/formats/index) of the file.                                                                                                                                                                                                                                                                                                         |
| `compression`                    | Supported values: `none`, `gzip/gz`, `brotli/br`, `xz/LZMA`, `zstd/zst`. By default, it will autodetect compression by file extension (same as setting to `auto`).                                                                                                                                                                                       |
| `structure`                      | Structure of the table. Format `'column1_name column1_type, column2_name column2_type, ...'`.                                                                                                                                                                                                                                                             |
| `partition_strategy`             | Optional. Supported values: `WILDCARD` or `HIVE`. `WILDCARD` requires a `{_partition_id}` in the path, which is replaced with the partition key. `HIVE` does not allow wildcards, assumes the path is the table root, and generates Hive-style partitioned directories with Snowflake IDs as filenames and the file format as the extension. If the path contains a `{_partition_id}` placeholder, defaults to `WILDCARD` — the only strategy compatible with such a path. Otherwise defaults to the `file_like_engine_default_partition_strategy` setting (`WILDCARD` under `compatibility` settings older than `26.6`, `HIVE` otherwise). |
| `partition_columns_in_data_file` | Optional. Only used with `HIVE` partition strategy. Tells ClickHouse whether to expect partition columns to be written in the data file. Defaults `false`.                                                                                                                                                                                                 |
| `extra_credentials`              | Use `client_id` and `tenant_id` for authentication. If extra_credentials are provided, they are given priority over `account_name` and `account_key`.                                                                                                                                                                                                     |

## Named Collections {#named-collections}

Arguments can also be passed using [named collections](/concepts/features/configuration/server-config/named-collections). In this case the following keys are supported:

| Key                              | Required | Description                                                                                            |
|----------------------------------|----------|--------------------------------------------------------------------------------------------------------|
| `container`                      | Yes      | Container name. Corresponds to the positional argument `container_name`.                               |
| `blob_path`                      | Yes      | File path (with optional wildcards). Corresponds to the positional argument `blobpath`.                |
| `connection_string`              | No*      | Connection string with embedded credentials. *Either `connection_string` or `storage_account_url` must be provided. |
| `storage_account_url`            | No*      | Storage account endpoint URL. *Either `connection_string` or `storage_account_url` must be provided.   |
| `account_name`                   | No       | Required when using `storage_account_url`                                                            |
| `account_key`                    | No       | Required when using `storage_account_url`                                                            |
| `format`                         | No       | File format.                                                                                           |
| `compression`                    | No       | Compression type.                                                                                      |
| `structure`                      | No       | Table structure.                                                                                       |
| `client_id`                      | No       | Client ID for authentication.                                                                          |
| `tenant_id`                      | No       | Tenant ID for authentication.                                                                          |

<Note>
Named collection key names differ from positional function argument names: `container` (not `container_name`) and `blob_path` (not `blobpath`).
</Note>

**Example:**

```sql
CREATE NAMED COLLECTION azure_my_data AS
    storage_account_url = 'https://myaccount.blob.core.windows.net/',
    container = 'mycontainer',
    blob_path = 'data/*.parquet',
    account_name = 'myaccount',
    account_key = 'mykey...==',
    format = 'Parquet';

SELECT *
FROM azureBlobStorage(azure_my_data)
LIMIT 5;
```

You can also override named collection values at query time:

```sql
SELECT *
FROM azureBlobStorage(azure_my_data, blob_path = 'other_data/*.csv', format = 'CSVWithNames')
LIMIT 5;
```

## Returned value {#returned_value}

A table with the specified structure for reading or writing data in the specified file.

## Examples {#examples}

### Reading with `storage_account_url` form {#reading-with-storage-account-url}

```sql
SELECT *
FROM azureBlobStorage(
    'https://myaccount.blob.core.windows.net/',
    'mycontainer',
    'data/*.parquet',
    'myaccount',
    'mykey...==',
    'Parquet'
)
LIMIT 5;
```

### Reading with `connection_string` form {#reading-with-connection-string}

```sql
SELECT *
FROM azureBlobStorage(
    'DefaultEndpointsProtocol=https;AccountName=myaccount;AccountKey=mykey...==;EndPointSuffix=core.windows.net',
    'mycontainer',
    'data/*.csv',
    'CSVWithNames'
)
LIMIT 5;
```

### Writing with partitions {#writing-with-partitions}

A path containing `{_partition_id}` implies the `WILDCARD` partition strategy. For paths without the placeholder, the default is `HIVE` when `compatibility` is `26.6` or later (including current defaults); see the `file_like_engine_default_partition_strategy` setting.

```sql
INSERT INTO TABLE FUNCTION azureBlobStorage(
    'DefaultEndpointsProtocol=https;AccountName=myaccount;AccountKey=mykey...==;EndPointSuffix=core.windows.net',
    'mycontainer',
    'test_{_partition_id}.csv',
    'CSV',
    'auto',
    'wildcard',
    'column1 UInt32, column2 UInt32, column3 UInt32'
) PARTITION BY column3
VALUES (1, 2, 3), (3, 2, 1), (78, 43, 3);
```

Then read back a specific partition:

```sql
SELECT *
FROM azureBlobStorage(
    'DefaultEndpointsProtocol=https;AccountName=myaccount;AccountKey=mykey...==;EndPointSuffix=core.windows.net',
    'mycontainer',
    'test_1.csv',
    'CSV',
    'auto',
    'column1 UInt32, column2 UInt32, column3 UInt32'
);
```

```response
┌─column1─┬─column2─┬─column3─┐
│       3 │       2 │       1 │
└─────────┴─────────┴─────────┘
```

## Virtual Columns {#virtual-columns}

- `_path` — Path to the file. Type: `LowCardinality(String)`.
- `_file` — Name of the file. Type: `LowCardinality(String)`.
- `_size` — Size of the file in bytes. Type: `Nullable(UInt64)`. If the file size is unknown, the value is `NULL`.
- `_time` — Last modified time of the file. Type: `Nullable(DateTime)`. If the time is unknown, the value is `NULL`.

## Partitioned Write {#partitioned-write}

### Partition Strategy {#partition-strategy}

Supported for INSERT queries only.

`WILDCARD`: Replaces the `{_partition_id}` wildcard in the file path with the actual partition key. Selected by default when the path contains a `{_partition_id}` placeholder (the only strategy compatible with such a path), and otherwise under `compatibility` settings older than `26.6`; in the remaining cases the default is `HIVE` (see the `file_like_engine_default_partition_strategy` setting).

`HIVE` implements hive style partitioning for reads & writes. It generates files using the following format: `<prefix>/<key1=val1/key2=val2...>/<snowflakeid>.<toLower(file_format)>`.

**Example of `HIVE` partition strategy**

```sql
INSERT INTO TABLE FUNCTION azureBlobStorage(
    azure_conf2,
    storage_account_url = 'https://myaccount.blob.core.windows.net/',
    container = 'cont',
    blob_path = 'azure_table_root',
    format = 'CSVWithNames',
    compression = 'auto',
    structure = 'year UInt16, country String, id Int32',
    partition_strategy = 'hive'
) PARTITION BY (year, country)
VALUES (2020, 'Russia', 1), (2021, 'Brazil', 2);
```

```result
SELECT _path, * FROM azureBlobStorage(
    azure_conf2,
    storage_account_url = 'https://myaccount.blob.core.windows.net/',
    container = 'cont',
    blob_path = 'azure_table_root/**.csvwithnames'
)

   ┌─_path───────────────────────────────────────────────────────────────────────────┬─id─┬─year─┬─country─┐
1. │ cont/azure_table_root/year=2021/country=Brazil/7351307847391293440.csvwithnames │  2 │ 2021 │ Brazil  │
2. │ cont/azure_table_root/year=2020/country=Russia/7351307847378710528.csvwithnames │  1 │ 2020 │ Russia  │
   └─────────────────────────────────────────────────────────────────────────────────┴────┴──────┴─────────┘
```

## use_hive_partitioning setting {#hive-style-partitioning}

This is a hint for ClickHouse to parse hive style partitioned files upon reading time. It has no effect on writing. For symmetrical reads and writes, use the `partition_strategy` argument.

When setting `use_hive_partitioning` is set to 1, ClickHouse will detect Hive-style partitioning in the path (`/name=value/`) and will allow to use partition columns as virtual columns in the query. These virtual columns will have the same names as in the partitioned path.

**Example**

Use virtual column, created with Hive-style partitioning

```sql
SELECT * FROM azureBlobStorage(config, storage_account_url='...', container='...', blob_path='http://data/path/date=*/country=*/code=*/*.parquet') WHERE date > '2020-01-01' AND country = 'Netherlands' AND code = 42;
```

## Using Shared Access Signatures (SAS) {#using-shared-access-signatures-sas-sas-tokens}

A Shared Access Signature (SAS) is a URI that grants restricted access to an Azure Storage container or file. Use it to provide time-limited access to storage account resources without sharing your storage account key. More details [here](https://learn.microsoft.com/en-us/rest/api/storageservices/delegate-access-with-shared-access-signature).

The `azureBlobStorage` function supports Shared Access Signatures (SAS).

A [Blob SAS token](https://learn.microsoft.com/en-us/azure/ai-services/translator/document-translation/how-to-guides/create-sas-tokens?tabs=Containers) contains all the information needed to authenticate the request, including the target blob, permissions, and validity period. To construct a blob URL, append the SAS token to the blob service endpoint. For example, if the endpoint is `https://clickhousedocstest.blob.core.windows.net/`, the request becomes:

```sql
SELECT count()
FROM azureBlobStorage('BlobEndpoint=https://clickhousedocstest.blob.core.windows.net/;SharedAccessSignature=sp=r&st=2025-01-29T14:58:11Z&se=2025-01-29T22:58:11Z&spr=https&sv=2022-11-02&sr=c&sig=Ac2U0xl4tm%2Fp7m55IilWl1yHwk%2FJG0Uk6rMVuOiD0eE%3D', 'exampledatasets', 'example.csv')

┌─count()─┐
│      10 │
└─────────┘

1 row in set. Elapsed: 0.425 sec.
```

Alternatively, users can use the generated [Blob SAS URL](https://learn.microsoft.com/en-us/azure/ai-services/translator/document-translation/how-to-guides/create-sas-tokens?tabs=Containers):

```sql
SELECT count()
FROM azureBlobStorage('https://clickhousedocstest.blob.core.windows.net/?sp=r&st=2025-01-29T14:58:11Z&se=2025-01-29T22:58:11Z&spr=https&sv=2022-11-02&sr=c&sig=Ac2U0xl4tm%2Fp7m55IilWl1yHwk%2FJG0Uk6rMVuOiD0eE%3D', 'exampledatasets', 'example.csv')

┌─count()─┐
│      10 │
└─────────┘

1 row in set. Elapsed: 0.153 sec.
```

## Related {#related}
- [AzureBlobStorage Table Engine](/reference/engines/table-engines/integrations/azureBlobStorage)
",0
"26.7.2.59","prometheusQueryRange","
Evaluates a prometheus query using data from a TimeSeries table over a range of evaluation times.

## Syntax {#syntax}

```sql
prometheusQueryRange('db_name', 'time_series_table', 'promql_query', start_time, end_time, step)
prometheusQueryRange(db_name.time_series_table, 'promql_query', start_time, end_time, step)
prometheusQueryRange('time_series_table', 'promql_query', start_time, end_time, step)
```

## Arguments {#arguments}

- `db_name` - The name of the database where a TimeSeries table is located.
- `time_series_table` - The name of a TimeSeries table.
- `promql_query` - A query written in [PromQL syntax](https://prometheus.io/docs/prometheus/latest/querying/basics/).
- `start_time` - The start time of the evaluation range.
- `end_time` - The end time of the evaluation range.
- `step` - The step used to iterate the evaluation time from `start_time` to `end_time` (inclusively).

## Returned value {#returned_value}

The function can returns different columns depending on the result type of the query passed to parameter `promql_query`:

| Result Type | Result Columns | Example |
|-------------|----------------|---------|
| vector      | tags Array(Tuple(String, String)), timestamp TimestampType, value ValueType | prometheusQuery(mytable, 'up') |
| matrix      | tags Array(Tuple(String, String)), time_series Array(Tuple(TimestampType, ValueType)) | prometheusQuery(mytable, 'up[1m]') |
| scalar      | scalar ValueType | prometheusQuery(mytable, '1h30m') |
| string      | string String | prometheusQuery(mytable, '""abc""') |

## Supported PromQL Features {#supported-promql-features}

### Selectors {#selectors}

Instant selectors, range selectors, label matchers (`=`, `!=`, `=~`, `!~`), offset modifiers, `@` timestamp modifiers, and subqueries.

### Functions {#functions}

| Category | Functions |
|----------|-----------|
| Range    | `rate`, `irate`, `delta`, `idelta`, `last_over_time` |
| Math     | `abs`, `sgn`, `floor`, `ceil`, `sqrt`, `exp`, `ln`, `log2`, `log10`, `rad`, `deg` |
| Trig     | `sin`, `cos`, `tan`, `asin`, `acos`, `atan`, `sinh`, `cosh`, `tanh`, `asinh`, `acosh`, `atanh` |
| DateTime | `day_of_week`, `day_of_month`, `days_in_month`, `day_of_year`, `minute`, `hour`, `month`, `year` |
| Type     | `scalar`, `vector` |
| Histogram | `histogram_quantile` |
| Other    | `time`, `pi` |

**Note**: `histogram_quantile` uses linear interpolation on classic histogram buckets (identified by the `le` label). Native histograms are not yet supported, and the `phi` (quantile level) argument must currently be a constant scalar — expressions that vary per step such as `histogram_quantile(time() / 1000, ...)` are rejected with a `NOT_IMPLEMENTED` error.

### Operators {#operators}

All arithmetic (`+`, `-`, `*`, `/`, `%`, `^`), comparison (`==`, `!=`, `<`, `>`, `<=`, `>=` with optional `bool`), and logical (`and`, `or`, `unless`) binary operators, with `on()`/`ignoring()` and `group_left()`/`group_right()` modifiers.

Unary operators `+` and `-`.

### Aggregation Operators {#aggregation-operators}

`sum`, `avg`, `min`, `max`, `count`, `stddev`, `stdvar`, `group`, `quantile`, `topk`, `bottomk`, `limitk` — with optional `by()` or `without()` modifiers.

Not yet supported: `count_values`.

## Example {#example}

```sql
SELECT * FROM prometheusQueryRange(mytable, 'rate(http_requests{job=""prometheus""}[10m])[1h:10m]', now() - INTERVAL 10 MINUTES, now(), INTERVAL 1 MINUTE)
```
",0
"26.7.2.59","prometheusQuery","
Evaluates a prometheus query using data from a TimeSeries table.

## Syntax {#syntax}

```sql
prometheusQuery('db_name', 'time_series_table', 'promql_query', evaluation_time)
prometheusQuery(db_name.time_series_table, 'promql_query', evaluation_time)
prometheusQuery('time_series_table', 'promql_query', evaluation_time)
```

## Arguments {#arguments}

- `db_name` - The name of the database where a TimeSeries table is located.
- `time_series_table` - The name of a TimeSeries table.
- `promql_query` - A query written in [PromQL syntax](https://prometheus.io/docs/prometheus/latest/querying/basics/).
- `evaluation_time - The evaluation timestamp. To evaluate a query at the current time, use `now()` as `evaluation_time`.

## Returned value {#returned_value}

The function can returns different columns depending on the result type of the query passed to parameter `promql_query`:

| Result Type | Result Columns | Example |
|-------------|----------------|---------|
| vector      | tags Array(Tuple(String, String)), timestamp TimestampType, value ValueType | prometheusQuery(mytable, 'up') |
| matrix      | tags Array(Tuple(String, String)), time_series Array(Tuple(TimestampType, ValueType)) | prometheusQuery(mytable, 'up[1m]') |
| scalar      | scalar ValueType | prometheusQuery(mytable, '1h30m') |
| string      | string String | prometheusQuery(mytable, '""abc""') |

## Supported PromQL Features {#supported-promql-features}

### Selectors {#selectors}

Instant selectors, range selectors, label matchers (`=`, `!=`, `=~`, `!~`), offset modifiers, `@` timestamp modifiers, and subqueries.

### Functions {#functions}

| Category | Functions |
|----------|-----------|
| Range    | `rate`, `irate`, `delta`, `idelta`, `last_over_time` |
| Math     | `abs`, `sgn`, `floor`, `ceil`, `sqrt`, `exp`, `ln`, `log2`, `log10`, `rad`, `deg` |
| Trig     | `sin`, `cos`, `tan`, `asin`, `acos`, `atan`, `sinh`, `cosh`, `tanh`, `asinh`, `acosh`, `atanh` |
| DateTime | `day_of_week`, `day_of_month`, `days_in_month`, `day_of_year`, `minute`, `hour`, `month`, `year` |
| Type     | `scalar`, `vector` |
| Histogram | `histogram_quantile` |
| Other    | `time`, `pi` |

**Note**: `histogram_quantile` uses linear interpolation on classic histogram buckets (identified by the `le` label). Native histograms are not yet supported, and the `phi` (quantile level) argument must currently be a constant scalar — expressions that vary per step such as `histogram_quantile(time() / 1000, ...)` are rejected with a `NOT_IMPLEMENTED` error.

### Operators {#operators}

All arithmetic (`+`, `-`, `*`, `/`, `%`, `^`), comparison (`==`, `!=`, `<`, `>`, `<=`, `>=` with optional `bool`), and logical (`and`, `or`, `unless`) binary operators, with `on()`/`ignoring()` and `group_left()`/`group_right()` modifiers.

Unary operators `+` and `-`.

### Aggregation Operators {#aggregation-operators}

`sum`, `avg`, `min`, `max`, `count`, `stddev`, `stdvar`, `group`, `quantile`, `topk`, `bottomk`, `limitk` — with optional `by()` or `without()` modifiers.

Not yet supported: `count_values`.

## Example {#example}

```sql
SELECT * FROM prometheusQuery(mytable, 'rate(http_requests{job=""prometheus""}[10m])[1h:10m]', now())
```
",0
"26.7.2.59","timeSeriesSelector","
Reads time series from a TimeSeries table filtered by a selector and with timestamps in a specified interval.
This function is similar to [range selectors](https://prometheus.io/docs/prometheus/latest/querying/basics/#range-vector-selectors) but it's used to implement [instant selectors](https://prometheus.io/docs/prometheus/latest/querying/basics/#instant-vector-selectors) too.

## Syntax {#syntax}

```sql
timeSeriesSelector('db_name', 'time_series_table', 'instant_query', min_time, max_time)
timeSeriesSelector(db_name.time_series_table, 'instant_query', min_time, max_time)
timeSeriesSelector('time_series_table', 'instant_query', min_time, max_time)
```

## Arguments {#arguments}

- `db_name` - The name of the database where a TimeSeries table is located.
- `time_series_table` - The name of a TimeSeries table.
- `instant_query` - An instant selector written in [PromQL syntax](https://prometheus.io/docs/prometheus/latest/querying/basics/#instant-vector-selectors), without `@` or `offset` modifiers.
- `min_time - Start timestamp, inclusive.
- `max_time - End timestamp, inclusive.

## Returned value {#returned_value}

The function returns three columns:
- `id` - Contains the identifiers of time series matching the specified selector.
- `timestamp` - Contains timestamps.
- `value` - Contains values.

There is no specific order for returned data.

## Example {#example}

```sql
SELECT * FROM timeSeriesSelector(mytable, 'http_requests{job=""prometheus""}', now() - INTERVAL 10 MINUTES, now())
```
",0
"26.7.2.59","timeSeriesMetrics","
`timeSeriesMetrics(db_name.time_series_table)` - Returns the [metrics](/reference/engines/table-engines/integrations/time-series#metrics-table) table
used by table `db_name.time_series_table` whose table engine is the [TimeSeries](/reference/engines/table-engines/integrations/time-series) engine:

```sql
CREATE TABLE db_name.time_series_table ENGINE=TimeSeries METRICS metrics_table
```

The function also works if the _metrics_ table is inner:

```sql
CREATE TABLE db_name.time_series_table ENGINE=TimeSeries METRICS INNER UUID '01234567-89ab-cdef-0123-456789abcdef'
```

The following queries are equivalent:

```sql
SELECT * FROM timeSeriesMetrics(db_name.time_series_table);
SELECT * FROM timeSeriesMetrics('db_name.time_series_table');
SELECT * FROM timeSeriesMetrics('db_name', 'time_series_table');
```
",0
"26.7.2.59","timeSeriesTags","
`timeSeriesTags(db_name.time_series_table)` - Returns the [tags](/reference/engines/table-engines/integrations/time-series#tags-table) table
used by table `db_name.time_series_table` whose table engine is the [TimeSeries](/reference/engines/table-engines/integrations/time-series) engine:

```sql
CREATE TABLE db_name.time_series_table ENGINE=TimeSeries TAGS tags_table
```

The function also works if the _tags_ table is inner:

```sql
CREATE TABLE db_name.time_series_table ENGINE=TimeSeries TAGS INNER UUID '01234567-89ab-cdef-0123-456789abcdef'
```

The following queries are equivalent:

```sql
SELECT * FROM timeSeriesTags(db_name.time_series_table);
SELECT * FROM timeSeriesTags('db_name.time_series_table');
SELECT * FROM timeSeriesTags('db_name', 'time_series_table');
```
",0
"26.7.2.59","timeSeriesSamples","
`timeSeriesSamples(db_name.time_series_table)` - Returns the [samples](/reference/engines/table-engines/integrations/time-series#samples-table) table
used by table `db_name.time_series_table` whose table engine is [TimeSeries](/reference/engines/table-engines/integrations/time-series):

```sql
CREATE TABLE db_name.time_series_table ENGINE=TimeSeries SAMPLES samples_table
```

The function also works if the _samples_ table is inner:

```sql
CREATE TABLE db_name.time_series_table ENGINE=TimeSeries SAMPLES INNER UUID '01234567-89ab-cdef-0123-456789abcdef'
```

The following queries are equivalent:

```sql
SELECT * FROM timeSeriesSamples(db_name.time_series_table);
SELECT * FROM timeSeriesSamples('db_name.time_series_table');
SELECT * FROM timeSeriesSamples('db_name', 'time_series_table');
```

<Note>
The function `timeSeriesSamples` has an alias `timeSeriesData` which is kept for backwards compatibility.
</Note>
",0
"26.7.2.59","mergeTreeProjection","
Represents the contents of some projection in MergeTree tables. It can be used for introspection.

## Syntax {#syntax}

```sql
mergeTreeProjection(database, table, projection)
```

## Arguments {#arguments}

| Argument     | Description                                |
|--------------|--------------------------------------------|
| `database`   | The database name to read projection from. |
| `table`      | The table name to read projection from.    |
| `projection` | The projection to read from.               |

## Returned value {#returned_value}

A table object with columns provided by given projection.

## Usage Example {#usage-example}

```sql
CREATE TABLE test
(
    `user_id` UInt64,
    `item_id` UInt64,
    PROJECTION order_by_item_id
    (
        SELECT _part_offset
        ORDER BY item_id
    )
)
ENGINE = MergeTree
ORDER BY user_id;

INSERT INTO test SELECT number, 100 - number FROM numbers(5);
```

```sql
SELECT *, _part_offset FROM mergeTreeProjection(currentDatabase(), test, order_by_item_id);
```

```text
   ┌─item_id─┬─_parent_part_offset─┬─_part_offset─┐
1. │      96 │                   4 │            0 │
2. │      97 │                   3 │            1 │
3. │      98 │                   2 │            2 │
4. │      99 │                   1 │            3 │
5. │     100 │                   0 │            4 │
   └─────────┴─────────────────────┴──────────────┘
```

```sql
DESCRIBE mergeTreeProjection(currentDatabase(), test, order_by_item_id) SETTINGS describe_compact_output = 1;
```

```text
   ┌─name────────────────┬─type───┐
1. │ item_id             │ UInt64 │
2. │ _parent_part_offset │ UInt64 │
   └─────────────────────┴────────┘
```
",1
"26.7.2.59","format","
Parses data from arguments according to specified input format. If structure argument is not specified, it's extracted from the data.

## Syntax {#syntax}

```sql
format(format_name, [structure], data)
```

## Arguments {#arguments}

- `format_name` — The [format](/reference/formats/index) of the data.
- `structure` - Structure of the table. Optional. Format 'column1_name column1_type, column2_name column2_type, ...'.
- `data` — String literal or constant expression that returns a string containing data in specified format

## Returned value {#returned_value}

A table with data parsed from `data` argument according to specified format and specified or extracted structure.

## Examples {#examples}

Without `structure` argument:

```sql title=""Query""
SELECT * FROM format(JSONEachRow,
$$
{""a"": ""Hello"", ""b"": 111}
{""a"": ""World"", ""b"": 123}
{""a"": ""Hello"", ""b"": 112}
{""a"": ""World"", ""b"": 124}
$$)
```

```response title=""Response""
┌───b─┬─a─────┐
│ 111 │ Hello │
│ 123 │ World │
│ 112 │ Hello │
│ 124 │ World │
└─────┴───────┘
```

```sql title=""Query""
DESC format(JSONEachRow,
$$
{""a"": ""Hello"", ""b"": 111}
{""a"": ""World"", ""b"": 123}
{""a"": ""Hello"", ""b"": 112}
{""a"": ""World"", ""b"": 124}
$$)
```

```response title=""Response""
┌─name─┬─type──────────────┬─default_type─┬─default_expression─┬─comment─┬─codec_expression─┬─ttl_expression─┐
│ b    │ Nullable(Float64) │              │                    │         │                  │                │
│ a    │ Nullable(String)  │              │                    │         │                  │                │
└──────┴───────────────────┴──────────────┴────────────────────┴─────────┴──────────────────┴────────────────┘
```

With `structure` argument:

```sql title=""Query""
SELECT * FROM format(JSONEachRow, 'a String, b UInt32',
$$
{""a"": ""Hello"", ""b"": 111}
{""a"": ""World"", ""b"": 123}
{""a"": ""Hello"", ""b"": 112}
{""a"": ""World"", ""b"": 124}
$$)
```

```response title=""Response""
┌─a─────┬───b─┐
│ Hello │ 111 │
│ World │ 123 │
│ Hello │ 112 │
│ World │ 124 │
└───────┴─────┘
```

## Related {#related}

- [Formats](/reference/formats/index)
",0
"26.7.2.59","paimonAzure","The table function can be used to read the Paimon table stored on Azure object store.",0
"26.7.2.59","loop","
## Syntax {#syntax}

```sql
SELECT ... FROM loop(database, table);
SELECT ... FROM loop(database.table);
SELECT ... FROM loop(table);
SELECT ... FROM loop(other_table_function(...));
```

## Arguments {#arguments}

| Argument                    | Description                                                                                                          |
|-----------------------------|----------------------------------------------------------------------------------------------------------------------|
| `database`                  | database name.                                                                                                       |
| `table`                     | table name.                                                                                                          |
| `other_table_function(...)` | other table function. Example: `SELECT * FROM loop(numbers(10));` `other_table_function(...)` here is `numbers(10)`. |

## Returned values {#returned_values}

Infinite loop to return query results.

## Examples {#examples}

Selecting data from ClickHouse:

```sql
SELECT * FROM loop(test_database, test_table);
SELECT * FROM loop(test_database.test_table);
SELECT * FROM loop(test_table);
```

Or using other table functions:

```sql
SELECT * FROM loop(numbers(3)) LIMIT 7;
   ┌─number─┐
1. │      0 │
2. │      1 │
3. │      2 │
   └────────┘
   ┌─number─┐
4. │      0 │
5. │      1 │
6. │      2 │
   └────────┘
   ┌─number─┐
7. │      0 │
   └────────┘
``` 
```sql
SELECT * FROM loop(mysql('localhost:3306', 'test', 'test', 'user', 'password'));
...
```
",0
"26.7.2.59","postgresql","
Allows `SELECT` and `INSERT` queries to be performed on data that is stored on a remote PostgreSQL server.

## Syntax {#syntax}

```sql
postgresql({host:port, database, table, user, password[, schema, [, on_conflict]] | named_collection[, option=value [,..]]} [, SETTINGS name=value, ...])
```

## Arguments {#arguments}

| Argument      | Description                                                                |
|---------------|----------------------------------------------------------------------------|
| `host:port`   | PostgreSQL server address.                                                 |
| `database`    | Remote database name.                                                      |
| `table`       | Remote table name, or a query passed to PostgreSQL as is (see [Passing a query instead of a table name](#passing-a-query)). |
| `user`        | PostgreSQL user.                                                           |
| `password`    | User password.                                                             |
| `schema`      | Non-default table schema. Optional.                                        |
| `on_conflict` | Conflict resolution strategy. Example: `ON CONFLICT DO NOTHING`. Optional. |

Arguments also can be passed using [named collections](/concepts/features/configuration/server-config/named-collections). In this case `host` and `port` should be specified separately. This approach is recommended for production environment.

## Returned value {#returned_value}

A table object with the same columns as the original PostgreSQL table.

<Note>
In the `INSERT` query to distinguish table function `postgresql(...)` from table name with column names list you must use keywords `FUNCTION` or `TABLE FUNCTION`. See examples below.
</Note>

## Settings {#settings}

The connection pool used by the `postgresql` table function (and the [`PostgreSQL`](/reference/engines/table-engines/integrations/postgresql) table engine) can be configured with a trailing `SETTINGS` clause. When a setting is not specified, it defaults to the value of the corresponding query-level `postgresql_*` setting. See the table engine's [Settings](/reference/engines/table-engines/integrations/postgresql#settings) section for the full list of `postgresql_connection_pool_*` and `postgresql_connection_attempt_timeout` settings and their defaults.

Example:

```sql
SELECT * FROM postgresql('localhost:5432', 'test', 'test', 'postgresql_user', 'password', SETTINGS postgresql_connection_pool_size = 32);
```

## Implementation Details {#implementation-details}

`SELECT` queries on PostgreSQL side run as `COPY (SELECT ...) TO STDOUT` inside read-only PostgreSQL transaction with commit after each `SELECT` query.

Simple `WHERE` clauses such as `=`, `!=`, `>`, `>=`, `<`, `<=`, and `IN` are executed on the PostgreSQL server.

All joins, aggregations, sorting, `IN [ array ]` conditions and the `LIMIT` sampling constraint are executed in ClickHouse only after the query to PostgreSQL finishes.

## Passing a query instead of a table name {#passing-a-query}

Instead of a table name, the third argument can be a `SELECT` query that is passed to PostgreSQL as is. The structure of the resulting table is inferred from the query result. The query can be written either as a subquery, or wrapped into the `query` function:

```sql
SELECT * FROM postgresql('localhost:5432', 'test', (SELECT a, b FROM t1 JOIN t2 USING (id) WHERE a > 0), 'user', 'password');
SELECT * FROM postgresql('localhost:5432', 'test', query('SELECT a, b FROM t1 JOIN t2 USING (id) WHERE a > 0'), 'user', 'password');
```

This is useful to push down joins, aggregations or any other processing to PostgreSQL. Such a table is read-only: `INSERT` into it is not allowed. The same syntax is supported by the [`PostgreSQL`](/reference/engines/table-engines/integrations/postgresql) table engine.

<Note>
The subquery form `(SELECT ...)` is parsed by ClickHouse and re-serialized in the PostgreSQL dialect (PostgreSQL identifier quoting and string-literal escaping) before being sent to the server. It must therefore be valid ClickHouse SQL. To pass PostgreSQL-specific syntax that ClickHouse does not parse, use the `query('...')` form, whose text is sent to PostgreSQL verbatim.

Any outer `WHERE`, `LIMIT`, aggregation, etc. of the surrounding ClickHouse query is **not** pushed down into the passed query — it is applied in ClickHouse after the full query result is fetched. To restrict the data read from PostgreSQL, put the filter inside the passed query. With [`external_table_strict_query = 1`](/reference/settings/session-settings#external_table_strict_query) an outer filter that cannot be pushed down is rejected with an exception instead of being applied locally.
</Note>

`INSERT` queries on PostgreSQL side run as `COPY ""table_name"" (field1, field2, ... fieldN) FROM STDIN` inside PostgreSQL transaction with auto-commit after each `INSERT` statement.

PostgreSQL Array types converts into ClickHouse arrays.

<Note>
Be careful, in PostgreSQL an array data type column like Integer[] may contain arrays of different dimensions in different rows, but in ClickHouse it is only allowed to have multidimensional arrays of the same dimension in all rows.
</Note>

Supports multiple replicas that must be listed by `|`. For example:

```sql
SELECT name FROM postgresql(`postgres{1|2|3}:5432`, 'postgres_database', 'postgres_table', 'user', 'password');
```

or

```sql
SELECT name FROM postgresql(`postgres1:5431|postgres2:5432`, 'postgres_database', 'postgres_table', 'user', 'password');
```

Supports replicas priority for PostgreSQL dictionary source. The bigger the number in map, the less the priority. The highest priority is `0`.

## Examples {#examples}

Table in PostgreSQL:

```text
postgres=# CREATE TABLE ""public"".""test"" (
""int_id"" SERIAL,
""int_nullable"" INT NULL DEFAULT NULL,
""float"" FLOAT NOT NULL,
""str"" VARCHAR(100) NOT NULL DEFAULT '',
""float_nullable"" FLOAT NULL DEFAULT NULL,
PRIMARY KEY (int_id));

CREATE TABLE

postgres=# INSERT INTO test (int_id, str, ""float"") VALUES (1,'test',2);
INSERT 0 1

postgresql> SELECT * FROM test;
  int_id | int_nullable | float | str  | float_nullable
 --------+--------------+-------+------+----------------
       1 |              |     2 | test |
(1 row)
```

Selecting data from ClickHouse using plain arguments:

```sql
SELECT * FROM postgresql('localhost:5432', 'test', 'test', 'postgresql_user', 'password') WHERE str IN ('test');
```

Or using [named collections](/concepts/features/configuration/server-config/named-collections):

```sql
CREATE NAMED COLLECTION mypg AS
        host = 'localhost',
        port = 5432,
        database = 'test',
        user = 'postgresql_user',
        password = 'password';
SELECT * FROM postgresql(mypg, table='test') WHERE str IN ('test');
```

```text
┌─int_id─┬─int_nullable─┬─float─┬─str──┬─float_nullable─┐
│      1 │         ᴺᵁᴸᴸ │     2 │ test │           ᴺᵁᴸᴸ │
└────────┴──────────────┴───────┴──────┴────────────────┘
```

Inserting:

```sql
INSERT INTO TABLE FUNCTION postgresql('localhost:5432', 'test', 'test', 'postgrsql_user', 'password') (int_id, float) VALUES (2, 3);
SELECT * FROM postgresql('localhost:5432', 'test', 'test', 'postgresql_user', 'password');
```

```text
┌─int_id─┬─int_nullable─┬─float─┬─str──┬─float_nullable─┐
│      1 │         ᴺᵁᴸᴸ │     2 │ test │           ᴺᵁᴸᴸ │
│      2 │         ᴺᵁᴸᴸ │     3 │      │           ᴺᵁᴸᴸ │
└────────┴──────────────┴───────┴──────┴────────────────┘
```

Using Non-default Schema:

```text
postgres=# CREATE SCHEMA ""nice.schema"";

postgres=# CREATE TABLE ""nice.schema"".""nice.table"" (a integer);

postgres=# INSERT INTO ""nice.schema"".""nice.table"" SELECT i FROM generate_series(0, 99) as t(i)
```

```sql
CREATE TABLE pg_table_schema_with_dots (a UInt32)
        ENGINE PostgreSQL('localhost:5432', 'clickhouse', 'nice.table', 'postgrsql_user', 'password', 'nice.schema');
```

## Related {#related}

- [The PostgreSQL table engine](/reference/engines/table-engines/integrations/postgresql)
- [Using PostgreSQL as a dictionary source](/reference/statements/create/dictionary/sources/postgresql)

### Replicating or migrating Postgres data with PeerDB {#replicating-or-migrating-postgres-data-with-peerdb}

> In addition to table functions, you can always use [PeerDB](https://docs.peerdb.io/introduction) by ClickHouse to set up a continuous data pipeline from Postgres to ClickHouse. PeerDB is a tool designed specifically to replicate data from Postgres to ClickHouse using change data capture (CDC).
",0
"26.7.2.59","clusterAllReplicas","Like the cluster table function, but queries all replicas of every shard in the cluster instead of a single replica per shard.",1
"26.7.2.59","viewIfPermitted","Returns the result of a SELECT query as a view, but only if the current user has the permissions required to run it; otherwise it returns the result of the ELSE table function.",1
"26.7.2.59","view","
Turns a subquery into a table. The function implements views (see [CREATE VIEW](/reference/statements/create/view)). The resulting table does not store data, but only stores the specified `SELECT` query. When reading from the table, ClickHouse executes the query and deletes all unnecessary columns from the result.

## Syntax {#syntax}

```sql
view(subquery)
```

## Arguments {#arguments}

- `subquery` — `SELECT` query.

## Returned value {#returned_value}

- A table.

## Examples {#examples}

Input table:

```text
┌─id─┬─name─────┬─days─┐
│  1 │ January  │   31 │
│  2 │ February │   29 │
│  3 │ March    │   31 │
│  4 │ April    │   30 │
└────┴──────────┴──────┘
```

```sql title=""Query""
SELECT * FROM view(SELECT name FROM months);
```

```text title=""Response""
┌─name─────┐
│ January  │
│ February │
│ March    │
│ April    │
└──────────┘
```

You can use the `view` function as a parameter of the [remote](/reference/functions/table-functions/remote) and [cluster](/reference/functions/table-functions/cluster) table functions:

```sql title=""Query""
SELECT * FROM remote(`127.0.0.1`, view(SELECT a, b, c FROM table_name));
```

```sql title=""Query""
SELECT * FROM cluster(`cluster_name`, view(SELECT a, b, c FROM table_name));
```

## Related {#related}

- [View Table Engine](/reference/engines/table-engines/special/view)
",1
"26.7.2.59","jdbc","
<Note>
clickhouse-jdbc-bridge contains experimental codes and is no longer supported. It may contain reliability issues and security vulnerabilities. Use it at your own risk. 
ClickHouse recommend using built-in table functions in ClickHouse which provide a better alternative for ad-hoc querying scenarios (Postgres, MySQL, MongoDB, etc).
</Note>

JDBC table function returns table that is connected via JDBC driver.

This table function requires separate [clickhouse-jdbc-bridge](https://github.com/ClickHouse/clickhouse-jdbc-bridge) program to be running.
It supports Nullable types (based on DDL of remote table that is queried).

## Syntax {#syntax}

```sql
jdbc(datasource, external_database, external_table)
jdbc(datasource, external_table)
jdbc(named_collection)
```

## Examples {#examples}

Instead of an external database name, a schema can be specified:

```sql
SELECT * FROM jdbc('jdbc:mysql://localhost:3306/?user=root&password=root', 'schema', 'table')
```

```sql
SELECT * FROM jdbc('mysql://localhost:3306/?user=root&password=root', 'select * from schema.table')
```

```sql
SELECT * FROM jdbc('mysql-dev?p1=233', 'num Int32', 'select toInt32OrZero(''{{p1}}'') as num')
```

```sql
SELECT *
FROM jdbc('mysql-dev?p1=233', 'num Int32', 'select toInt32OrZero(''{{p1}}'') as num')
```

```sql
SELECT a.datasource AS server1, b.datasource AS server2, b.name AS db
FROM jdbc('mysql-dev?datasource_column', 'show databases') a
INNER JOIN jdbc('self?datasource_column', 'show databases') b ON a.Database = b.name
```
",0
"26.7.2.59","hdfs","
import ExperimentalBadge from ""/snippets/components/ExperimentalBadge/ExperimentalBadge.jsx"";
import CloudNotSupportedBadge from ""/snippets/components/CloudNotSupportedBadge/CloudNotSupportedBadge.jsx"";

Creates a table from files in HDFS. This table function is similar to the [url](/reference/functions/table-functions/url) and [file](/reference/functions/table-functions/file) table functions.

## Syntax {#syntax}

```sql
hdfs(URI, format, structure)
```

## Arguments {#arguments}

| Argument  | Description                                                                                                                                                              |
|-----------|--------------------------------------------------------------------------------------------------------------------------------------------------------------------------|
| `URI`     | The relative URI to the file in HDFS. Path to file support following globs in readonly mode: `*`, `?`, `{abc,def}` and `{N..M}` where `N`, `M` — numbers, `'abc', 'def'` — strings. |
| `format`  | The [format](/reference/formats/index) of the file.                                                                                                                          |
| `structure`| Structure of the table. Format `'column1_name column1_type, column2_name column2_type, ...'`.                                                                           |

## Returned value {#returned_value}

A table with the specified structure for reading or writing data in the specified file.

**example**

Table from `hdfs://hdfs1:9000/test` and selection of the first two rows from it:

```sql
SELECT *
FROM hdfs('hdfs://hdfs1:9000/test', 'TSV', 'column1 UInt32, column2 UInt32, column3 UInt32')
LIMIT 2
```

```text
┌─column1─┬─column2─┬─column3─┐
│       1 │       2 │       3 │
│       3 │       2 │       1 │
└─────────┴─────────┴─────────┘
```

## Globs in path {#globs_in_path}

Paths may use globbing. Files must match the whole path pattern, not only the suffix or prefix.

- `*` — Represents arbitrarily many characters except `/` but including the empty string.
- `**` — Represents all files inside a folder recursively.
- `?` — Represents an arbitrary single character.
- `{some_string,another_string,yet_another_one}` — Substitutes any of strings `'some_string', 'another_string', 'yet_another_one'`. The strings can contain the `/` symbol.
- `{N..M}` — Represents any number `>= N` and `<= M`.

Constructions with `{}` are similar to the [remote](/reference/functions/table-functions/remote) and [file](/reference/functions/table-functions/file) table functions.

**Example**

1.  Suppose that we have several files with following URIs on HDFS:

- 'hdfs://hdfs1:9000/some_dir/some_file_1'
- 'hdfs://hdfs1:9000/some_dir/some_file_2'
- 'hdfs://hdfs1:9000/some_dir/some_file_3'
- 'hdfs://hdfs1:9000/another_dir/some_file_1'
- 'hdfs://hdfs1:9000/another_dir/some_file_2'
- 'hdfs://hdfs1:9000/another_dir/some_file_3'

2.  Query the amount of rows in these files:

{/* */}

```sql
SELECT count(*)
FROM hdfs('hdfs://hdfs1:9000/{some,another}_dir/some_file_{1..3}', 'TSV', 'name String, value UInt32')
```

3.  Query the amount of rows in all files of these two directories:

{/* */}

```sql
SELECT count(*)
FROM hdfs('hdfs://hdfs1:9000/{some,another}_dir/*', 'TSV', 'name String, value UInt32')
```

<Note>
If your listing of files contains number ranges with leading zeros, use the construction with braces for each digit separately or use `?`.
</Note>

**Example**

Query the data from files named `file000`, `file001`, ... , `file999`:

```sql
SELECT count(*)
FROM hdfs('hdfs://hdfs1:9000/big_dir/file{0..9}{0..9}{0..9}', 'CSV', 'name String, value UInt32')
```

## Virtual Columns {#virtual-columns}

- `_path` — Path to the file. Type: `LowCardinality(String)`.
- `_file` — Name of the file. Type: `LowCardinality(String)`.
- `_size` — Size of the file in bytes. Type: `Nullable(UInt64)`. If the size is unknown, the value is `NULL`.
- `_time` — Last modified time of the file. Type: `Nullable(DateTime)`. If the time is unknown, the value is `NULL`.

## use_hive_partitioning setting {#hive-style-partitioning}

When setting `use_hive_partitioning` is set to 1, ClickHouse will detect Hive-style partitioning in the path (`/name=value/`) and will allow to use partition columns as virtual columns in the query. These virtual columns will have the same names as in the partitioned path.

**Example**

Use virtual column, created with Hive-style partitioning

```sql
SELECT * FROM HDFS('hdfs://hdfs1:9000/data/path/date=*/country=*/code=*/*.parquet') WHERE date > '2020-01-01' AND country = 'Netherlands' AND code = 42;
```

## Storage Settings {#storage-settings}

- [hdfs_truncate_on_insert](/reference/settings/session-settings#hdfs_truncate_on_insert) - allows to truncate file before insert into it. Disabled by default.
- [hdfs_create_new_file_on_insert](/reference/settings/session-settings#hdfs_create_new_file_on_insert) - allows to create a new file on each insert if format has suffix. Disabled by default.
- [hdfs_skip_empty_files](/reference/settings/session-settings#hdfs_skip_empty_files) - allows to skip empty files while reading. Disabled by default.

## Related {#related}

- [Virtual columns](/reference/engines/table-engines/index#table_engines-virtual_columns)
",0
"26.7.2.59","hive","Reads data from an Apache Hive table. Takes the Hive metastore URL, the Hive database name and the table name, and exposes the underlying data (stored in HDFS or S3) as a ClickHouse table.",0
"26.7.2.59","mergeTreeTextIndex","
Represents the dictionary of a text index in MergeTree tables.
Returns tokens with their posting list metadata.
It can be used for introspection.

## Syntax {#syntax}

```sql
mergeTreeTextIndex(database, table, index_name)
```

## Arguments {#arguments}

| Argument     | Description                                |
|--------------|--------------------------------------------|
| `database`   | The database name to read text index from. |
| `table`      | The table name to read text index from.    |
| `index_name` | The text index to read from.               |

## Returned value {#returned_value}

A table object with tokens and their posting list metadata.

## Usage Example {#usage-example}

```sql title=""Query""
CREATE TABLE tab
(
    id UInt64,
    s String,
    INDEX idx_s (s) TYPE text(tokenizer = splitByNonAlpha)
)
ENGINE = MergeTree
ORDER BY id;

INSERT INTO tab SELECT number, concatWithSeparator(' ', 'apple', 'banana') FROM numbers(500);
INSERT INTO tab SELECT 500 + number, concatWithSeparator(' ', 'cherry', 'date') FROM numbers(500);

SELECT * FROM mergeTreeTextIndex(currentDatabase(), tab, idx_s);
```

```text title=""Response""
   ┌─part_name─┬─token──┬─dictionary_compression─┬─cardinality─┬─num_posting_blocks─┬─has_embedded_postings─┬─has_raw_postings─┬─has_compressed_postings─┐
1. │ all_1_1_0 │ apple  │ front_coded            │         500 │                  1 │                     0 │                0 │                       0 │
2. │ all_1_1_0 │ banana │ front_coded            │         500 │                  1 │                     0 │                0 │                       0 │
3. │ all_2_2_0 │ cherry │ front_coded            │         500 │                  1 │                     0 │                0 │                       0 │
4. │ all_2_2_0 │ date   │ front_coded            │         500 │                  1 │                     0 │                0 │                       0 │
   └───────────┴────────┴────────────────────────┴─────────────┴────────────────────┴───────────────────────┴──────────────────┴─────────────────────────┘
```
",1
"26.7.2.59","mergeTreeAnalyzeIndexesUUID","Internal function for index analysis",1
"26.7.2.59","numbers_mt","The same as `numbers`, but generates the values using multiple threads (according to the `max_threads` setting), so the order of the rows is not deterministic. Returns a table with a single `number` column of type `UInt64`. When called with no arguments, it produces an unbounded stream of integers starting from 0.",1
"26.7.2.59","filesystem","
import CloudNotSupportedBadge from ""/snippets/components/CloudNotSupportedBadge/CloudNotSupportedBadge.jsx"";

<CloudNotSupportedBadge/>

Recursively iterates a directory and returns a table with file metadata (paths, sizes, types, permissions, modification times) and, optionally, file contents.

In `clickhouse-server` mode, the path must be within the [user_files_path](/reference/settings/server-settings/settings#user_files_path) directory. Symlinks inside `user_files_path` that point outside of it are followed, but only entries whose path (through the symlink) starts with `user_files_path` are returned.

In `clickhouse-local` mode, there are no path restrictions.

## Syntax {#syntax}

```sql
filesystem([path])
```

## Arguments {#arguments}

| Parameter | Description |
|-----------|-------------|
| `path`    | The directory to list. Can be an absolute path (must be inside `user_files_path` in server mode) or a path relative to `user_files_path`. If empty or omitted, defaults to `user_files_path`. |

## Returned columns {#returned_columns}

| Column              | Type                       | Description |
|---------------------|----------------------------|-------------|
| `path`              | `String`                   | Directory containing the entry (does not include the file/directory name itself). |
| `name`              | `String`                   | File or directory name (the last component of the path). |
| `file`              | `String` (ALIAS of `name`) | Alias for the `name` column. |
| `type`              | `Enum8`                    | File type: `'none'`, `'not_found'`, `'regular'`, `'directory'`, `'symlink'`, `'block'`, `'character'`, `'fifo'`, `'socket'`, `'unknown'`. |
| `size`              | `Nullable(UInt64)`         | File size in bytes (for regular files). `NULL` for non-regular files (directories, symlinks, etc.) and on error. |
| `depth`             | `UInt16`                   | Recursion depth. `0` for the queried directory itself and its immediate children, `1` for entries one level deeper, and so on. |
| `modification_time` | `Nullable(DateTime64(6))`  | Last modification time with microsecond precision. `NULL` on error. |
| `is_symlink`        | `Bool`                     | Whether the entry is a symbolic link. |
| `content`           | `Nullable(String)`         | File contents (for regular files). `NULL` for non-regular files (directories, symlinks, etc.). Read errors raise an exception. Reading this column triggers actual file I/O, so omit it if not needed. |
| `owner_read`        | `Bool`                     | Owner has read permission. |
| `owner_write`       | `Bool`                     | Owner has write permission. |
| `owner_exec`        | `Bool`                     | Owner has execute permission. |
| `group_read`        | `Bool`                     | Group has read permission. |
| `group_write`       | `Bool`                     | Group has write permission. |
| `group_exec`        | `Bool`                     | Group has execute permission. |
| `others_read`       | `Bool`                     | Others have read permission. |
| `others_write`      | `Bool`                     | Others have write permission. |
| `others_exec`       | `Bool`                     | Others have execute permission. |
| `set_gid`           | `Bool`                     | Set-GID bit. |
| `set_uid`           | `Bool`                     | Set-UID bit. |
| `sticky_bit`        | `Bool`                     | Sticky bit. |

Only columns actually used in the query are computed, so selecting a subset of columns (especially omitting `content`) is efficient.

## Examples {#examples}

### List files in user_files {#list-files}

```sql
SELECT name, type, size, depth
FROM filesystem()
ORDER BY name;
```

### Find large files {#find-large-files}

```sql
SELECT path, name, size
FROM filesystem()
WHERE type = 'regular' AND size > 1000000
ORDER BY size DESC;
```

### Read file contents {#read-contents}

```sql
SELECT name, content
FROM filesystem('my_directory')
WHERE name LIKE '%.csv';
```

### List only immediate children {#list-immediate}

```sql
SELECT name, type
FROM filesystem('my_directory')
WHERE depth = 0;
```
",0
"26.7.2.59","mergeTreeIndex","
Represents the contents of index and marks files of MergeTree tables. It can be used for introspection.

## Syntax {#syntax}

```sql
mergeTreeIndex(database, table [, with_marks = true] [, with_minmax = true])
```

## Arguments {#arguments}

| Argument      | Description                                       |
|---------------|---------------------------------------------------|
| `database`    | The database name to read index and marks from.   |
| `table`       | The table name to read index and marks from.      |
| `with_marks`  | Whether include columns with marks to the result. |
| `with_minmax` | Whether include min-max index to the result.      |

## Returned value {#returned_value}

A table object with columns with values of primary index and min-max index (if enabled) of source table, columns with values of marks (if enabled) for all possible files in data parts of source table and virtual columns:

- `part_name` - The name of data part.
- `mark_number` - The number of current mark in data part.
- `rows_in_granule` - The number of rows in current granule.

Marks column may contain `(NULL, NULL)` value in case when column is absent in data part or marks for one of its substreams are not written (e.g. in compact parts).

## Usage Example {#usage-example}

```sql
CREATE TABLE test_table
(
    `id` UInt64,
    `n` UInt64,
    `arr` Array(UInt64)
)
ENGINE = MergeTree
ORDER BY id
SETTINGS index_granularity = 3, min_bytes_for_wide_part = 0, min_rows_for_wide_part = 8;

INSERT INTO test_table SELECT number, number, range(number % 5) FROM numbers(5);

INSERT INTO test_table SELECT number, number, range(number % 5) FROM numbers(10, 10);
```

```sql
SELECT * FROM mergeTreeIndex(currentDatabase(), test_table, with_marks = true);
```

```text
┌─part_name─┬─mark_number─┬─rows_in_granule─┬─id─┬─id.mark─┬─n.mark──┬─arr.size0.mark─┬─arr.mark─┐
│ all_1_1_0 │           0 │               3 │  0 │ (0,0)   │ (42,0)  │ (NULL,NULL)    │ (84,0)   │
│ all_1_1_0 │           1 │               2 │  3 │ (133,0) │ (172,0) │ (NULL,NULL)    │ (211,0)  │
│ all_1_1_0 │           2 │               0 │  4 │ (271,0) │ (271,0) │ (NULL,NULL)    │ (271,0)  │
└───────────┴─────────────┴─────────────────┴────┴─────────┴─────────┴────────────────┴──────────┘
┌─part_name─┬─mark_number─┬─rows_in_granule─┬─id─┬─id.mark─┬─n.mark─┬─arr.size0.mark─┬─arr.mark─┐
│ all_2_2_0 │           0 │               3 │ 10 │ (0,0)   │ (0,0)  │ (0,0)          │ (0,0)    │
│ all_2_2_0 │           1 │               3 │ 13 │ (0,24)  │ (0,24) │ (0,24)         │ (0,24)   │
│ all_2_2_0 │           2 │               3 │ 16 │ (0,48)  │ (0,48) │ (0,48)         │ (0,80)   │
│ all_2_2_0 │           3 │               1 │ 19 │ (0,72)  │ (0,72) │ (0,72)         │ (0,128)  │
│ all_2_2_0 │           4 │               0 │ 19 │ (0,80)  │ (0,80) │ (0,80)         │ (0,160)  │
└───────────┴─────────────┴─────────────────┴────┴─────────┴────────┴────────────────┴──────────┘
```

```sql
DESCRIBE mergeTreeIndex(currentDatabase(), test_table, with_marks = true) SETTINGS describe_compact_output = 1;
```

```text
┌─name────────────┬─type─────────────────────────────────────────────────────────────────────────────────────────────┐
│ part_name       │ String                                                                                           │
│ mark_number     │ UInt64                                                                                           │
│ rows_in_granule │ UInt64                                                                                           │
│ id              │ UInt64                                                                                           │
│ id.mark         │ Tuple(offset_in_compressed_file Nullable(UInt64), offset_in_decompressed_block Nullable(UInt64)) │
│ n.mark          │ Tuple(offset_in_compressed_file Nullable(UInt64), offset_in_decompressed_block Nullable(UInt64)) │
│ arr.size0.mark  │ Tuple(offset_in_compressed_file Nullable(UInt64), offset_in_decompressed_block Nullable(UInt64)) │
│ arr.mark        │ Tuple(offset_in_compressed_file Nullable(UInt64), offset_in_decompressed_block Nullable(UInt64)) │
└─────────────────┴──────────────────────────────────────────────────────────────────────────────────────────────────┘
```
",1
"26.7.2.59","paimonS3","The table function can be used to read the Paimon table stored on S3 object store.",0
"26.7.2.59","generateRandom","
Generates random data with a given schema.
Allows populating test tables with that data.
Not all types are supported.

## Syntax {#syntax}

```sql
generateRandom(['name TypeName[, name TypeName]...', [, 'random_seed'[, 'max_string_length'[, 'max_array_length']]]])
```

## Arguments {#arguments}

| Argument            | Description                                                                                     |
|---------------------|-------------------------------------------------------------------------------------------------|
| `name`              | Name of corresponding column.                                                                   |
| `TypeName`          | Type of corresponding column.                                                                   |
| `random_seed`       | Specify random seed manually to produce stable results. If `NULL` — seed is randomly generated. |
| `max_string_length` | Maximum string length for all generated strings. Defaults to `10`.                              |
| `max_array_length`  | Maximum elements for all generated arrays or maps. Defaults to `10`.                            |

## Returned value {#returned_value}

A table object with requested schema.

## Usage Example {#usage-example}

```sql
SELECT * FROM generateRandom('a Array(Int8), d Decimal32(4), c Tuple(DateTime64(3), UUID)', 1, 10, 2) LIMIT 3;
```

```text
┌─a────────┬────────────d─┬─c──────────────────────────────────────────────────────────────────┐
│ [77]     │ -124167.6723 │ ('2061-04-17 21:59:44.573','3f72f405-ec3e-13c8-44ca-66ef335f7835') │
│ [32,110] │ -141397.7312 │ ('1979-02-09 03:43:48.526','982486d1-5a5d-a308-e525-7bd8b80ffa73') │
│ [68]     │  -67417.0770 │ ('2080-03-12 14:17:31.269','110425e5-413f-10a6-05ba-fa6b3e929f15') │
└──────────┴──────────────┴────────────────────────────────────────────────────────────────────┘
```

```sql
CREATE TABLE random (a Array(Int8), d Decimal32(4), c Tuple(DateTime64(3), UUID)) ENGINE=Memory;
INSERT INTO random SELECT * FROM generateRandom() LIMIT 2;
SELECT * FROM random;
```

```text
┌─a────────────────────────────┬────────────d─┬─c──────────────────────────────────────────────────────────────────┐
│ []                           │   68091.8197 │ ('2037-10-02 12:44:23.368','039ecab7-81c2-45ee-208c-844e5c6c5652') │
│ [8,-83,0,-22,65,9,-30,28,64] │ -186233.4909 │ ('2062-01-11 00:06:04.124','69563ea1-5ad1-f870-16d8-67061da0df25') │
└──────────────────────────────┴──────────────┴────────────────────────────────────────────────────────────────────┘
```

In combination with [generateRandomStructure](/reference/functions/regular-functions/other-functions#generateRandomStructure):

```sql
SELECT * FROM generateRandom(generateRandomStructure(4, 101), 101) LIMIT 3;
```

```text
┌──────────────────c1─┬──────────────────c2─┬─c3─────────────────────────────────────────────────────────────────────────────────────────────────────────────────────────────────────────────────┬─c4──────────────────────────────────────┐
│ 1996-04-15 06:40:05 │ 33954608387.2844801 │ ['232.78.216.176','9.244.59.211','211.21.80.152','44.49.94.109','165.77.195.182','68.167.134.239','212.13.24.185','1.197.255.35','192.55.131.232'] │ 45d9:2b52:ab6:1c59:185b:515:c5b6:b781   │
│ 2063-01-13 01:22:27 │ 36155064970.9514454 │ ['176.140.188.101']                                                                                                                                │ c65a:2626:41df:8dee:ec99:f68d:c6dd:6b30 │
│ 2090-02-28 14:50:56 │  3864327452.3901373 │ ['155.114.30.32']                                                                                                                                  │ 57e9:5229:93ab:fbf3:aae7:e0e4:d1eb:86b  │
└─────────────────────┴─────────────────────┴────────────────────────────────────────────────────────────────────────────────────────────────────────────────────────────────────────────────────┴─────────────────────────────────────────┘
```

With missing `structure` argument (in this case the structure is random):

```sql
SELECT * FROM generateRandom() LIMIT 3;
```

```text
┌───c1─┬─────────c2─┬─────────────────────c3─┬──────────────────────c4─┬─c5───────┐
│ -128 │  317300854 │ 2030-08-16 08:22:20.65 │ 1994-08-16 12:08:56.745 │ R0qgiC46 │
│   40 │ -744906827 │ 2059-04-16 06:31:36.98 │ 1975-07-16 16:28:43.893 │ PuH4M*MZ │
│  -55 │  698652232 │ 2052-08-04 20:13:39.68 │ 1998-09-20 03:48:29.279 │          │
└──────┴────────────┴────────────────────────┴─────────────────────────┴──────────┘
```

With random seed both for random structure and random data:

```sql
SELECT * FROM generateRandom(11) LIMIT 3;
```

```text
┌───────────────────────────────────────c1─┬─────────────────────────────────────────────────────────────────────────────c2─┬─────────────────────────────────────────────────────────────────────────────c3─┬─────────c4─┬─────────────────────────────────────────────────────────────────────────────c5─┬──────────────────────c6─┬─c7──────────────────────────────────────────────────────────────────────────────────────────────────────────────────────────────────────────────────────────────────────────────────────────────────────────────────────────────────────────────────────┬─c8──────────────────────────────────────┬─────────c9─┐
│  -77422512305044606600216318673365695785 │   636812099959807642229.503817849012019401335326013846687285151335352272727523 │ -34944452809785978175157829109276115789694605299387223845886143311647505037529 │  544473976 │ 111220388331710079615337037674887514156741572807049614590010583571763691328563 │       22016.22623506465 │ {'2052-01-31 20:25:33':4306400876908509081044405485378623663,'1993-04-16 15:58:49':164367354809499452887861212674772770279,'2101-08-19 03:07:18':-60676948945963385477105077735447194811,'2039-12-22 22:31:39':-59227773536703059515222628111999932330} │ a7b2:8f58:4d07:6707:4189:80cf:92f5:902d │ 1950-07-14 │
│ -159940486888657488786004075627859832441 │  629206527868163085099.8195700356331771569105231840157308480121506729741348442 │ -53203761250367440823323469081755775164053964440214841464405368882783634063735 │ 2187136525 │  94881662451116595672491944222189810087991610568040618106057495823910493624275 │ 1.3095786748458954e-104 │ {}                                                                                                                                                                                                                                                      │ a051:e3da:2e0a:c69:7835:aed6:e8b:3817   │ 1943-03-25 │
│   -5239084224358020595591895205940528518 │ -529937657954363597180.1709207212648004850138812370209091520162977548101577846 │  47490343304582536176125359129223180987770215457970451211489086575421345731671 │ 1637451978 │ 101899445785010192893461828129714741298630410942962837910400961787305271699002 │  2.4344456058391296e223 │ {'2013-12-22 17:42:43':80271108282641375975566414544777036006,'2041-03-08 10:28:17':169706054082247533128707458270535852845,'1986-08-31 23:07:38':-54371542820364299444195390357730624136,'2094-04-23 21:26:50':7944954483303909347454597499139023465}  │ 1293:a726:e899:9bfc:8c6f:2aa1:22c9:b635 │ 1924-11-20 │
└──────────────────────────────────────────┴────────────────────────────────────────────────────────────────────────────────┴────────────────────────────────────────────────────────────────────────────────┴────────────┴────────────────────────────────────────────────────────────────────────────────┴─────────────────────────┴─────────────────────────────────────────────────────────────────────────────────────────────────────────────────────────────────────────────────────────────────────────────────────────────────────────────────────────────────────────────────────────┴─────────────────────────────────────────┴────────────┘
```

<Note>
`generateRandom(generateRandomStructure(), [random seed], max_string_length, max_array_length)` with a large enough `max_array_length` can generate a really huge output due to possible big nesting depth (up to 16) of complex types (`Array`, `Tuple`, `Map`, `Nested`).
</Note>

## Related content {#related-content}
- Blog: [Generating random data in ClickHouse](https://clickhouse.com/blog/generating-random-test-distribution-data-for-clickhouse)
",1
"26.7.2.59","dictionary","
Displays the [dictionary](/reference/statements/create/dictionary) data as a ClickHouse table. Works the same way as [Dictionary](/reference/engines/table-engines/special/dictionary) engine.

## Syntax {#syntax}

```sql
dictionary('dict')
```

## Arguments {#arguments}

- `dict` — A dictionary name. [String](/reference/data-types/string).

## Returned value {#returned_value}

A ClickHouse table.

## Examples {#examples}

Input table `dictionary_source_table`:

```text
┌─id─┬─value─┐
│  0 │     0 │
│  1 │     1 │
└────┴───────┘
```

Create a dictionary:

```sql title=""Query""
CREATE DICTIONARY new_dictionary(id UInt64, value UInt64 DEFAULT 0) PRIMARY KEY id
SOURCE(CLICKHOUSE(HOST 'localhost' PORT tcpPort() USER 'default' TABLE 'dictionary_source_table')) LAYOUT(DIRECT());
```

```sql title=""Query""
SELECT * FROM dictionary('new_dictionary');
```

```text title=""Response""
┌─id─┬─value─┐
│  0 │     0 │
│  1 │     1 │
└────┴───────┘
```

## Related {#related}

- [Dictionary engine](/reference/engines/table-engines/special/dictionary)
",0
"26.7.2.59","fuzzQuery","
Perturbs the given query string with random variations.

## Syntax {#syntax}

```sql
fuzzQuery(query[, max_query_length[, random_seed]])
```

## Arguments {#arguments}

| Argument           | Description                                                                 |
|--------------------|-----------------------------------------------------------------------------|
| `query`            | (String) - The source query to perform the fuzzing on.                      |
| `max_query_length` | (UInt64) - A maximum length the query can get during the fuzzing process. |
| `random_seed`      | (UInt64) - A random seed for producing stable results.                      |

## Returned value {#returned_value}

A table object with a single column containing perturbed query strings.

## Usage Example {#usage-example}

```sql
SELECT * FROM fuzzQuery('SELECT materialize(\'a\' AS key) GROUP BY key') LIMIT 2;
```

```response
   ┌─query──────────────────────────────────────────────────────────┐
1. │ SELECT 'a' AS key GROUP BY key                                 │
2. │ EXPLAIN PIPELINE compact = true SELECT 'a' AS key GROUP BY key │
   └────────────────────────────────────────────────────────────────┘
```
",1
"26.7.2.59","icebergHDFS","The table function can be used to read the Iceberg table stored on HDFS virtual filesystem.",0
"26.7.2.59","SQLStandardValues","
Internal table function used to implement SQL standard VALUES clause syntax.
Created automatically by the parser when it encounters (VALUES (row1), (row2), ...) in a FROM clause.
",1
"26.7.2.59","merge","
Creates a temporary [Merge](/reference/engines/table-engines/special/merge) table.
The table schema is derived from underlying tables by using a union of their columns and by deriving common types.
The same virtual columns are available as for the [Merge](/reference/engines/table-engines/special/merge) table engine.

## Syntax {#syntax}

```sql
merge(['db_name',] 'tables_regexp')
```
## Arguments {#arguments}

| Argument        | Description                                                                                                                                                                                                                                                                                     |
|-----------------|-------------------------------------------------------------------------------------------------------------------------------------------------------------------------------------------------------------------------------------------------------------------------------------------------|
| `db_name`       | Possible values (optional, default is `currentDatabase()`):<br/>    - database name,<br/>    - constant expression that returns a string with a database name, for example, `currentDatabase()`,<br/>    - `REGEXP(expression)`, where `expression` is a regular expression to match the DB names. |
| `tables_regexp` | A regular expression to match the table names in the specified DB or DBs.                                                                                                                                                                                                                       |

## Related {#related}

- [Merge](/reference/engines/table-engines/special/merge) table engine
",1
"26.7.2.59","url","
import ExperimentalBadge from ""/snippets/components/ExperimentalBadge/ExperimentalBadge.jsx"";
import CloudNotSupportedBadge from ""/snippets/components/CloudNotSupportedBadge/CloudNotSupportedBadge.jsx"";

`url` function creates a table from the `URL` with given `format` and `structure`.

`url` function may be used in `SELECT` and `INSERT` queries on data in [URL](/reference/engines/table-engines/special/url) tables.

## Syntax {#syntax}

```sql
url(URL [,format] [,structure] [,headers])
```

## Parameters {#parameters}

| Parameter   | Description                                                                                                                                            |
|-------------|--------------------------------------------------------------------------------------------------------------------------------------------------------|
| `URL`       | A single-quoted URL whose scheme selects the backend. An `http`/`https` (or unrecognized) URL is a server address accepting `GET` or `POST` requests (for `SELECT` or `INSERT` queries correspondingly); a recognized non-HTTP scheme (`file://`, `s3://`, `az://`, `hdfs://`, …) is delegated to the matching table function — see [Dispatching by URL scheme](#scheme-dispatch). Type: [String](/reference/data-types/string). |
| `format`    | [Format](/reference/formats/index) of the data. Type: [String](/reference/data-types/string).                                                  |
| `structure` | Table structure in `'UserID UInt64, Name String'` format. Determines column names and types. Type: [String](/reference/data-types/string).     |
| `headers`   | Headers in `'headers('key1'='value1', 'key2'='value2')'` format. You can set headers for HTTP call.                                                  |

## Returned value {#returned_value}

A table with the specified format and structure and with data from the defined `URL`.

## Examples {#examples}

Getting the first 3 lines of a table that contains columns of `String` and [UInt32](/reference/data-types/int-uint) type from HTTP-server which answers in [CSV](/reference/formats/CSV/CSV) format.

```sql
SELECT * FROM url('http://127.0.0.1:12345/', CSV, 'column1 String, column2 UInt32', headers('Accept'='text/csv; charset=utf-8')) LIMIT 3;
```

Inserting data from a `URL` into a table:

```sql
CREATE TABLE test_table (column1 String, column2 UInt32) ENGINE=Memory;
INSERT INTO FUNCTION url('http://127.0.0.1:8123/?query=INSERT+INTO+test_table+FORMAT+CSV', 'CSV', 'column1 String, column2 UInt32') VALUES ('http interface', 42);
SELECT * FROM test_table;
```

## Dispatching by URL scheme {#scheme-dispatch}

The `url` function acts as a unified wrapper on top of the other file- and object-storage table functions: it dispatches to the right backend based on the URL scheme. This lets you read from any supported location with a single uniform syntax.

| Scheme                                              | Dispatches to                                              |
|-----------------------------------------------------|------------------------------------------------------------|
| `http`, `https` (and any unrecognized scheme)       | the `URL` engine itself (HTTP `GET`/`POST`)                |
| `file`                                              | the [`file`](/reference/functions/table-functions/file) function                             |
| `s3`, `gs`, `gcs`, `oss`                            | the [`s3`](/reference/functions/table-functions/s3) function                                 |
| `az`, `azure`, `abfss`, `abfs`                      | the [`azureBlobStorage`](/reference/functions/table-functions/azureBlobStorage) function     |
| `hdfs`                                              | the [`hdfs`](/reference/functions/table-functions/hdfs) function                             |

Only the S3 schemes that the S3 URI mapper resolves to a concrete endpoint without extra configuration (`s3`, plus `gs`/`gcs`/`oss`) are dispatched. Other S3-compatible vendor schemes (`cos`, `obs`, `eos`, …) are region-specific and have no default endpoint mapping, so a `cos://…` URL is treated as an unrecognized scheme and reported as an error; use the [`s3`](/reference/functions/table-functions/s3) function directly (with `url_scheme_mappers` configured) for those backends.

For `file://`, a relative path (`file://data.csv`) is resolved inside the [user_files](/reference/settings/server-settings/settings#user_files_path) directory, and an absolute path (`file:///home/user/data.csv`) must point inside it as usual.

The `format`, `structure` and `compression_method` arguments and the [url_base](#resolving-relative-urls) setting work the same regardless of the dispatch target.

```sql
SELECT * FROM url('file://data.csv', CSV, 'a UInt32, b String');
SELECT * FROM url('s3://clickhouse-public-datasets/hits_compatible/hits.csv');
```

Scheme dispatch is not yet wired through [`urlCluster`](/reference/functions/table-functions/urlCluster): a non-`http(s)` scheme passed to `urlCluster` is rejected with an error. Use the corresponding cluster function (`s3Cluster`, `azureBlobStorageCluster`, `hdfsCluster`, …) for those backends instead.

## Globs in URL {#globs-in-url}

Patterns in `{ }` are used to generate a set of shards or to specify failover addresses. Supported pattern types and examples see in the description of the [remote](/reference/functions/table-functions/remote#globs-in-addresses) function.
Character `|` inside patterns is used to specify failover addresses. They are iterated in the same order as listed in the pattern. The number of generated addresses is limited by [glob_expansion_max_elements](/reference/settings/session-settings#glob_expansion_max_elements) setting.
For path glob syntax in the URL path (such as `*`, `{a,b}`, `{N..M}`, and `**`), see [Globs in path](/reference/functions/table-functions/file#globs-in-path). Note that `?` starts the query string in a URL and cannot be used as a wildcard in the path component.

## Wildcards with HTTP index pages {#wildcards-with-http-index-pages}

For `url` and the `URL` table engine, ClickHouse can expand wildcards by fetching HTTP index pages (HTML or plaintext) and extracting URLs from the response body. This enables patterns like `/**/` when the server exposes directory listings.

Notes:
- Relative URLs are resolved against the index page URL.
- `URL` templates are expanded before fetching index pages, including comma and numeric range shard expansion and `|` failover options outside the path component.
- `|` failover patterns inside the path component are not supported for HTTP index-page expansion.
- Wildcard matching is applied to the URL path component.
- If a listed URL already contains a query string or fragment, it takes precedence over the ones from the source URL. Otherwise, the query string and fragment from the source URL are used.
- An empty listing is allowed; HTTP errors (e.g. 404) for index pages raise exceptions.
- The maximum index page size is limited by [max_http_index_page_size](/reference/settings/server-settings/settings#max_http_index_page_size).
- The maximum number of directories read during recursive expansion is limited by [url_wildcard_max_directories_to_read](/reference/settings/session-settings#url_wildcard_max_directories_to_read).

Example:

```sql
SELECT count()
FROM url('https://ftp.gnu.org/gnu/wget/wget-1.21*.tar.gz', 'RawBLOB')
SETTINGS max_threads = 1, allow_experimental_url_wildcard_from_index_pages = 1;
```

## Virtual Columns {#virtual-columns}

- `_path` — Path to the `URL`. Type: `LowCardinality(String)`.
- `_file` — Resource name of the `URL`. Type: `LowCardinality(String)`.
- `_size` — Size of the resource in bytes. Type: `Nullable(UInt64)`. If the size is unknown, the value is `NULL`.
- `_time` — Last modified time of the file. Type: `Nullable(DateTime)`. If the time is unknown, the value is `NULL`.
- `_headers` - HTTP response headers. Type: `Map(LowCardinality(String), LowCardinality(String))`.

## use_hive_partitioning setting {#hive-style-partitioning}

When setting `use_hive_partitioning` is set to 1, ClickHouse will detect Hive-style partitioning in the path (`/name=value/`) and will allow to use partition columns as virtual columns in the query. These virtual columns will have the same names as in the partitioned path.

**Example**

Use virtual column, created with Hive-style partitioning

```sql
SELECT * FROM url('http://data/path/date=*/country=*/code=*/*.parquet') WHERE date > '2020-01-01' AND country = 'Netherlands' AND code = 42;
```

## Resolving relative URLs {#resolving-relative-urls}

The [url_base](/reference/settings/session-settings#url_base) setting allows passing a relative URL to the `url` function. When `url_base` is set and the function argument is a relative reference, it is resolved against the base URL per [RFC 3986](https://datatracker.ietf.org/doc/html/rfc3986).

The resolution rules are:

- **Path-relative** (e.g. `data.csv`): merged with the base URL path — everything after the last `/` of the base path is replaced. The trailing slash matters: `https://example.com/dir/` + `data.csv` gives `https://example.com/dir/data.csv`, but `https://example.com/dir` + `data.csv` gives `https://example.com/data.csv`. Dot segments (`./` and `../`) are normalized.
- **Host-relative** (e.g. `/test/data.csv`): resolved using the scheme and host of the base URL.
- **Scheme-relative** (e.g. `//other.com/test/data.csv`): resolved using the scheme of the base URL.
- **Query-only** (e.g. `?x=1`): appended to the full base path, replacing any existing query or fragment.
- **Fragment-only** (e.g. `#frag`): appended to the base URL, preserving the query, replacing any existing fragment.
- **Empty**: returns the base URL without fragment.
- **Absolute URL**: passed through unchanged; `url_base` is ignored.

**Example**

```sql
SET url_base = 'https://raw.githubusercontent.com/ClickHouse/ClickHouse/master/';
SELECT * FROM url('tests/queries/0_stateless/data_csv/data.csv', CSV) LIMIT 3;
```

## Storage Settings {#storage-settings}

- [engine_url_skip_empty_files](/reference/settings/session-settings#engine_url_skip_empty_files) - allows to skip empty files while reading. Disabled by default.
- [enable_url_encoding](/reference/settings/session-settings#enable_url_encoding) - allows to enable/disable decoding/encoding path in uri. Enabled by default.
- [url_base](/reference/settings/session-settings#url_base) - base URL for resolving relative URLs passed to the `url` function.

## Permissions {#permissions}

`url` function requires `CREATE TEMPORARY TABLE` permission. As such - it'll not work for users with [readonly](/concepts/features/configuration/settings/permissions-for-queries#readonly) = 1 setting. At least readonly = 2 is required.

## Related {#related}

- [Virtual columns](/reference/engines/table-engines/index#table_engines-virtual_columns)
",0
"26.7.2.59","zeros_mt","
                Generates a stream of zeros (a table with one column 'zero' of type 'UInt8') of specified size.
                This table function is used in performance tests, where you want to spend as little time as possible to data generation while testing some other parts of queries.
                In contrast to the `zeros`, this table function is using multiple threads for data generation, according to the `max_threads` setting.
                Example:
                [example:1]
                This query will test the speed of `randomPrintableASCII` function using multiple threads.
                See also the `system.zeros` table.",0
"26.7.2.59","executable","
The `executable` table function creates a table based on the output of a user-defined function (UDF) that you define in a script that outputs rows to **stdout**. The executable script is stored in the `users_scripts` directory and can read data from any source. Make sure your ClickHouse server has all the required packages to run the executable script. For example, if it is a Python script, ensure that the server has the necessary Python packages installed.

You can optionally include one or more input queries that stream their results to **stdin** for the script to read.

<Note>
A key advantage between ordinary UDF functions and the `executable` table function and `Executable` table engine is that ordinary UDF functions cannot change the row count. For example, if the input is 100 rows, then the result must return 100 rows. When using the `executable` table function or `Executable` table engine, your script can make any data transformations you want, including complex aggregations.
</Note>

## Syntax {#syntax}

The `executable` table function requires three parameters and accepts an optional list of input queries:

```sql
executable(script_name, format, structure, [input_query...] [,SETTINGS ...])
```

- `script_name`: the file name of the script. saved in the `user_scripts` folder (the default folder of the `user_scripts_path` setting)
- `format`: the format of the generated table
- `structure`: the table schema of the generated table
- `input_query`: an optional query (or collection or queries) whose results are passed to the script via **stdin**

<Note>
If you are going to invoke the same script repeatedly with the same input queries, consider using the [`Executable` table engine](/reference/engines/table-engines/special/executable).
</Note>

The following Python script is named `generate_random.py` and is saved in the `user_scripts` folder. It reads in a number `i` and prints `i` random strings, with each string preceded by a number that is separated by a tab:

```python
#!/usr/local/bin/python3.9

import sys
import string
import random

def main():

    # Read input value
    for number in sys.stdin:
        i = int(number)

        # Generate some random rows
        for id in range(0, i):
            letters = string.ascii_letters
            random_string =  ''.join(random.choices(letters ,k=10))
            print(str(id) + '\t' + random_string + '\n', end='')

        # Flush results to stdout
        sys.stdout.flush()

if __name__ == ""__main__"":
    main()
```

Let's invoke the script and have it generate 10 random strings:

```sql
SELECT * FROM executable('generate_random.py', TabSeparated, 'id UInt32, random String', (SELECT 10))
```

The response looks like:

```response
┌─id─┬─random─────┐
│  0 │ xheXXCiSkH │
│  1 │ AqxvHAoTrl │
│  2 │ JYvPCEbIkY │
│  3 │ sWgnqJwGRm │
│  4 │ fTZGrjcLon │
│  5 │ ZQINGktPnd │
│  6 │ YFSvGGoezb │
│  7 │ QyMJJZOOia │
│  8 │ NfiyDDhmcI │
│  9 │ REJRdJpWrg │
└────┴────────────┘
```

## Settings {#settings}

- `send_chunk_header` - controls whether to send row count before sending a chunk of data to process. Default value is `false`.
- `pool_size` — Size of pool. If 0 is specified as `pool_size` then there is no pool size restrictions. Default value is `16`.
- `max_command_execution_time` — Maximum executable script command execution time for processing block of data. Specified in seconds. Default value is 10.
- `command_termination_timeout` — executable script should contain main read-write loop. After table function is destroyed, pipe is closed, and executable file will have `command_termination_timeout` seconds to shutdown, before ClickHouse will send SIGTERM signal to child process. Specified in seconds. Default value is 10.
- `command_read_timeout` - timeout for reading data from command stdout in milliseconds. Default value 10000.
- `command_write_timeout` - timeout for writing data to command stdin in milliseconds. Default value 10000.

## Passing Query Results to a Script {#passing-query-results-to-a-script}

Be sure to check out the example in the `Executable` table engine on [how to pass query results to a script](/reference/engines/table-engines/special/executable#passing-query-results-to-a-script). Here is how you execute the same script in that example using the `executable` table function:

```sql
SELECT * FROM executable(
    'sentiment.py',
    TabSeparated,
    'id UInt64, sentiment Float32',
    (SELECT id, comment FROM hackernews WHERE id > 0 AND comment != '' LIMIT 20)
);
```
",0
"26.7.2.59","fuzzJSON","
Perturbs a JSON string with random variations.

## Syntax {#syntax}

```sql
fuzzJSON({ named_collection [, option=value [,..]] | json_str[, random_seed] })
```

## Arguments {#arguments}

| Argument                           | Description                                                                                 |
|------------------------------------|---------------------------------------------------------------------------------------------|
| `named_collection`                 | A [NAMED COLLECTION](/reference/statements/create/named-collection).                  |
| `option=value`                     | Named collection optional parameters and their values.                                      |
| `json_str` (String)                | The source string representing structured data in JSON format.                              |
| `random_seed` (UInt64)             | Manual random seed for producing stable results.                                            |
| `reuse_output` (boolean)           | Reuse the output from a fuzzing process as input for the next fuzzer.                       |
| `malform_output` (boolean)         | Generate a string that cannot be parsed as a JSON object.                                   |
| `max_output_length` (UInt64)       | Maximum allowable length of the generated or perturbed JSON string.                         |
| `probability` (Float64)            | The probability to fuzz a JSON field (a key-value pair). Must be within [0, 1] range.       |
| `max_nesting_level` (UInt64)       | The maximum allowed depth of nested structures within the JSON data.                        |
| `max_array_size` (UInt64)          | The maximum allowed size of a JSON array.                                                   |
| `max_object_size` (UInt64)         | The maximum allowed number of fields on a single level of a JSON object.                    |
| `max_string_value_length` (UInt64) | The maximum length of a String value.                                                       |
| `min_key_length` (UInt64)          | The minimum key length. Should be at least 1.                                               |
| `max_key_length` (UInt64)          | The maximum key length. Should be greater or equal than the `min_key_length`, if specified. |

## Returned value {#returned_value}

A table object with a single column containing perturbed JSON strings.

## Usage Example {#usage-example}

```sql
CREATE NAMED COLLECTION json_fuzzer AS json_str='{}';
SELECT * FROM fuzzJSON(json_fuzzer) LIMIT 3;
```

```text
{""52Xz2Zd4vKNcuP2"":true}
{""UPbOhOQAdPKIg91"":3405264103600403024}
{""X0QUWu8yT"":[]}
```

```sql
SELECT * FROM fuzzJSON(json_fuzzer, json_str='{""name"" : ""value""}', random_seed=1234) LIMIT 3;
```

```text
{""key"":""value"", ""mxPG0h1R5"":""L-YQLv@9hcZbOIGrAn10%GA""}
{""BRE3"":true}
{""key"":""value"", ""SWzJdEJZ04nrpSfy"":[{""3Q23y"":[]}]}
```

```sql
SELECT * FROM fuzzJSON(json_fuzzer, json_str='{""students"" : [""Alice"", ""Bob""]}', reuse_output=true) LIMIT 3;
```

```text
{""students"":[""Alice"", ""Bob""], ""nwALnRMc4pyKD9Krv"":[]}
{""students"":[""1rNY5ZNs0wU&82t_P"", ""Bob""], ""wLNRGzwDiMKdw"":[{}]}
{""xeEk"":[""1rNY5ZNs0wU&82t_P"", ""Bob""], ""wLNRGzwDiMKdw"":[{}, {}]}
```

```sql
SELECT * FROM fuzzJSON(json_fuzzer, json_str='{""students"" : [""Alice"", ""Bob""]}', max_output_length=512) LIMIT 3;
```

```text
{""students"":[""Alice"", ""Bob""], ""BREhhXj5"":true}
{""NyEsSWzJdeJZ04s"":[""Alice"", 5737924650575683711, 5346334167565345826], ""BjVO2X9L"":true}
{""NyEsSWzJdeJZ04s"":[""Alice"", 5737924650575683711, 5346334167565345826], ""BjVO2X9L"":true, ""k1SXzbSIz"":[{}]}
```

```sql
SELECT * FROM fuzzJSON('{""id"":1}', 1234) LIMIT 3;
```

```text
{""id"":1, ""mxPG0h1R5"":""L-YQLv@9hcZbOIGrAn10%GA""}
{""BRjE"":16137826149911306846}
{""XjKE"":15076727133550123563}
```

```sql
SELECT * FROM fuzzJSON(json_nc, json_str='{""name"" : ""FuzzJSON""}', random_seed=1337, malform_output=true) LIMIT 3;
```

```text
U""name"":""FuzzJSON*""SpByjZKtr2VAyHCO""falseh
{""name""keFuzzJSON, ""g6vVO7TCIk"":jTt^
{""DBhz"":YFuzzJSON5}
```
",1
"26.7.2.59","deltaLakeS3","The table function can be used to read the DeltaLake table stored on S3.",0
"26.7.2.59","urlCluster","
Allows processing files from URL in parallel from many nodes in a specified cluster. On initiator it creates a connection to all nodes in the cluster, discloses asterisk in URL file path, and dispatches each file dynamically. On the worker node it asks the initiator about the next task to process and processes it. This is repeated until all tasks are finished.

## Syntax {#syntax}

```sql
urlCluster(cluster_name, URL, format, structure)
```

## Arguments {#arguments}

| Argument       | Description                                                                                                                                            |
|----------------|--------------------------------------------------------------------------------------------------------------------------------------------------------|
| `cluster_name` | Name of a cluster that is used to build a set of addresses and connection parameters to remote and local servers.                                      |
| `URL`          | HTTP or HTTPS server address, which can accept `GET` requests. Type: [String](/reference/data-types/string).                               |
| `format`       | [Format](/reference/formats/index) of the data. Type: [String](/reference/data-types/string).                                                |
| `structure`    | Table structure in `'UserID UInt64, Name String'` format. Determines column names and types. Type: [String](/reference/data-types/string). |

## Returned value {#returned_value}

A table with the specified format and structure and with data from the defined `URL`.

## Examples {#examples}

Getting the first 3 lines of a table that contains columns of `String` and [UInt32](/reference/data-types/int-uint) type from HTTP-server which answers in [CSV](/reference/formats/CSV/CSV) format.

1. Create a basic HTTP server using the standard Python 3 tools and start it:

```python
from http.server import BaseHTTPRequestHandler, HTTPServer

class CSVHTTPServer(BaseHTTPRequestHandler):
    def do_GET(self):
        self.send_response(200)
        self.send_header('Content-type', 'text/csv')
        self.end_headers()

        self.wfile.write(bytes('Hello,1\nWorld,2\n', ""utf-8""))

if __name__ == ""__main__"":
    server_address = ('127.0.0.1', 12345)
    HTTPServer(server_address, CSVHTTPServer).serve_forever()
```

```sql
SELECT * FROM urlCluster('cluster_simple','http://127.0.0.1:12345', CSV, 'column1 String, column2 UInt32')
```

## Globs in URL {#globs-in-url}

Patterns in `{ }` are used to generate a set of shards or to specify failover addresses. Supported pattern types and examples see in the description of the [remote](/reference/functions/table-functions/remote#globs-in-addresses) function.
Character `|` inside patterns is used to specify failover addresses. They are iterated in the same order as listed in the pattern. The number of generated addresses is limited by [glob_expansion_max_elements](/reference/settings/session-settings#glob_expansion_max_elements) setting.

## Related {#related}

-   [HDFS engine](/reference/engines/table-engines/integrations/hdfs)
-   [URL table function](/reference/engines/table-engines/special/url)
",0
"26.7.2.59","deltaLakeS3Cluster","The table function can be used to read the DeltaLake table stored on S3 object store in parallel for many nodes in a specified cluster.",0
"26.7.2.59","deltaLakeLocal","The table function can be used to read the DeltaLake table stored locally.",0
"26.7.2.59","eval","Evaluates a constant expression to a query string and executes the resulting `SELECT` query.",1
"26.7.2.59","fileCluster","
Enables simultaneous processing of files matching a specified path across multiple nodes within a cluster. The initiator establishes connections to worker nodes, expands globs in the file path, and delegates file-reading tasks to worker nodes. Each worker node is querying the initiator for the next file to process, repeating until all tasks are completed (all files are read).

<Note>
This function will operate _correctly_ only in case the set of files matching the initially specified path is identical across all nodes, and their content is consistent among different nodes.  
In case these files differ between nodes, the return value cannot be predetermined and depends on the order in which worker nodes request tasks from the initiator.
</Note>

## Syntax {#syntax}

```sql
fileCluster(cluster_name, path[, format, structure, compression_method])
```

## Arguments {#arguments}

| Argument             | Description                                                                                                                                                                        |
|----------------------|------------------------------------------------------------------------------------------------------------------------------------------------------------------------------------|
| `cluster_name`       | Name of a cluster that is used to build a set of addresses and connection parameters to remote and local servers.                                                                  |
| `path`               | The relative path to the file from [user_files_path](/reference/settings/server-settings/settings#user_files_path). Path to file also supports [globs](#globs-in-path). |
| `format`             | [Format](/reference/formats/index) of the files. Type: [String](/reference/data-types/string).                                                                           |
| `structure`          | Table structure in `'UserID UInt64, Name String'` format. Determines column names and types. Type: [String](/reference/data-types/string).                             |
| `compression_method` | Compression method. Supported compression types are `gz`, `br`, `xz`, `zst`, `lz4`, and `bz2`.                                                                                     |

## Returned value {#returned_value}

A table with the specified format and structure and with data from files matching the specified path.

**Example**

Given a cluster named `my_cluster` and given the following value of setting `user_files_path`:

```bash
$ grep user_files_path /etc/clickhouse-server/config.xml
    <user_files_path>/var/lib/clickhouse/user_files/</user_files_path>
```
Also, given there are files `test1.csv` and `test2.csv` inside `user_files_path` of each cluster node, and their content is identical across different nodes:
```bash
$ cat /var/lib/clickhouse/user_files/test1.csv
    1,""file1""
    11,""file11""

$ cat /var/lib/clickhouse/user_files/test2.csv
    2,""file2""
    22,""file22""
```

For example, one can create these files by executing these two queries on every cluster node:
```sql
INSERT INTO TABLE FUNCTION file('file1.csv', 'CSV', 'i UInt32, s String') VALUES (1,'file1'), (11,'file11');
INSERT INTO TABLE FUNCTION file('file2.csv', 'CSV', 'i UInt32, s String') VALUES (2,'file2'), (22,'file22');
```

Now, read data contents of `test1.csv` and `test2.csv` via `fileCluster` table function:

```sql
SELECT * FROM fileCluster('my_cluster', 'file{1,2}.csv', 'CSV', 'i UInt32, s String') ORDER BY i, s
```

```response
┌──i─┬─s──────┐
│  1 │ file1  │
│ 11 │ file11 │
└────┴────────┘
┌──i─┬─s──────┐
│  2 │ file2  │
│ 22 │ file22 │
└────┴────────┘
```

## Globs in Path {#globs-in-path}

All patterns supported by [File](/reference/functions/table-functions/file#globs-in-path) table function are supported by FileCluster.

## Related {#related}

- [File table function](/reference/functions/table-functions/file)
",0
"26.7.2.59","values","
The `Values` table function allows you to create temporary storage which fills 
columns with values. It is useful for quick testing or generating sample data.

<Note>
Values is a case-insensitive function. I.e. `VALUES` or `values` are both valid.
</Note>

## Syntax {#syntax}

The basic syntax of the `VALUES` table function is:

```sql
VALUES([structure,] values...)
```

It is commonly used as:

```sql
VALUES(
    ['column1_name Type1, column2_name Type2, ...'],
    (value1_row1, value2_row1, ...),
    (value1_row2, value2_row2, ...),
    ...
)
```

## Arguments {#arguments}

- `column1_name Type1, ...` (optional). [String](/reference/data-types/string) 
  specifying the column names and types. If this argument is omitted columns will
  be named as `c1`, `c2`, etc.
- `(value1_row1, value2_row1)`. [Tuples](/reference/data-types/tuple) 
   containing values of any type.

<Note>
Comma separated tuples can be replaced by single values as well. In this case
each value is taken to be a new row. See the [examples](#examples) section for
details.
</Note>

## Returned value {#returned-value}

- Returns a temporary table containing the provided values.

## Examples {#examples}

```sql title=""Query""
SELECT *
FROM VALUES(
    'person String, place String',
    ('Noah', 'Paris'),
    ('Emma', 'Tokyo'),
    ('Liam', 'Sydney'),
    ('Olivia', 'Berlin'),
    ('Ilya', 'London'),
    ('Sophia', 'London'),
    ('Jackson', 'Madrid'),
    ('Alexey', 'Amsterdam'),
    ('Mason', 'Venice'),
    ('Isabella', 'Prague')
)
```

```response title=""Response""
    ┌─person───┬─place─────┐
 1. │ Noah     │ Paris     │
 2. │ Emma     │ Tokyo     │
 3. │ Liam     │ Sydney    │
 4. │ Olivia   │ Berlin    │
 5. │ Ilya     │ London    │
 6. │ Sophia   │ London    │
 7. │ Jackson  │ Madrid    │
 8. │ Alexey   │ Amsterdam │
 9. │ Mason    │ Venice    │
10. │ Isabella │ Prague    │
    └──────────┴───────────┘
```

`VALUES` can also be used with single values rather than tuples. For example:

```sql title=""Query""
SELECT *
FROM VALUES(
    'person String',
    'Noah',
    'Emma',
    'Liam',
    'Olivia',
    'Ilya',
    'Sophia',
    'Jackson',
    'Alexey',
    'Mason',
    'Isabella'
)
```

```response title=""Response""
    ┌─person───┐
 1. │ Noah     │
 2. │ Emma     │
 3. │ Liam     │
 4. │ Olivia   │
 5. │ Ilya     │
 6. │ Sophia   │
 7. │ Jackson  │
 8. │ Alexey   │
 9. │ Mason    │
10. │ Isabella │
    └──────────┘
```

Or without providing a row specification (`'column1_name Type1, column2_name Type2, ...'`
in the [syntax](#syntax)), in which case the columns are automatically named. 

For example:

```sql title=""Query""
-- tuples as values
SELECT *
FROM VALUES(
    ('Noah', 'Paris'),
    ('Emma', 'Tokyo'),
    ('Liam', 'Sydney'),
    ('Olivia', 'Berlin'),
    ('Ilya', 'London'),
    ('Sophia', 'London'),
    ('Jackson', 'Madrid'),
    ('Alexey', 'Amsterdam'),
    ('Mason', 'Venice'),
    ('Isabella', 'Prague')
)
```

```response title=""Response""
    ┌─c1───────┬─c2────────┐
 1. │ Noah     │ Paris     │
 2. │ Emma     │ Tokyo     │
 3. │ Liam     │ Sydney    │
 4. │ Olivia   │ Berlin    │
 5. │ Ilya     │ London    │
 6. │ Sophia   │ London    │
 7. │ Jackson  │ Madrid    │
 8. │ Alexey   │ Amsterdam │
 9. │ Mason    │ Venice    │
10. │ Isabella │ Prague    │
    └──────────┴───────────┘
```   

```sql title=""Query""
-- single values
SELECT *
FROM VALUES(
    'Noah',
    'Emma',
    'Liam',
    'Olivia',
    'Ilya',
    'Sophia',
    'Jackson',
    'Alexey',
    'Mason',
    'Isabella'
)
```

```response title=""Response""
    ┌─c1───────┐
 1. │ Noah     │
 2. │ Emma     │
 3. │ Liam     │
 4. │ Olivia   │
 5. │ Ilya     │
 6. │ Sophia   │
 7. │ Jackson  │
 8. │ Alexey   │
 9. │ Mason    │
10. │ Isabella │
    └──────────┘
```

## SQL Standard VALUES Clause {#sql-standard-values-clause}

From version 26.3, ClickHouse also supports the SQL standard `VALUES` clause as a table expression
in `FROM`, as used in PostgreSQL, MySQL, DuckDB, and SQL Server. This syntax is
rewritten internally to use the `values` table function described above.

```sql title=""Query""
SELECT * FROM (VALUES (1, 'a'), (2, 'b'), (3, 'c')) AS t(id, val);
```

```response title=""Response""
┌─id─┬─val─┐
│  1 │ a   │
│  2 │ b   │
│  3 │ c   │
└────┴─────┘
```

It can be used in CTEs:

```sql title=""Query""
WITH cte AS (SELECT * FROM (VALUES (1, 'one'), (2, 'two')) AS t(id, name))
SELECT * FROM cte;
```

And in JOINs:

```sql title=""Query""
SELECT t1.id, t1.val, t2.val2
FROM (VALUES (1, 'a'), (2, 'b')) AS t1(id, val)
JOIN (VALUES (1, 'x'), (2, 'y')) AS t2(id, val2) ON t1.id = t2.id;
```

<Note>
Column aliases after `AS t(col1, col2, ...)` follow the standard SQL syntax for
naming columns of derived tables. If omitted, columns are named `c1`, `c2`, etc.
</Note>

## See also {#see-also}

- [Values format](/reference/formats/Values)
",1
"26.7.2.59","file","
import ExperimentalBadge from ""/snippets/components/ExperimentalBadge/ExperimentalBadge.jsx"";
import CloudNotSupportedBadge from ""/snippets/components/CloudNotSupportedBadge/CloudNotSupportedBadge.jsx"";

A table engine which provides a table-like interface to SELECT from and INSERT into files, similar to the [s3](/reference/functions/table-functions/s3) table function. Use `file` when working with local files, and `s3` when working with buckets in object storage such as S3, GCS, or MinIO.

The `file` function can be used in `SELECT` and `INSERT` queries to read from or write to files.

## Syntax {#syntax}

```sql
file([path_to_archive ::] path [,format] [,structure] [,compression])
```

For `SELECT` queries, `path` can also be an expression that returns an `Array(String)`:

```sql
file(['file1.csv', 'file2.csv'], 'CSV', 'column1 UInt32, column2 UInt32')
```

## Arguments {#arguments}

| Parameter         | Description                                                                                                                                                                                                                                                                                                   |
|-------------------|---------------------------------------------------------------------------------------------------------------------------------------------------------------------------------------------------------------------------------------------------------------------------------------------------------------|
| `path`            | The relative path to the file from [user_files_path](/reference/settings/server-settings/settings#user_files_path), or an `Array(String)` of paths in `SELECT` queries. Supports in read-only mode the following [globs](#globs-in-path): `*`, `?`, `{abc,def}` (with `'abc'` and `'def'` being strings) and `{N..M}` (with `N` and `M` being numbers). |
| `path_to_archive` | The relative path to a zip/tar/7z archive. Supports the same globs as `path`.                                                                                                                                                                                                                                 |
| `format`          | The [format](/reference/formats/index) of the file.                                                                                                                                                                                                                                                                |
| `structure`       | Structure of the table. Format: `'column1_name column1_type, column2_name column2_type, ...'`.                                                                                                                                                                                                                |
| `compression`     | The existing compression type when used in a `SELECT` query, or the desired compression type when used in an `INSERT` query. Supported compression types are `gz`, `br`, `xz`, `zst`, `lz4`, and `bz2`.                                                                                                       |

<Tip>
When the `structure` argument is omitted, ClickHouse infers the schema from the format itself.
Different formats produce different default column names and types.
To see the schema for a specific format, use [`DESC`](/reference/statements/describe-table) with the [`format`](/reference/functions/table-functions/format) table function.

For example:

```sql
DESC format(LineAsString, 'Hello\nWorld')
```

```response
┌─name─┬─type───┬─default_type─┬─default_expression─┬─comment─┬─codec_expression─┬─ttl_expression─┐
│ line │ String │              │                    │         │                  │                │
└──────┴────────┴──────────────┴────────────────────┴─────────┴──────────────────┴────────────────┘
```
</Tip>

## Returned value {#returned_value}

A table for reading or writing data in a file.

## Examples for Writing to a File {#examples-for-writing-to-a-file}

### Write to a TSV file {#write-to-a-tsv-file}

```sql
INSERT INTO TABLE FUNCTION
file('test.tsv', 'TSV', 'column1 UInt32, column2 UInt32, column3 UInt32')
VALUES (1, 2, 3), (3, 2, 1), (1, 3, 2)
```

As a result, the data is written into the file `test.tsv`:

```bash
# cat /var/lib/clickhouse/user_files/test.tsv
1    2    3
3    2    1
1    3    2
```

### Partitioned write to multiple TSV files {#partitioned-write-to-multiple-tsv-files}

If you specify a `PARTITION BY` expression when inserting data into a table function of type `file`, then a separate file is created for each partition. Splitting the data into separate files helps to improve performance of read operations.

```sql
INSERT INTO TABLE FUNCTION
file('test_{_partition_id}.tsv', 'TSV', 'column1 UInt32, column2 UInt32, column3 UInt32')
PARTITION BY column3
VALUES (1, 2, 3), (3, 2, 1), (1, 3, 2)
```

As a result, the data is written into three files: `test_1.tsv`, `test_2.tsv`, and `test_3.tsv`.

```bash
# cat /var/lib/clickhouse/user_files/test_1.tsv
3    2    1

# cat /var/lib/clickhouse/user_files/test_2.tsv
1    3    2

# cat /var/lib/clickhouse/user_files/test_3.tsv
1    2    3
```

## Examples for Reading from a File {#examples-for-reading-from-a-file}

### SELECT from a CSV file {#select-from-a-csv-file}

First, set `user_files_path` in the server configuration and prepare a file `test.csv`:

```bash
$ grep user_files_path /etc/clickhouse-server/config.xml
    <user_files_path>/var/lib/clickhouse/user_files/</user_files_path>

$ cat /var/lib/clickhouse/user_files/test.csv
    1,2,3
    3,2,1
    78,43,45
```

Then, read data from `test.csv` into a table and select its first two rows:

```sql
SELECT * FROM
file('test.csv', 'CSV', 'column1 UInt32, column2 UInt32, column3 UInt32')
LIMIT 2;
```

```text
┌─column1─┬─column2─┬─column3─┐
│       1 │       2 │       3 │
│       3 │       2 │       1 │
└─────────┴─────────┴─────────┘
```

### Inserting data from a file into a table {#inserting-data-from-a-file-into-a-table}

```sql
INSERT INTO FUNCTION
file('test.csv', 'CSV', 'column1 UInt32, column2 UInt32, column3 UInt32')
VALUES (1, 2, 3), (3, 2, 1);
```
```sql
SELECT * FROM
file('test.csv', 'CSV', 'column1 UInt32, column2 UInt32, column3 UInt32');
```

```text
┌─column1─┬─column2─┬─column3─┐
│       1 │       2 │       3 │
│       3 │       2 │       1 │
└─────────┴─────────┴─────────┘
```

Reading data from `table.csv`, located in `archive1.zip` or/and `archive2.zip`:

```sql
SELECT * FROM file('user_files/archives/archive{1..2}.zip :: table.csv');
```

## Globs in path {#globs-in-path}

Paths may use globbing. Files must match the whole path pattern, not only the suffix or prefix. There is one exception that if the path refers to an existing
directory and does not use globs, a `*` will be implicitly added to the path so
all the files in the directory are selected.

- `*` — Represents arbitrarily many characters except `/` but including the empty string.
- `?` — Represents an arbitrary single character.
- `{some_string,another_string,yet_another_one}` — Substitutes any of strings `'some_string', 'another_string', 'yet_another_one'`. The strings can contain the `/` symbol.
- `{N..M}` — Represents any number `>= N` and `<= M`.
- `**` - Represents all files inside a folder recursively.

Constructions with `{}` are similar to the [remote](/reference/functions/table-functions/remote) and [hdfs](/reference/functions/table-functions/hdfs) table functions.

## Examples {#examples}

**Example**

Suppose there are these files with the following relative paths:

- `some_dir/some_file_1`
- `some_dir/some_file_2`
- `some_dir/some_file_3`
- `another_dir/some_file_1`
- `another_dir/some_file_2`
- `another_dir/some_file_3`

Query the total number of rows in all files:

```sql
SELECT count(*) FROM file('{some,another}_dir/some_file_{1..3}', 'TSV', 'name String, value UInt32');
```

An alternative path expression which achieves the same:

```sql
SELECT count(*) FROM file('{some,another}_dir/*', 'TSV', 'name String, value UInt32');
```

Query the total number of rows in `some_dir` using the implicit `*`:

```sql
SELECT count(*) FROM file('some_dir', 'TSV', 'name String, value UInt32');
```

<Note>
If your listing of files contains number ranges with leading zeros, use the construction with braces for each digit separately or use `?`.
</Note>

**Example**

Query the total number of rows in files named `file000`, `file001`, ... , `file999`:

```sql
SELECT count(*) FROM file('big_dir/file{0..9}{0..9}{0..9}', 'CSV', 'name String, value UInt32');
```

**Example**

Query the total number of rows from all files inside directory `big_dir/` recursively:

```sql
SELECT count(*) FROM file('big_dir/**', 'CSV', 'name String, value UInt32');
```

**Example**

Query the total number of rows from all files `file002` inside any folder in directory `big_dir/` recursively:

```sql
SELECT count(*) FROM file('big_dir/**/file002', 'CSV', 'name String, value UInt32');
```

## Virtual Columns {#virtual-columns}

- `_path` — Path to the file. Type: `LowCardinality(String)`.
- `_file` — Name of the file. Type: `LowCardinality(String)`.
- `_size` — Size of the file in bytes. Type: `Nullable(UInt64)`. If the file size is unknown, the value is `NULL`.
- `_time` — Last modified time of the file. Type: `Nullable(DateTime)`. If the time is unknown, the value is `NULL`.

## use_hive_partitioning setting {#hive-style-partitioning}

When setting `use_hive_partitioning` is set to 1, ClickHouse will detect Hive-style partitioning in the path (`/name=value/`) and will allow to use partition columns as virtual columns in the query. These virtual columns will have the same names as in the partitioned path.

**Example**

Use virtual column, created with Hive-style partitioning

```sql
SELECT * FROM file('data/path/date=*/country=*/code=*/*.parquet') WHERE date > '2020-01-01' AND country = 'Netherlands' AND code = 42;
```

## Settings {#settings}

| Setting                                                                                                            | Description                                                                                                                                                                 |
|--------------------------------------------------------------------------------------------------------------------|-----------------------------------------------------------------------------------------------------------------------------------------------------------------------------|
| [engine_file_empty_if_not_exists](/reference/settings/session-settings#engine_file_empty_if_not_exists)                   | allows to select empty data from a file that doesn't exist. Disabled by default.                                                                                            |
| [engine_file_truncate_on_insert](/reference/settings/session-settings#engine_file_truncate_on_insert)                     | allows to truncate file before insert into it. Disabled by default.                                                                                                         |
| [engine_file_allow_create_multiple_files](/reference/settings/session-settings#engine_file_allow_create_multiple_files) | allows to create a new file on each insert if format has suffix. Disabled by default.                                                                                       |
| [engine_file_skip_empty_files](/reference/settings/session-settings#engine_file_skip_empty_files)                       | allows to skip empty files while reading. Disabled by default.                                                                                                              |
| [storage_file_read_method](/reference/settings/session-settings#engine_file_empty_if_not_exists)                          | method of reading data from storage file, one of: read, pread, mmap (only for clickhouse-local). Default value: `pread` for clickhouse-server, `mmap` for clickhouse-local. |

## Related {#related}

- [Virtual columns](/reference/engines/table-engines/index#table_engines-virtual_columns)
- [Rename files after processing](/reference/settings/session-settings#rename_files_after_processing)
",0
"26.7.2.59","redis","
This table function allows integrating ClickHouse with [Redis](https://redis.io/).

## Syntax {#syntax}

```sql
redis(host:port, key, structure[, db_index[, password[, pool_size]]])
```

## Arguments {#arguments}

| Argument    | Description                                                                                                |
|-------------|------------------------------------------------------------------------------------------------------------|
| `host:port` | Redis server address, you can ignore port and default Redis port 6379 will be used.                          |
| `key`       | any column name in the column list.                                                                        |
| `structure` | The schema for the ClickHouse table returned from this function.                                             |
| `db_index`  | Redis db index range from 0 to 15, default is 0.                                                             |
| `password`  | User password, default is blank string.                                                                    |
| `pool_size` | Redis max connection pool size, default is 16.                                                               |
| `primary`   | must be specified, it supports only one column in the primary key. The primary key will be serialized in binary as a Redis key. |

- columns other than the primary key will be serialized in binary as Redis value in corresponding order.
- queries with key equals or in filtering will be optimized to multi keys lookup from Redis. If queries without filtering key full table scan will happen which is a heavy operation.

[Named collections](/concepts/features/configuration/server-config/named-collections) are not supported for `redis` table function at the moment.

## Returned value {#returned_value}

A table object with key as Redis key, other columns packaged together as Redis value.

## Usage Example {#usage-example}

Read from Redis:

```sql
SELECT * FROM redis(
    'redis1:6379',
    'key',
    'key String, v1 String, v2 UInt32'
)
```

Insert into Redis:

```sql
INSERT INTO TABLE FUNCTION redis(
    'redis1:6379',
    'key',
    'key String, v1 String, v2 UInt32') values ('1', '1', 1);
```

## Related {#related}

- [The `Redis` table engine](/reference/engines/table-engines/integrations/redis)
- [Using redis as a dictionary source](/reference/statements/create/dictionary/sources/redis)
",0
"26.7.2.59","zeros","
* `zeros(N)` – Returns a table with the single 'zero' column (UInt8) that contains the integer 0 `N` times
* `zeros_mt(N)` – The same as `zeros`, but uses multiple threads.

This function is used for test purposes as the fastest method to generate many rows. Similar to the `system.zeros` and `system.zeros_mt` system tables.

The following queries are equivalent:

```sql
SELECT * FROM zeros(10);
SELECT * FROM system.zeros LIMIT 10;
SELECT * FROM zeros_mt(10);
SELECT * FROM system.zeros_mt LIMIT 10;
```

```response
┌─zero─┐
│    0 │
│    0 │
│    0 │
│    0 │
│    0 │
│    0 │
│    0 │
│    0 │
│    0 │
│    0 │
└──────┘
```
",0
"26.7.2.59","mergeTreeAnalyzeIndexes","Internal function for index analysis",1
"26.7.2.59","input","
`input(structure)` - table function that allows effectively converting and inserting data sent to the
server with a given structure to a table with another structure.

`structure` - structure of data sent to the server in following format `'column1_name column1_type, column2_name column2_type, ...'`.
For example, `'id UInt32, name String'`.

This function can be used only in `INSERT SELECT` query and only once but otherwise behaves like ordinary table function
(for example, it can be used in subquery, etc.).

Data can be sent in any way like for ordinary `INSERT` query and passed in any available [format](/reference/formats/index)
that must be specified in the end of query (unlike ordinary `INSERT SELECT`).

The main feature of this function is that when server receives data from client it simultaneously converts it
according to the list of expressions in the `SELECT` clause and inserts into the target table. Temporary table
with all transferred data is not created.

## Examples {#examples}

- Let the `test` table has the following structure `(a String, b String)`
    and data in `data.csv` has a different structure `(col1 String, col2 Date, col3 Int32)`. Query for insert
    data from the `data.csv` into the `test` table with simultaneous conversion looks like this:

{/* */}

```bash
$ cat data.csv | clickhouse-client --query=""INSERT INTO test SELECT lower(col1), col3 * col3 FROM input('col1 String, col2 Date, col3 Int32') FORMAT CSV"";
```

- If `data.csv` contains data of the same structure `test_structure` as the table `test` then these two queries are equal:

{/* */}

```bash
$ cat data.csv | clickhouse-client --query=""INSERT INTO test FORMAT CSV""
$ cat data.csv | clickhouse-client --query=""INSERT INTO test SELECT * FROM input('test_structure') FORMAT CSV""
```
",1
"26.7.2.59","mysql","
Allows `SELECT` and `INSERT` queries to be performed on data that are stored on a remote MySQL server.

## Syntax {#syntax}

```sql
mysql({host:port, database, table, user, password[, replace_query, on_duplicate_clause] | named_collection[, option=value [,..]]})
```

## Arguments {#arguments}

| Argument            | Description                                                                                                                                                                                                                                                           |
|---------------------|-----------------------------------------------------------------------------------------------------------------------------------------------------------------------------------------------------------------------------------------------------------------------|
| `host:port`         | MySQL server address.                                                                                                                                                                                                                                                 |
| `database`          | Remote database name.                                                                                                                                                                                                                                                 |
| `table`             | Remote table name, or a query passed to MySQL as is (see [Passing a query instead of a table name](#passing-a-query)).                                                                                                                                                  |
| `user`              | MySQL user.                                                                                                                                                                                                                                                           |
| `password`          | User password.                                                                                                                                                                                                                                                        |
| `replace_query`     | Flag that converts `INSERT INTO` queries to `REPLACE INTO`. Possible values:<br/>    - `0` - The query is executed as `INSERT INTO`.<br/>    - `1` - The query is executed as `REPLACE INTO`.                                                                          |
| `on_duplicate_clause` | The `ON DUPLICATE KEY on_duplicate_clause` expression that is added to the `INSERT` query. Can be specified only with `replace_query = 0` (if you simultaneously pass `replace_query = 1` and `on_duplicate_clause`, ClickHouse generates an exception).<br/>    Example: `INSERT INTO t (c1,c2) VALUES ('a', 2) ON DUPLICATE KEY UPDATE c2 = c2 + 1;`<br/>    `on_duplicate_clause` here is `UPDATE c2 = c2 + 1`. See the MySQL documentation to find which `on_duplicate_clause` you can use with the `ON DUPLICATE KEY` clause. |

Arguments also can be passed using [named collections](/concepts/features/configuration/server-config/named-collections). In this case `host` and `port` should be specified separately. This approach is recommended for production environment.

Simple `WHERE` clauses such as `=, !=, >, >=, <, <=` are currently executed on the MySQL server.

The rest of the conditions and the `LIMIT` sampling constraint are executed in ClickHouse only after the query to MySQL finishes.

## Passing a query instead of a table name {#passing-a-query}

Instead of a table name, the third argument can be a `SELECT` query that is passed to MySQL as is. The structure of the resulting table is inferred from the query result. The query can be written either as a subquery, or wrapped into the `query` function:

```sql
SELECT * FROM mysql('localhost:3306', 'test', (SELECT a, b FROM t1 JOIN t2 USING (id) WHERE a > 0), 'user', 'password');
SELECT * FROM mysql('localhost:3306', 'test', query('SELECT a, b FROM t1 JOIN t2 USING (id) WHERE a > 0'), 'user', 'password');
```

This is useful to push down joins, aggregations or any other processing to MySQL. Such a table is read-only: `INSERT` into it is not allowed. The same syntax is supported by the [`MySQL`](/reference/engines/table-engines/integrations/mysql) table engine.

<Note>
The subquery form `(SELECT ...)` is parsed by ClickHouse and re-serialized in the MySQL dialect (backtick identifier quoting) before being sent to the server. It must therefore be valid ClickHouse SQL. To pass MySQL-specific syntax that ClickHouse does not parse, use the `query('...')` form, whose text is sent to MySQL verbatim.

Any outer `WHERE`, `LIMIT`, aggregation, etc. of the surrounding ClickHouse query is **not** pushed down into the passed query — it is applied in ClickHouse after the full query result is fetched. To restrict the data read from MySQL, put the filter inside the passed query. With [`external_table_strict_query = 1`](/reference/settings/session-settings#external_table_strict_query) an outer filter that cannot be pushed down is rejected with an exception instead of being applied locally.
</Note>

Supports multiple replicas that must be listed by `|`. For example:

```sql
SELECT name FROM mysql(`mysql{1|2|3}:3306`, 'mysql_database', 'mysql_table', 'user', 'password');
```

or

```sql
SELECT name FROM mysql(`mysql1:3306|mysql2:3306|mysql3:3306`, 'mysql_database', 'mysql_table', 'user', 'password');
```

## Returned value {#returned_value}

A table object with the same columns as the original MySQL table.

<Note>
Some data types of MySQL can be mapped to different ClickHouse types - this is addressed by query-level setting [mysql_datatypes_support_level](/reference/settings/session-settings#mysql_datatypes_support_level)
</Note>

<Note>
In the `INSERT` query to distinguish table function `mysql(...)` from table name with column names list, you must use keywords `FUNCTION` or `TABLE FUNCTION`. See examples below.
</Note>

## Examples {#examples}

Table in MySQL:

```text
mysql> CREATE TABLE `test`.`test` (
    ->   `int_id` INT NOT NULL AUTO_INCREMENT,
    ->   `float` FLOAT NOT NULL,
    ->   PRIMARY KEY (`int_id`));

mysql> INSERT INTO test (`int_id`, `float`) VALUES (1,2);

mysql> SELECT * FROM test;
+--------+-------+
| int_id | float |
+--------+-------+
|      1 |     2 |
+--------+-------+
```

Selecting data from ClickHouse:

```sql
SELECT * FROM mysql('localhost:3306', 'test', 'test', 'bayonet', '123');
```

Or using [named collections](/concepts/features/configuration/server-config/named-collections):

```sql
CREATE NAMED COLLECTION creds AS
        host = 'localhost',
        port = 3306,
        database = 'test',
        user = 'bayonet',
        password = '123';
SELECT * FROM mysql(creds, table='test');
```

```text
┌─int_id─┬─float─┐
│      1 │     2 │
└────────┴───────┘
```

### `enable_compression` {#enable-compression}

Enables compression for the MySQL protocol connection.

Default value: `false`.

This setting applies to:

- the `mysql` table function;
- the `MySQL` table engine;
- the `MySQL` database engine;
- named collections used by MySQL integrations.

When enabled, ClickHouse requests compression for the connection.

Example:

```sql
SELECT *
FROM mysql(
    'mysql80:3306',
    'clickhouse',
    'test_table',
    'root',
    'password',
    SETTINGS enable_compression = 1
);
```

Replacing and inserting:

```sql
INSERT INTO FUNCTION mysql('localhost:3306', 'test', 'test', 'bayonet', '123', 1) (int_id, float) VALUES (1, 3);
INSERT INTO TABLE FUNCTION mysql('localhost:3306', 'test', 'test', 'bayonet', '123', 0, 'UPDATE int_id = int_id + 1') (int_id, float) VALUES (1, 4);
SELECT * FROM mysql('localhost:3306', 'test', 'test', 'bayonet', '123');
```

```text
┌─int_id─┬─float─┐
│      1 │     3 │
│      2 │     4 │
└────────┴───────┘
```

Copying data from MySQL table into ClickHouse table:

```sql
CREATE TABLE mysql_copy
(
   `id` UInt64,
   `datetime` DateTime('UTC'),
   `description` String,
)
ENGINE = MergeTree
ORDER BY (id,datetime);

INSERT INTO mysql_copy
SELECT * FROM mysql('host:port', 'database', 'table', 'user', 'password');
```

Or if copying only an incremental batch from MySQL based on the max current id:

```sql
INSERT INTO mysql_copy
SELECT * FROM mysql('host:port', 'database', 'table', 'user', 'password')
WHERE id > (SELECT max(id) FROM mysql_copy);
```

## Related {#related}

- [The 'MySQL' table engine](/reference/engines/table-engines/integrations/mysql)
- [Using MySQL as a dictionary source](/reference/statements/create/dictionary/sources/mysql)
- [mysql_datatypes_support_level](/reference/settings/session-settings#mysql_datatypes_support_level)
- [mysql_map_fixed_string_to_text_in_show_columns](/reference/settings/session-settings#mysql_map_fixed_string_to_text_in_show_columns)
- [mysql_map_string_to_text_in_show_columns](/reference/settings/session-settings#mysql_map_string_to_text_in_show_columns)
- [mysql_max_rows_to_insert](/reference/settings/session-settings#mysql_max_rows_to_insert)
",0
"26.7.2.59","viewExplain","
                Returns result of EXPLAIN query.
                The function should not be called directly but can be invoked via `SELECT * FROM (EXPLAIN <query>)`.
                You can use this query to process the result of EXPLAIN further using SQL (e.g., in tests).
                Example:
                [example:1]
                ",0
"26.7.2.59","null","
Creates a temporary table of the specified structure with the [Null](/reference/engines/table-engines/special/null) table engine. According to the `Null`-engine properties, the table data is ignored and the table itself is immediately dropped right after the query execution. The function is used for the convenience of test writing and demonstrations.

## Syntax {#syntax}

```sql
null('structure')
```

## Argument {#argument}

- `structure` — A list of columns and column types. [String](/reference/data-types/string).

## Returned value {#returned_value}

A temporary `Null`-engine table with the specified structure.

## Example {#example}

Query with the `null` function:

```sql
INSERT INTO function null('x UInt64') SELECT * FROM numbers_mt(1000000000);
```
can replace three queries:

```sql
CREATE TABLE t (x UInt64) ENGINE = Null;
INSERT INTO t SELECT * FROM numbers_mt(1000000000);
DROP TABLE IF EXISTS t;
```

## Related {#related}

- [Null table engine](/reference/engines/table-engines/special/null)
",1
"26.7.2.59","odbc","
Returns table that is connected via [ODBC](https://en.wikipedia.org/wiki/Open_Database_Connectivity).

## Syntax {#syntax}

```sql
odbc(datasource, external_database, external_table)
odbc(datasource, external_table)
odbc(named_collection)
```

## Arguments {#arguments}

| Argument            | Description                                                            |
|---------------------|------------------------------------------------------------------------|
| `datasource` | Name of the section with connection settings in the `odbc.ini` file. |
| `external_database` | Name of a database in an external DBMS.                                |
| `external_table`    | Name of a table in the `external_database`.                            |

These parameters can also be passed using [named collections](/concepts/features/configuration/server-config/named-collections).

To safely implement ODBC connections, ClickHouse uses a separate program `clickhouse-odbc-bridge`. If the ODBC driver is loaded directly from `clickhouse-server`, driver problems can crash the ClickHouse server. ClickHouse automatically starts `clickhouse-odbc-bridge` when it is required. The ODBC bridge program is installed from the same package as the `clickhouse-server`.

The fields with the `NULL` values from the external table are converted into the default values for the base data type. For example, if a remote MySQL table field has the `INT NULL` type it is converted to 0 (the default value for ClickHouse `Int32` data type).

## Usage Example {#usage-example}

**Getting data from the local MySQL installation via ODBC**

This example is checked for Ubuntu Linux 18.04 and MySQL server 5.7.

Ensure that unixODBC and MySQL Connector are installed.

By default (if installed from packages), ClickHouse starts as user `clickhouse`. Thus you need to create and configure this user in the MySQL server.

```bash
$ sudo mysql
```

```sql
mysql> CREATE USER 'clickhouse'@'localhost' IDENTIFIED BY 'clickhouse';
mysql> GRANT ALL PRIVILEGES ON *.* TO 'clickhouse'@'clickhouse' WITH GRANT OPTION;
```

Then configure the connection in `/etc/odbc.ini`.

```bash
$ cat /etc/odbc.ini
[mysqlconn]
DRIVER = /usr/local/lib/libmyodbc5w.so
SERVER = 127.0.0.1
PORT = 3306
DATABASE = test
USERNAME = clickhouse
PASSWORD = clickhouse
```

You can check the connection using the `isql` utility from the unixODBC installation.

```bash
$ isql -v mysqlconn
+-------------------------+
| Connected!                            |
|                                       |
...
```

Table in MySQL:

```text
mysql> CREATE TABLE `test`.`test` (
    ->   `int_id` INT NOT NULL AUTO_INCREMENT,
    ->   `int_nullable` INT NULL DEFAULT NULL,
    ->   `float` FLOAT NOT NULL,
    ->   `float_nullable` FLOAT NULL DEFAULT NULL,
    ->   PRIMARY KEY (`int_id`));
Query OK, 0 rows affected (0,09 sec)

mysql> insert into test (`int_id`, `float`) VALUES (1,2);
Query OK, 1 row affected (0,00 sec)

mysql> select * from test;
+------+----------+-----+----------+
| int_id | int_nullable | float | float_nullable |
+------+----------+-----+----------+
|      1 |         NULL |     2 |           NULL |
+------+----------+-----+----------+
1 row in set (0,00 sec)
```

Retrieving data from the MySQL table in ClickHouse:

```sql
SELECT * FROM odbc('DSN=mysqlconn', 'test', 'test')
```

```text
┌─int_id─┬─int_nullable─┬─float─┬─float_nullable─┐
│      1 │            0 │     2 │              0 │
└────────┴──────────────┴───────┴────────────────┘
```

## Related {#see-also}

- [ODBC dictionaries](/reference/statements/create/dictionary/sources/odbc)
- [ODBC table engine](/reference/engines/table-engines/integrations/odbc).
",0
"26.7.2.59","generateSeries","
Alias: `generateSeries`

## Syntax {#syntax}

Returns a table with the single 'generate_series' column (`UInt64`) that contains integers from start to stop inclusively:

```sql
generate_series(START, STOP)
```

Returns a table with the single 'generate_series' column (`UInt64`) that contains integers from start to stop inclusively with spacing between values given by `STEP`:

```sql
generate_series(START, STOP, STEP)
```

`STEP` can be negative, in which case the series is generated in descending order from `START` down to `STOP`. If `STEP` is negative and `START < STOP`, the result is empty.

## Examples {#examples}

The following queries return tables with the same content but different column names:

```sql
SELECT * FROM numbers(10, 5);
```

```response
┌─number─┐
│     10 │
│     11 │
│     12 │
│     13 │
│     14 │
└────────┘
```

```sql
SELECT * FROM generate_series(10, 14);
```

```response
┌─generate_series─┐
│              10 │
│              11 │
│              12 │
│              13 │
│              14 │
└─────────────────┘
```

And the following queries return tables with the same content but different column names (but the second option is more efficient):

```sql
SELECT * FROM numbers(10, 11) WHERE number % 3 == (10 % 3);
```

```response
┌─number─┐
│     10 │
│     13 │
│     16 │
│     19 │
└────────┘
```

```sql
SELECT * FROM generate_series(10, 20, 3);
```

```response
┌─generate_series─┐
│              10 │
│              13 │
│              16 │
│              19 │
└─────────────────┘
```

Generate a descending series:

```sql
SELECT * FROM generate_series(9, 0, -1);
```

```response
┌─generate_series─┐
│               9 │
│               8 │
│               7 │
│               6 │
│               5 │
│               4 │
│               3 │
│               2 │
│               1 │
│               0 │
└─────────────────┘
```
",1
"26.7.2.59","mongodb","
Allows `SELECT` queries to be performed on data that is stored on a remote MongoDB server.

## Syntax {#syntax}

```sql
mongodb(host:port, database, collection, user, password, structure[, options[, oid_columns]]);
mongodb(uri, collection, structure[, oid_columns]);
mongodb(named_collection_name[, <arg>=<value>...]);
```

## Arguments {#arguments}

| Argument      | Description                                                                                            |
|---------------|--------------------------------------------------------------------------------------------------------|
| `host:port`   | MongoDB server address.                                                                                |
| `database`    | Remote database name.                                                                                  |
| `collection`  | Remote collection name.                                                                                |
| `user`        | MongoDB user.                                                                                          |
| `password`    | User password.                                                                                         |
| `structure`   | The schema for the ClickHouse table returned from this function.                                       |
| `options`     | MongoDB connection string options (optional parameter).                                                |
| `oid_columns` | Comma-separated list of columns that should be treated as `oid` in the WHERE clause. `_id` by default. |

<Tip>
If you are using the MongoDB Atlas cloud offering please add these options:

```ini
'connectTimeoutMS=10000&ssl=true&authSource=admin'
```
</Tip>

You can also connect by URI:

```sql
mongodb(uri, collection, structure[, oid_columns])
```

| Argument      | Description                                                                                            |
|---------------|--------------------------------------------------------------------------------------------------------|
| `uri`         | Connection string.                                                                                     |
| `collection`  | Remote collection name.                                                                                |
| `structure`   | The schema for the ClickHouse table returned from this function.                                       |
| `oid_columns` | Comma-separated list of columns that should be treated as `oid` in the WHERE clause. `_id` by default. |

You can pass the arguments using a named collection:

```sql
mongodb(_named_collection_[, host][, port][, database][, collection][, user][, password][, structure][, options][, oid_columns])
-- or
mongodb(_named_collection_[, uri][, structure][, oid_columns])
```

## Returned value {#returned_value}

A table object with the same columns as the original MongoDB table.

## Examples {#examples}

Suppose we have a collection named `my_collection` defined in a MongoDB database named `test`, and we insert a couple of documents:

```sql
db.createUser({user:""test_user"",pwd:""password"",roles:[{role:""readWrite"",db:""test""}]})

db.createCollection(""my_collection"")

db.my_collection.insertOne(
    { log_type: ""event"", host: ""120.5.33.9"", command: ""check-cpu-usage -w 75 -c 90"" }
)

db.my_collection.insertOne(
    { log_type: ""event"", host: ""120.5.33.4"", command: ""system-check""}
)
```

Let's query the collection using the `mongodb` table function:

```sql
SELECT * FROM mongodb(
    '127.0.0.1:27017',
    'test',
    'my_collection',
    'test_user',
    'password',
    'log_type String, host String, command String',
    'connectTimeoutMS=10000'
)
```

or:

```sql
SELECT * FROM mongodb(
    'mongodb://test_user:password@127.0.0.1:27017/test?connectionTimeoutMS=10000',
    'my_collection',
    'log_type String, host String, command String'
)
```

or:

```sql
CREATE NAMED COLLECTION mongo_creds AS
       uri='mongodb://test_user:password@127.0.0.1:27017/test?connectionTimeoutMS=10000',
       collection='default_collection';

SELECT * FROM mongodb(
        mongo_creds,
        collection = 'my_collection',
        structure = 'log_type String, host String, command String'
)
```

## Related {#related}

- [The `MongoDB` table engine](/reference/engines/table-engines/integrations/mongodb)
- [Using MongoDB as a dictionary source](/reference/statements/create/dictionary/sources/mongodb)
",0
"26.7.2.59","generate_series","Returns a table with a single 'generate_series' column of integers from a start value to a stop value inclusive; an optional third argument sets the step (default 1). Same as generateSeries.",1
"26.7.2.59","deltaLake","
Provides a table-like interface to [Delta Lake](https://github.com/delta-io/delta) tables in Amazon S3, Azure Blob Storage, or a locally mounted file system, supporting both reads and writes (from v25.10)

## Syntax {#syntax}

`deltaLake` is an alias of `deltaLakeS3` which is supported for compatibility.

```sql
deltaLake(url [,aws_access_key_id, aws_secret_access_key] [,format] [,structure] [,compression] [,extra_credentials])

deltaLakeS3(url [,aws_access_key_id, aws_secret_access_key] [,format] [,structure] [,compression] [,extra_credentials])

deltaLakeAzure(connection_string|storage_account_url, container_name, blobpath, [,account_name], [,account_key] [,format] [,compression_method])

deltaLakeLocal(path, [,format])
```

## Arguments {#arguments}

The arguments for this table function are the same as for the `s3`, `azureBlobStorage`, `HDFS` and `file` table functions respectively.
The `format` argument stands for the format of data files in the Delta lake table.

An optional `extra_credentials` parameter can be used to pass a `role_arn` for role-based access in ClickHouse Cloud. See [Secure S3](/products/cloud/guides/data-sources/accessing-s3-data-securely) for configuration steps.

## Returned value {#returned_value}

Returns a table with the specified structure for reading or writing data from/to the specified Delta Lake table.

## Examples {#examples}

### Reading data {#reading-data}

Consider a table in S3 storage at `https://clickhouse-public-datasets.s3.amazonaws.com/delta_lake/hits/`.
To read data from the table in ClickHouse, run:

```sql title=""Query""
SELECT
    URL,
    UserAgent
FROM deltaLake('https://clickhouse-public-datasets.s3.amazonaws.com/delta_lake/hits/')
WHERE URL IS NOT NULL
LIMIT 2
```

```response title=""Response""
┌─URL───────────────────────────────────────────────────────────────────┬─UserAgent─┐
│ http://auto.ria.ua/search/index.kz/jobinmoscow/detail/55089/hasimages │         1 │
│ http://auto.ria.ua/search/index.kz/jobinmoscow.ru/gosushi             │         1 │
└───────────────────────────────────────────────────────────────────────┴───────────┘
```

### Inserting data {#inserting-data}

Consider a table in S3 storage at `s3://ch-docs-s3-bucket/people_10k/`.
Delta Lake writes are a Beta feature disabled by default. Enable them with the following (`allow_delta_lake_writes` is available from version 26.7; on earlier versions use `allow_experimental_delta_lake_writes`):

```sql title=""Query""
SET allow_delta_lake_writes=1
```

Then write:

```sql title=""Query""
INSERT INTO TABLE FUNCTION deltaLake('s3://ch-docs-s3-bucket/people_10k/', '<access_key>', '<secret>') VALUES (10001, 'John', 'Smith', 'Male', 30)
```

```response title=""Response""
Query id: 09069b47-89fa-4660-9e42-3d8b1dde9b17

Ok.

1 row in set. Elapsed: 3.426 sec.
```

You can confirm the insert worked by reading the table again:

```sql title=""Query""
SELECT *
FROM deltaLake('s3://ch-docs-s3-bucket/people_10k/', '<access_key>', '<secret>')
WHERE (firstname = 'John') AND (lastname = 'Smith')
```

```response title=""Response""
Query id: 65032944-bed6-4d45-86b3-a71205a2b659

   ┌────id─┬─firstname─┬─lastname─┬─gender─┬─age─┐
1. │ 10001 │ John      │ Smith    │ Male   │  30 │
   └───────┴───────────┴──────────┴────────┴─────┘
```

## Virtual Columns {#virtual-columns}

- `_path` — Path to the file. Type: `LowCardinality(String)`.
- `_file` — Name of the file. Type: `LowCardinality(String)`.
- `_size` — Size of the file in bytes. Type: `Nullable(UInt64)`. If the file size is unknown, the value is `NULL`.
- `_time` — Last modified time of the file. Type: `Nullable(DateTime)`. If the time is unknown, the value is `NULL`.
- `_etag` — The etag of the file. Type: `LowCardinality(String)`. If the etag is unknown, the value is `NULL`.

## Related {#related}

- [DeltaLake engine](/reference/engines/table-engines/integrations/deltalake)
- [DeltaLake cluster table function](/reference/functions/table-functions/deltalakeCluster)
",0
"26.7.2.59","sqlite","
Allows to perform queries on data stored in a [SQLite](/reference/engines/database-engines/sqlite) database.

## Syntax {#syntax}

```sql
sqlite('db_path', 'table_name')
```

## Arguments {#arguments}

- `db_path` — Path to a file with an SQLite database. [String](/reference/data-types/string).
- `table_name` — Name of a table in the SQLite database, or a query passed to SQLite as is (see [Passing a query instead of a table name](#passing-a-query)). [String](/reference/data-types/string).

## Returned value {#returned_value}

- A table object with the same columns as in the original `SQLite` table.

## Passing a query instead of a table name {#passing-a-query}

Instead of a table name, the second argument can be a `SELECT` query that is passed to SQLite as is. The structure of the resulting table is inferred from the query result. The query can be written either as a subquery, or wrapped into the `query` function:

```sql
SELECT * FROM sqlite('sqlite.db', (SELECT col1, col2 FROM table1 WHERE col2 > 1));
SELECT * FROM sqlite('sqlite.db', query('SELECT col1, col2 FROM table1 WHERE col2 > 1'));
```

Such a table is read-only: `INSERT` into it is not allowed. The same syntax is supported by the [`SQLite`](/reference/engines/table-engines/integrations/sqlite) table engine.

<Note>
The subquery form `(SELECT ...)` is parsed by ClickHouse and re-serialized before being sent to SQLite. It must therefore be valid ClickHouse SQL. To pass SQLite-specific syntax that ClickHouse does not parse, use the `query('...')` form, whose text is sent to SQLite verbatim.

Any outer `WHERE`, `LIMIT`, aggregation, etc. of the surrounding ClickHouse query is **not** pushed down into the passed query — it is applied in ClickHouse after the full query result is fetched. To restrict the data read from SQLite, put the filter inside the passed query. With [`external_table_strict_query = 1`](/reference/settings/session-settings#external_table_strict_query) an outer filter that cannot be pushed down is rejected with an exception instead of being applied locally.
</Note>

## Example {#example}

```sql title=""Query""
SELECT * FROM sqlite('sqlite.db', 'table1') ORDER BY col2;
```

```text title=""Response""
┌─col1──┬─col2─┐
│ line1 │    1 │
│ line2 │    2 │
│ line3 │    3 │
└───────┴──────┘
```

## Related {#related}

- [SQLite](/reference/engines/table-engines/integrations/sqlite) table engine
- [SQLite database engine](/reference/engines/database-engines/sqlite) — Data types support section
",0
"26.7.2.59","arrowFlight","
Allows reading from and writing to data exposed via an [Apache Arrow Flight](/concepts/features/interfaces/arrowflight) server.

**Syntax**

```sql
arrowFlight('host:port', 'dataset_name' [, 'username', 'password'])
```

**Arguments**

- `host:port` — Address of the Arrow Flight server. If the port is omitted, the default port `8815` is used. [String](/reference/data-types/string).
- `dataset_name` — Name of the dataset or descriptor available on the Arrow Flight server. [String](/reference/data-types/string).
- `username` — Username for basic HTTP authentication. [String](/reference/data-types/string).
- `password` — Password for basic HTTP authentication. [String](/reference/data-types/string).

If `username` and `password` are not specified, authentication is not used (this works only if the Arrow Flight server allows unauthenticated access).

The function also supports [named collections](/concepts/features/configuration/server-config/named-collections) — see the [ArrowFlight table engine](/reference/engines/table-engines/integrations/arrowflight#named-collections) for the list of supported parameters.

**Returned value**

A table object representing the remote dataset. The schema is inferred from the Arrow Flight server.

**Settings**

- `arrow_flight_request_descriptor_type` — Controls how the dataset name is sent to the Flight server. Values: `path` (default) or `command`. See the [ArrowFlight table engine](/reference/engines/table-engines/integrations/arrowflight#settings) for details.

**Examples**

Reading from a remote Arrow Flight server:

```sql title=""Query""
SELECT * FROM arrowFlight('127.0.0.1:9005', 'sample_dataset') ORDER BY id;
```

```text title=""Response""
┌─id─┬─name────┬─value─┐
│  1 │ foo     │ 42.1  │
│  2 │ bar     │ 13.3  │
│  3 │ baz     │ 77.0  │
└────┴─────────┴───────┘
```

Inserting data into a remote Arrow Flight server:

```sql
INSERT INTO FUNCTION arrowFlight('127.0.0.1:9005', 'sample_dataset') VALUES (4, 'qux', 99.9);
```

Using a named collection:

```sql
SELECT * FROM arrowFlight(named_collection_name);
```

**See Also**

- [ArrowFlight table engine](/reference/engines/table-engines/integrations/arrowflight)
- [Arrow Flight Interface](/concepts/features/interfaces/arrowflight)
- [Apache Arrow Flight SQL specification](https://arrow.apache.org/docs/format/FlightSql.html)
",0
"26.7.2.59","cluster","
Allows accessing all shards (configured in the `remote_servers` section) of a cluster without creating a [Distributed](/reference/engines/table-engines/special/distributed) table. Only one replica of each shard is queried.

`clusterAllReplicas` function — same as `cluster`, but all replicas are queried. Each replica in a cluster is used as a separate shard/connection.

<Note>
All available clusters are listed in the [system.clusters](/reference/system-tables/clusters) table.
</Note>

## Syntax {#syntax}

```sql
cluster(['cluster_name', db.table, sharding_key])
cluster(['cluster_name', db, table, sharding_key])
clusterAllReplicas(['cluster_name', db.table, sharding_key])
clusterAllReplicas(['cluster_name', db, table, sharding_key])
```
## Arguments {#arguments}

| Arguments                   | Type                                                                                                                                              |
|-----------------------------|---------------------------------------------------------------------------------------------------------------------------------------------------|
| `cluster_name`              | Name of a cluster that is used to build a set of addresses and connection parameters to remote and local servers, set `default` if not specified. |
| `db.table` or `db`, `table` | Name of a database and a table.                                                                                                                   |
| `sharding_key`              | A sharding key. Optional. Needs to be specified if the cluster has more than one shard.                                                           |

## Returned value {#returned_value}

The dataset from clusters.

## Using macros {#using_macros}

`cluster_name` can contain macros — substitution in `{}`. The substituted value is taken from the [macros](/reference/settings/server-settings/settings#macros) section of the server configuration file.

Example:

```sql
SELECT * FROM cluster('{cluster}', default.example_table);
```

## Usage and recommendations {#usage_recommendations}

Using the `cluster` and `clusterAllReplicas` table functions are less efficient than creating a `Distributed` table because in this case, the server connection is re-established for every request. When processing a large number of queries, please always create the `Distributed` table ahead of time, and do not use the `cluster` and `clusterAllReplicas` table functions.

The `cluster` and `clusterAllReplicas` table functions can be useful in the following cases:

- Accessing a specific cluster for data comparison, debugging, and testing.
- Queries to various ClickHouse clusters and replicas for research purposes.
- Infrequent distributed requests that are made manually.

Connection settings like `host`, `port`, `user`, `password`, `compression`, `secure` are taken from `<remote_servers>` config section. See details in [Distributed engine](/reference/engines/table-engines/special/distributed).

## Related {#related}

- [skip_unavailable_shards](/reference/settings/session-settings#skip_unavailable_shards)
- [load_balancing](/reference/settings/session-settings#load_balancing)
",1
"26.7.2.59","primes","
- `primes()` – Returns an infinite table with a single `prime` column (UInt64) that contains prime numbers in ascending order, starting from 2. Use `LIMIT` (and optionally `OFFSET`) to restrict the number of rows.

- `primes(N)` – Returns a table with the single `prime` column (UInt64) that contains the first `N` prime numbers, starting from 2.

- `primes(N, M)` – Returns a table with the single `prime` column (UInt64) that contains `M` prime numbers starting at the `N`-th prime (0-based).

- `primes(N, M, S)` – Returns a table with the single `prime` column (UInt64) that contains `M` prime numbers starting from the `N`-th prime (0-based) with step `S` by prime index. The returned primes correspond to indices `N, N + S, N + 2S, ..., N + (M - 1)S`. `S` must be `>= 1`.

This is similar to the [`system.primes`](/reference/system-tables/primes) system table.

The following queries are equivalent:

```sql
SELECT * FROM primes(10);
SELECT * FROM primes(0, 10);
SELECT * FROM primes() LIMIT 10;
SELECT * FROM system.primes LIMIT 10;
SELECT * FROM system.primes WHERE prime IN (2, 3, 5, 7, 11, 13, 17, 19, 23, 29);
```

The following queries are also equivalent:

```sql
SELECT * FROM primes(10, 10);
SELECT * FROM primes() LIMIT 10 OFFSET 10;
SELECT * FROM system.primes LIMIT 10 OFFSET 10;
```

### Examples {#examples}

The first 10 primes.
```sql
SELECT * FROM primes(10);
```

```response
  ┌─prime─┐
  │     2 │
  │     3 │
  │     5 │
  │     7 │
  │    11 │
  │    13 │
  │    17 │
  │    19 │
  │    23 │
  │    29 │
  └───────┘
```

The first prime greater than 1e15.
```sql
SELECT prime FROM primes() WHERE prime > 1e15 LIMIT 1;
```

```response
  ┌────────────prime─┐
  │ 1000000000000037 │ -- 1.00 quadrillion
  └──────────────────┘
```

Solve a modular constraint over primes in a very large range: find the first prime `p >= 10^15` such that `p` modulo `65537` equals `1`.
```sql
SELECT prime
FROM primes()
WHERE prime >= 1e15
  AND prime % 65537 = 1
LIMIT 1;
```

```response
 ┌────────────prime─┐
 │ 1000000001218399 │ -- 1.00 quadrillion
 └──────────────────┘
```

The first 7 Mersenne primes.
```sql
SELECT prime
FROM primes()
WHERE bitAnd(prime, prime + 1) = 0
LIMIT 7;
```

```response
  ┌──prime─┐
  │      3 │
  │      7 │
  │     31 │
  │    127 │
  │   8191 │
  │ 131071 │
  │ 524287 │
  └────────┘
```

### Notes {#notes}
- The fastest forms are the plain range and point-filter queries that use the default step (`1`), for example, `primes(N)` or `primes() LIMIT N`. These forms use an optimized prime generator to compute very large primes efficiently.
- For unbounded sources (`primes()` / `system.primes`), simple value filters such as `prime BETWEEN ...`, `prime IN (...)`, or `prime = ...` can be applied during generation to restrict the searched value ranges. For example, the following query executes almost instantly:
```sql
SELECT sum(prime)
FROM primes()
WHERE prime BETWEEN 1e6 AND 1e6 + 100
   OR prime BETWEEN 1e12 AND 1e12 + 100
   OR prime BETWEEN 1e15 AND 1e15 + 100
   OR prime IN (9999999967, 9999999971, 9999999973)
   OR prime = 1000000000000037;
```

```response
  ┌───────sum(prime)─┐
  │ 2004010006000641 │ -- 2.00 quadrillion
  └──────────────────┘

1 row in set. Elapsed: 0.090 sec. 
```
- This value-range optimization does not apply to bounded table functions (`primes(N)`, `primes(offset, count[, step])`) with `WHERE`, because those variants define a finite table by prime index and the filter must be evaluated after generating that table to preserve semantics.
- Using a non-zero offset and/or step greater than 1 (`primes(offset, count)` / `primes(offset, count, step)`) may be slower because additional primes may need to be generated and skipped internally. If you don't need an offset or step, omit them.
",1
"26.7.2.59","paimonCluster","
import ExperimentalBadge from ""/snippets/components/ExperimentalBadge/ExperimentalBadge.jsx"";

<ExperimentalBadge />

This is an extension to the [paimon](/reference/functions/table-functions/paimon) table function.

Allows processing files from Apache [Paimon](https://paimon.apache.org/) in parallel from many nodes in a specified cluster. On initiator it creates a connection to all nodes in the cluster and dispatches each file dynamically. On the worker node it asks the initiator about the next task to process and processes it. This is repeated until all tasks are finished.

## Syntax {#syntax}

```sql
paimonS3Cluster(cluster_name, url [,aws_access_key_id, aws_secret_access_key] [,format] [,structure] [,compression] [,extra_credentials])

paimonAzureCluster(cluster_name, connection_string|storage_account_url, container_name, blobpath, [,account_name], [,account_key] [,format] [,compression_method])

paimonHDFSCluster(cluster_name, path_to_table, [,format] [,compression_method])
```

## Arguments {#arguments}

- `cluster_name` — Name of a cluster that is used to build a set of addresses and connection parameters to remote and local servers.
- Description of all other arguments coincides with description of arguments in equivalent [paimon](/reference/functions/table-functions/paimon) table function.
- An optional `extra_credentials` parameter can be used to pass a `role_arn` for role-based access in ClickHouse Cloud. See [Secure S3](/products/cloud/guides/data-sources/accessing-s3-data-securely) for configuration steps.

**Returned value**

A table with the specified structure for reading data from cluster in the specified Paimon table.

## Virtual Columns {#virtual-columns}

- `_path` — Path to the file. Type: `LowCardinality(String)`.
- `_file` — Name of the file. Type: `LowCardinality(String)`.
- `_size` — Size of the file in bytes. Type: `Nullable(UInt64)`. If the file size is unknown, the value is `NULL`.
- `_time` — Last modified time of the file. Type: `Nullable(DateTime)`. If the time is unknown, the value is `NULL`.
- `_etag` — The etag of the file. Type: `LowCardinality(String)`. If the etag is unknown, the value is `NULL`.

**See Also**

- [Paimon table function](/reference/functions/table-functions/paimon)
",0
"26.7.2.59","remoteSecure","Like the remote table function, but establishes a TLS-encrypted (secure) connection to the remote server.",0
"26.7.2.59","numbers","
- `numbers()` – Returns an infinite table with a single `number` column (UInt64) that contains integers in ascending order, starting from 0. Use `LIMIT` (and optionally `OFFSET`) to restrict the number of rows.

- `numbers(N)` – Returns a table with a single `number` column (UInt64) that contains integers from 0 to `N - 1`.

- `numbers(N, M)` – Returns a table with a single `number` column (UInt64) that contains `M` integers from `N` to `N + M - 1`.

- `numbers(N, M, S)` – Returns a table with a single `number` column (UInt64) that contains values in `[N, N + M)` with step `S` (about `M / S` rows, rounded up). `S` must be `>= 1`.

This is similar to the [`system.numbers`](/reference/system-tables/numbers) system table. It can be used for testing and generating successive values.

The following queries are equivalent:

```sql
SELECT * FROM numbers(10);
SELECT * FROM numbers(0, 10);
SELECT * FROM numbers() LIMIT 10;
SELECT * FROM system.numbers LIMIT 10;
SELECT * FROM system.numbers WHERE number BETWEEN 0 AND 9;
SELECT * FROM system.numbers WHERE number IN (0, 1, 2, 3, 4, 5, 6, 7, 8, 9);
```

The following queries are also equivalent:

```sql
SELECT * FROM numbers(10, 10);
SELECT * FROM numbers() LIMIT 10 OFFSET 10;
SELECT * FROM system.numbers LIMIT 10 OFFSET 10;
```

The following queries are also equivalent:

```sql
SELECT number * 2 FROM numbers(10);
SELECT (number - 10) * 2 FROM numbers(10, 10);
SELECT * FROM numbers(0, 20, 2);
```

### Examples {#examples}

The first 10 numbers.
```sql
SELECT * FROM numbers(10);
```

```response
 ┌─number─┐
 │      0 │
 │      1 │
 │      2 │
 │      3 │
 │      4 │
 │      5 │
 │      6 │
 │      7 │
 │      8 │
 │      9 │
 └────────┘
```

Generate a sequence of dates from 2010-01-01 to 2010-12-31.

```sql
SELECT toDate('2010-01-01') + number AS d FROM numbers(365);
```

Find the first `UInt64` `>= 10^15` whose `sipHash64(number)` has 20 trailing zero bits.

```sql
SELECT number
FROM numbers()
WHERE number >= 1e15
  AND bitAnd(sipHash64(number), 0xFFFFF) = 0
LIMIT 1;
```

```response
 ┌───────────number─┐
 │ 1000000000056095 │ -- 1.00 quadrillion
 └──────────────────┘
```

### Notes {#notes}
- For performance reasons, if you know how many rows you need, prefer bounded forms (`numbers(N)`, `numbers(N, M[, S])`) over unbounded `numbers()` / `system.numbers`.
- For parallel generation, use `numbers_mt(...)` or the [`system.numbers_mt`](/reference/system-tables/numbers_mt) table. Note that results may be returned in any order.
",1
"26.7.2.59","remote","
Table function `remote` allows to access remote servers on-the-fly, i.e. without creating a [Distributed](/reference/engines/table-engines/special/distributed) table. Table function `remoteSecure` is same as `remote` but over a secure connection.

Both functions can be used in `SELECT` and `INSERT` queries when the target is an ordinary `db`/`table`. When the target is itself a table function (for example `remote('127.0.0.1', numbers(10))`), the table is read-only: there is no remote table to insert into, so `INSERT` is rejected with a `NOT_IMPLEMENTED` exception.

## Syntax {#syntax}

```sql
remote(addresses_expr, [db, table, user [, password], sharding_key])
remote(addresses_expr, [db.table, user [, password], sharding_key])
remote(named_collection[, option=value [,..]])
remoteSecure(addresses_expr, [db, table, user [, password], sharding_key])
remoteSecure(addresses_expr, [db.table, user [, password], sharding_key])
remoteSecure(named_collection[, option=value [,..]])
```

## Parameters {#parameters}

| Argument       | Description                                                                                                                                                                                                                                                                                                                                                        |
|----------------|--------------------------------------------------------------------------------------------------------------------------------------------------------------------------------------------------------------------------------------------------------------------------------------------------------------------------------------------------------------------|
| `addresses_expr` | A remote server address or an expression that generates multiple addresses of remote servers. Format: `host` or `host:port`.<br/><br/>    The `host` can be specified as a server name, or as a IPv4 or IPv6 address. An IPv6 address must be specified in `[]`.<br/><br/>    The `port` is the TCP port on the remote server. If the port is omitted, it uses [tcp_port](/reference/settings/server-settings/settings#tcp_port) from the server config file for table function `remote` (by default, 9000) and [tcp_port_secure](/reference/settings/server-settings/settings#tcp_port_secure) for table function `remoteSecure` (by default, 9440).<br/><br/>    For IPv6 addresses, a port is required.<br/><br/>    If only parameter `addresses_expr` is specified, `db` and `table` will use `system.one` by default.<br/><br/>    Type: [String](/reference/data-types/string). |
| `db`           | Database name. Type: [String](/reference/data-types/string).                                                                                                                                                                                                                                                                                             |
| `table`        | Table name. Type: [String](/reference/data-types/string).                                                                                                                                                                                                                                                                                               |
| `user`         | User name. If not specified, `default` is used. Type: [String](/reference/data-types/string).                                                                                                                                                                                                                                                         |
| `password`     | User password. If not specified, an empty password is used. Type: [String](/reference/data-types/string).                                                                                                                                                                                                                                             |
| `sharding_key` | Sharding key to support distributing data across nodes. For example: `insert into remote('127.0.0.1:9000,127.0.0.2', db, table, 'default', rand())`. Type: [UInt32](/reference/data-types/int-uint).                                                                                                                                                 |

Arguments also can be passed using [named collections](/concepts/features/configuration/server-config/named-collections).

## Returned value {#returned-value}

A table located on a remote server.

## Usage {#usage}

As table functions `remote` and `remoteSecure` re-establish the connection for each request, it is recommended to use a `Distributed` table instead. Also, if hostnames are set, the names are resolved, and errors are not counted when working with various replicas. When processing a large number of queries, always create the `Distributed` table ahead of time, and do not use the `remote` table function.

The `remote` table function can be useful in the following cases:

- One-time data migration from one system to another
- Accessing a specific server for data comparison, debugging, and testing, i.e. ad-hoc connections.
- Queries between various ClickHouse clusters for research purposes.
- Infrequent distributed requests that are made manually.
- Distributed requests where the set of servers is re-defined each time.

The same parameters can be used with the `Remote` and `RemoteSecure` table engines to create a persistent table instead of an ad-hoc one, see [Remote and RemoteSecure engines](/reference/engines/table-engines/special/distributed#distributed-remote-engines).

### Addresses {#addresses}

```text
example01-01-1
example01-01-1:9440
example01-01-1:9000
localhost
127.0.0.1
[::]:9440
[::]:9000
[2a02:6b8:0:1111::11]:9000
```

Multiple addresses can be comma-separated. In this case, ClickHouse will use distributed processing and send the query to all specified addresses (like shards with different data). Example:

```text
example01-01-1,example01-02-1
```

## Examples {#examples}

### Selecting data from a remote server: {#selecting-data-from-a-remote-server}

```sql
SELECT * FROM remote('127.0.0.1', db.remote_engine_table) LIMIT 3;
```

Or using [named collections](/concepts/features/configuration/server-config/named-collections):

```sql
CREATE NAMED COLLECTION creds AS
        host = '127.0.0.1',
        database = 'db';
SELECT * FROM remote(creds, table='remote_engine_table') LIMIT 3;
```

### Inserting data into a table on a remote server: {#inserting-data-into-a-table-on-a-remote-server}

```sql
CREATE TABLE remote_table (name String, value UInt32) ENGINE=Memory;
INSERT INTO FUNCTION remote('127.0.0.1', currentDatabase(), 'remote_table') VALUES ('test', 42);
SELECT * FROM remote_table;
```

### Migration of tables from one system to another: {#migration-of-tables-from-one-system-to-another}

This example uses one table from a sample dataset.  The database is `imdb`, and the table is `actors`.

#### On the source ClickHouse system (the system that currently hosts the data) {#on-the-source-clickhouse-system-the-system-that-currently-hosts-the-data}

- Verify the source database and table name (`imdb.actors`)

  ```sql
  show databases
  ```

  ```sql
  show tables in imdb
  ```

- Get the CREATE TABLE statement from the source:

```sql
  SELECT create_table_query
  FROM system.tables
  WHERE database = 'imdb' AND table = 'actors'
  ```

  Response

  ```sql
  CREATE TABLE imdb.actors (`id` UInt32,
                            `first_name` String,
                            `last_name` String,
                            `gender` FixedString(1))
                  ENGINE = MergeTree
                  ORDER BY (id, first_name, last_name, gender);
  ```

#### On the destination ClickHouse system {#on-the-destination-clickhouse-system}

- Create the destination database:

  ```sql
  CREATE DATABASE imdb
  ```

- Using the CREATE TABLE statement from the source, create the destination:

  ```sql
  CREATE TABLE imdb.actors (`id` UInt32,
                            `first_name` String,
                            `last_name` String,
                            `gender` FixedString(1))
                  ENGINE = MergeTree
                  ORDER BY (id, first_name, last_name, gender);
  ```

#### Back on the source deployment {#back-on-the-source-deployment}

Insert into the new database and table created on the remote system.  You will need the host, port, username, password, destination database, and destination table.

```sql
INSERT INTO FUNCTION
remoteSecure('remote.clickhouse.cloud:9440', 'imdb.actors', 'USER', 'PASSWORD')
SELECT * from imdb.actors
```

## Globbing {#globs-in-addresses}

Patterns in `{ }` are used to generate a set of shards and to specify replicas. If there are multiple pairs of `{ }`, then the direct product of the corresponding sets is generated.

The following pattern types are supported.

- `{a,b,c}` - Represents any of alternative strings `a`, `b` or `c`. The pattern is replaced with `a` in the first shard address and replaced with `b` in the second shard address and so on. For instance, `example0{1,2}-1` generates addresses `example01-1` and `example02-1`.
- `{N..M}` - A range of numbers. This pattern generates shard addresses with incrementing indices from `N` to (and including) `M`. For instance, `example0{1..2}-1` generates `example01-1` and `example02-1`.
- `{0n..0m}` - A range of numbers with leading zeroes. This pattern preserves leading zeroes in indices. For instance, `example{01..03}-1` generates `example01-1`, `example02-1` and `example03-1`.
- `{a|b}` - Any number of variants separated by a `|`. The pattern specifies replicas. For instance, `example01-{1|2}` generates replicas `example01-1` and `example01-2`.

The query will be sent to the first healthy replica. However, for `remote` the replicas are iterated in the order currently set in the [load_balancing](/reference/settings/session-settings#load_balancing) setting.
The number of generated addresses is limited by [table_function_remote_max_addresses](/reference/settings/session-settings#table_function_remote_max_addresses) setting.
",0
"26.7.2.59","timeSeriesData","
`timeSeriesSamples(db_name.time_series_table)` - Returns the [samples](/reference/engines/table-engines/integrations/time-series#samples-table) table
used by table `db_name.time_series_table` whose table engine is [TimeSeries](/reference/engines/table-engines/integrations/time-series):

```sql
CREATE TABLE db_name.time_series_table ENGINE=TimeSeries SAMPLES samples_table
```

The function also works if the _samples_ table is inner:

```sql
CREATE TABLE db_name.time_series_table ENGINE=TimeSeries SAMPLES INNER UUID '01234567-89ab-cdef-0123-456789abcdef'
```

The following queries are equivalent:

```sql
SELECT * FROM timeSeriesSamples(db_name.time_series_table);
SELECT * FROM timeSeriesSamples('db_name.time_series_table');
SELECT * FROM timeSeriesSamples('db_name', 'time_series_table');
```

<Note>
The function `timeSeriesSamples` has an alias `timeSeriesData` which is kept for backwards compatibility.
</Note>
",0
"26.7.2.59","arrowflight","
Allows reading from and writing to data exposed via an [Apache Arrow Flight](/concepts/features/interfaces/arrowflight) server.

**Syntax**

```sql
arrowFlight('host:port', 'dataset_name' [, 'username', 'password'])
```

**Arguments**

- `host:port` — Address of the Arrow Flight server. If the port is omitted, the default port `8815` is used. [String](/reference/data-types/string).
- `dataset_name` — Name of the dataset or descriptor available on the Arrow Flight server. [String](/reference/data-types/string).
- `username` — Username for basic HTTP authentication. [String](/reference/data-types/string).
- `password` — Password for basic HTTP authentication. [String](/reference/data-types/string).

If `username` and `password` are not specified, authentication is not used (this works only if the Arrow Flight server allows unauthenticated access).

The function also supports [named collections](/concepts/features/configuration/server-config/named-collections) — see the [ArrowFlight table engine](/reference/engines/table-engines/integrations/arrowflight#named-collections) for the list of supported parameters.

**Returned value**

A table object representing the remote dataset. The schema is inferred from the Arrow Flight server.

**Settings**

- `arrow_flight_request_descriptor_type` — Controls how the dataset name is sent to the Flight server. Values: `path` (default) or `command`. See the [ArrowFlight table engine](/reference/engines/table-engines/integrations/arrowflight#settings) for details.

**Examples**

Reading from a remote Arrow Flight server:

```sql title=""Query""
SELECT * FROM arrowFlight('127.0.0.1:9005', 'sample_dataset') ORDER BY id;
```

```text title=""Response""
┌─id─┬─name────┬─value─┐
│  1 │ foo     │ 42.1  │
│  2 │ bar     │ 13.3  │
│  3 │ baz     │ 77.0  │
└────┴─────────┴───────┘
```

Inserting data into a remote Arrow Flight server:

```sql
INSERT INTO FUNCTION arrowFlight('127.0.0.1:9005', 'sample_dataset') VALUES (4, 'qux', 99.9);
```

Using a named collection:

```sql
SELECT * FROM arrowFlight(named_collection_name);
```

**See Also**

- [ArrowFlight table engine](/reference/engines/table-engines/integrations/arrowflight)
- [Arrow Flight Interface](/concepts/features/interfaces/arrowflight)
- [Apache Arrow Flight SQL specification](https://arrow.apache.org/docs/format/FlightSql.html)
",0
